frame_number,track_id,label,center_x,center_y,bbox
1,1,car,367,361,"[316, 319, 103, 84]"
1,2,car,119,484,"[51, 423, 137, 122]"
1,3,car,193,388,"[137, 345, 113, 86]"
1,4,car,292,191,"[264, 167, 57, 48]"
1,5,car,831,202,"[795, 170, 73, 64]"
1,6,car,374,231,"[337, 204, 74, 55]"
1,7,car,359,275,"[317, 241, 85, 68]"
1,8,car,450,114,"[424, 93, 52, 43]"
1,9,car,246,218,"[213, 188, 66, 61]"
1,10,bus,150,292,"[76, 193, 148, 199]"
1,11,car,323,166,"[291, 142, 64, 49]"
1,12,car,892,141,"[864, 119, 57, 44]"
1,13,car,1079,280,"[1041, 242, 76, 76]"
1,14,car,939,121,"[914, 100, 51, 43]"
1,15,car,941,74,"[918, 57, 47, 35]"
1,16,car,1064,51,"[1045, 34, 39, 34]"
1,17,bus,38,211,"[0, 109, 76, 204]"
1,18,car,979,54,"[958, 39, 43, 30]"
1,19,car,464,88,"[441, 68, 46, 40]"
1,20,car,907,14,"[889, 1, 36, 27]"
2,1,car,366,360,"[314, 318, 105, 85]"
2,2,car,117,480,"[49, 420, 136, 120]"
2,3,car,194,386,"[138, 344, 112, 85]"
2,4,car,293,190,"[265, 166, 56, 48]"
2,5,car,831,203,"[795, 171, 73, 64]"
2,6,car,375,230,"[337, 202, 76, 57]"
2,7,car,359,274,"[317, 241, 85, 67]"
2,8,car,450,114,"[424, 93, 53, 42]"
2,9,car,247,217,"[214, 187, 66, 61]"
2,10,bus,150,291,"[76, 191, 148, 200]"
2,11,car,323,166,"[291, 142, 64, 49]"
2,12,car,892,141,"[864, 119, 57, 44]"
2,13,car,1092,281,"[1055, 243, 75, 76]"
2,14,car,939,122,"[915, 101, 49, 42]"
2,15,car,940,75,"[916, 57, 49, 36]"
2,16,car,1063,52,"[1044, 36, 39, 33]"
2,17,bus,38,210,"[0, 108, 76, 204]"
2,18,car,977,53,"[955, 38, 45, 31]"
2,19,car,464,87,"[442, 67, 45, 41]"
3,1,car,366,359,"[314, 317, 104, 85]"
3,2,car,118,478,"[50, 418, 136, 120]"
3,3,car,193,384,"[137, 342, 112, 85]"
3,4,car,293,189,"[265, 165, 57, 48]"
3,5,car,832,203,"[796, 171, 72, 64]"
3,6,car,375,230,"[337, 202, 76, 56]"
3,7,car,359,273,"[317, 239, 85, 68]"
3,8,car,451,114,"[425, 93, 52, 42]"
3,9,car,247,217,"[215, 187, 65, 60]"
3,10,bus,151,290,"[77, 191, 148, 199]"
3,11,car,323,166,"[292, 142, 63, 48]"
3,12,car,892,142,"[863, 119, 59, 46]"
3,13,car,1096,282,"[1058, 244, 76, 76]"
3,14,car,939,122,"[914, 101, 50, 43]"
3,15,car,938,75,"[914, 57, 48, 36]"
3,16,car,1062,53,"[1043, 37, 39, 33]"
3,17,bus,38,210,"[0, 107, 77, 207]"
3,18,car,975,54,"[953, 38, 45, 32]"
3,19,car,465,87,"[443, 67, 45, 40]"
3,21,truck,38,211,"[0, 107, 77, 209]"
3,22,truck,151,290,"[78, 190, 147, 200]"
4,1,car,365,358,"[314, 316, 103, 84]"
4,2,car,118,476,"[51, 417, 134, 119]"
4,3,car,193,382,"[138, 340, 111, 85]"
4,4,car,295,188,"[267, 165, 56, 47]"
4,5,car,832,204,"[796, 172, 73, 64]"
4,6,car,375,229,"[338, 201, 75, 56]"
4,7,car,360,271,"[318, 238, 84, 67]"
4,8,car,453,113,"[427, 92, 52, 43]"
4,9,car,247,216,"[215, 187, 65, 59]"
4,10,bus,151,289,"[77, 190, 148, 199]"
4,11,car,325,165,"[294, 141, 62, 48]"
4,12,car,892,142,"[863, 119, 59, 47]"
4,13,car,1100,283,"[1061, 245, 78, 77]"
4,14,car,939,122,"[914, 101, 50, 43]"
4,15,car,937,75,"[912, 57, 50, 37]"
4,16,car,1061,54,"[1042, 37, 39, 34]"
4,17,truck,39,210,"[0, 106, 78, 208]"
4,18,car,974,54,"[951, 38, 46, 33]"
4,19,car,466,86,"[443, 66, 46, 41]"
4,21,bus,39,209,"[1, 107, 76, 204]"
4,22,truck,151,289,"[77, 189, 148, 200]"
5,1,car,365,356,"[314, 314, 103, 84]"
5,2,car,118,474,"[52, 415, 133, 118]"
5,3,car,194,381,"[139, 339, 111, 84]"
5,4,car,296,188,"[267, 163, 59, 50]"
5,5,car,833,205,"[797, 173, 73, 65]"
5,6,car,376,228,"[338, 200, 76, 56]"
5,7,car,361,271,"[319, 238, 84, 66]"
5,8,car,454,114,"[429, 93, 51, 42]"
5,9,car,249,216,"[217, 187, 65, 59]"
5,10,bus,152,287,"[79, 189, 146, 197]"
5,11,car,326,165,"[296, 141, 61, 48]"
5,12,car,892,144,"[862, 120, 61, 48]"
5,13,car,1102,284,"[1063, 246, 79, 77]"
5,14,car,939,123,"[914, 102, 51, 43]"
5,15,car,935,75,"[911, 57, 49, 37]"
5,16,car,1061,54,"[1041, 37, 40, 34]"
5,17,truck,40,209,"[1, 105, 78, 209]"
5,18,car,973,55,"[950, 39, 47, 32]"
5,19,car,467,86,"[445, 67, 44, 39]"
5,21,bus,39,207,"[2, 106, 75, 203]"
5,26,car,1084,284,"[1049, 246, 70, 76]"
6,1,car,366,355,"[315, 313, 102, 84]"
6,2,car,119,469,"[51, 409, 136, 121]"
6,3,car,196,379,"[142, 338, 108, 83]"
6,4,car,297,187,"[268, 162, 59, 50]"
6,5,car,834,206,"[798, 174, 73, 64]"
6,6,car,377,226,"[339, 198, 77, 57]"
6,7,car,361,270,"[319, 237, 84, 66]"
6,8,car,456,113,"[430, 92, 52, 43]"
6,9,car,250,215,"[218, 186, 65, 59]"
6,10,bus,153,284,"[81, 187, 144, 195]"
6,11,car,328,164,"[298, 140, 61, 48]"
6,12,car,893,145,"[862, 120, 63, 50]"
6,13,car,1106,285,"[1066, 247, 80, 77]"
6,14,car,939,123,"[914, 102, 51, 43]"
6,15,car,934,77,"[910, 59, 49, 36]"
6,16,car,1060,55,"[1040, 38, 40, 34]"
6,17,truck,41,209,"[2, 105, 78, 209]"
6,18,car,973,55,"[950, 39, 46, 33]"
6,19,car,468,86,"[446, 67, 44, 38]"
6,27,car,825,33,"[805, 17, 40, 33]"
6,28,car,564,73,"[540, 47, 49, 53]"
7,1,car,366,352,"[316, 312, 100, 81]"
7,2,car,118,467,"[51, 407, 134, 120]"
7,3,car,196,378,"[142, 336, 109, 84]"
7,4,car,298,186,"[269, 162, 58, 49]"
7,5,car,835,207,"[799, 175, 73, 64]"
7,6,car,378,226,"[340, 197, 77, 58]"
7,7,car,361,268,"[320, 236, 83, 65]"
7,8,car,458,113,"[431, 91, 54, 44]"
7,9,car,251,215,"[220, 186, 63, 58]"
7,10,bus,153,283,"[82, 187, 143, 192]"
7,11,car,329,163,"[299, 139, 61, 48]"
7,12,car,894,145,"[863, 121, 62, 49]"
7,13,car,1109,288,"[1069, 250, 81, 76]"
7,14,car,939,123,"[914, 102, 51, 43]"
7,15,car,934,77,"[910, 59, 49, 37]"
7,16,car,1059,55,"[1039, 38, 40, 34]"
7,17,truck,41,209,"[2, 105, 79, 208]"
7,18,car,972,56,"[950, 40, 45, 32]"
7,19,car,469,86,"[448, 67, 43, 38]"
7,27,car,826,33,"[807, 17, 39, 32]"
7,28,car,566,73,"[542, 47, 49, 53]"
7,29,truck,153,284,"[80, 187, 147, 194]"
8,1,car,365,351,"[316, 311, 99, 80]"
8,2,car,117,464,"[51, 404, 133, 120]"
8,3,car,196,377,"[141, 335, 111, 85]"
8,4,car,299,185,"[270, 161, 58, 48]"
8,5,car,836,207,"[800, 175, 72, 64]"
8,6,car,380,224,"[342, 196, 76, 57]"
8,7,car,361,267,"[321, 235, 81, 64]"
8,8,car,460,112,"[433, 90, 54, 44]"
8,9,car,251,214,"[220, 185, 63, 58]"
8,10,bus,153,282,"[82, 186, 143, 192]"
8,11,car,331,160,"[301, 137, 61, 47]"
8,12,car,894,146,"[863, 121, 62, 50]"
8,13,car,1113,288,"[1072, 251, 82, 75]"
8,14,car,939,124,"[914, 102, 51, 44]"
8,15,car,933,77,"[909, 59, 49, 37]"
8,16,car,1058,55,"[1039, 38, 39, 34]"
8,17,truck,42,207,"[3, 104, 78, 206]"
8,18,car,972,56,"[950, 40, 44, 32]"
8,19,car,470,85,"[449, 67, 43, 37]"
8,27,car,828,32,"[810, 17, 37, 30]"
8,28,car,567,73,"[542, 46, 50, 54]"
8,29,truck,153,284,"[79, 186, 149, 196]"
9,1,car,364,349,"[315, 309, 99, 80]"
9,2,car,117,461,"[51, 402, 132, 118]"
9,3,car,197,376,"[142, 334, 111, 84]"
9,4,car,299,184,"[270, 160, 59, 49]"
9,5,car,837,208,"[800, 176, 74, 64]"
9,6,car,381,222,"[343, 194, 76, 57]"
9,7,car,361,264,"[321, 233, 80, 63]"
9,8,car,462,111,"[436, 90, 53, 43]"
9,9,car,252,212,"[219, 183, 66, 59]"
9,10,bus,154,281,"[83, 186, 143, 191]"
9,11,car,332,159,"[302, 136, 61, 47]"
9,12,car,894,146,"[863, 122, 63, 49]"
9,13,car,1115,289,"[1073, 252, 84, 75]"
9,14,car,938,124,"[913, 102, 51, 44]"
9,15,car,932,77,"[907, 59, 50, 37]"
9,16,car,1057,55,"[1038, 39, 39, 33]"
9,17,bus,42,206,"[3, 104, 78, 205]"
9,18,car,971,57,"[949, 41, 44, 32]"
9,19,car,472,85,"[451, 66, 43, 38]"
9,27,car,830,32,"[812, 17, 37, 30]"
9,28,car,568,73,"[543, 46, 50, 54]"
9,29,truck,154,283,"[81, 186, 147, 195]"
10,1,car,364,347,"[315, 307, 99, 80]"
10,2,car,117,459,"[53, 401, 129, 116]"
10,3,car,198,374,"[142, 331, 112, 86]"
10,4,car,300,183,"[271, 159, 59, 49]"
10,5,car,838,208,"[801, 176, 74, 65]"
10,6,car,381,222,"[344, 194, 75, 56]"
10,7,car,361,263,"[321, 231, 81, 64]"
10,8,car,464,111,"[438, 90, 53, 43]"
10,9,car,253,211,"[220, 181, 66, 60]"
10,10,bus,155,281,"[84, 185, 143, 192]"
10,11,car,333,159,"[302, 135, 62, 48]"
10,12,car,895,147,"[864, 122, 62, 50]"
10,13,car,1117,291,"[1074, 253, 86, 76]"
10,14,car,938,124,"[913, 103, 51, 43]"
10,15,car,931,77,"[906, 59, 50, 37]"
10,16,car,1056,56,"[1037, 40, 39, 32]"
10,17,truck,42,205,"[3, 103, 79, 204]"
10,18,car,970,57,"[948, 42, 44, 31]"
10,19,car,475,85,"[453, 66, 44, 38]"
10,27,car,832,31,"[814, 17, 36, 29]"
10,28,car,568,72,"[544, 46, 49, 53]"
10,29,truck,155,282,"[82, 185, 146, 194]"
10,30,car,1082,31,"[1062, 17, 41, 28]"
11,1,car,364,345,"[315, 305, 99, 80]"
11,2,car,117,457,"[55, 401, 125, 113]"
11,3,car,199,372,"[144, 331, 110, 83]"
11,4,car,302,183,"[273, 159, 58, 49]"
11,5,car,839,209,"[802, 177, 74, 65]"
11,6,car,382,221,"[344, 193, 76, 57]"
11,7,car,362,262,"[321, 230, 82, 64]"
11,8,car,465,111,"[440, 90, 51, 42]"
11,9,car,255,210,"[222, 180, 66, 61]"
11,10,bus,156,280,"[84, 184, 144, 193]"
11,11,car,333,158,"[303, 134, 61, 48]"
11,12,car,896,148,"[866, 123, 61, 50]"
11,13,car,1119,292,"[1075, 254, 89, 77]"
11,14,car,938,124,"[913, 103, 51, 43]"
11,15,car,930,78,"[906, 60, 48, 36]"
11,16,car,1055,55,"[1036, 39, 39, 33]"
11,17,truck,43,204,"[4, 103, 79, 203]"
11,18,car,969,58,"[947, 43, 44, 31]"
11,28,car,569,72,"[544, 46, 50, 53]"
11,29,truck,156,281,"[83, 184, 147, 195]"
11,30,car,1082,31,"[1062, 17, 40, 29]"
11,31,bus,42,203,"[0, 103, 85, 201]"
12,1,car,364,343,"[314, 302, 101, 82]"
12,2,car,117,456,"[55, 399, 124, 114]"
12,3,car,200,370,"[146, 329, 108, 82]"
12,4,car,303,183,"[275, 159, 57, 48]"
12,5,car,839,210,"[802, 178, 75, 65]"
12,6,car,383,220,"[345, 192, 76, 57]"
12,7,car,363,262,"[323, 230, 81, 64]"
12,8,car,466,111,"[441, 91, 50, 40]"
12,9,car,256,210,"[223, 180, 66, 60]"
12,10,bus,157,279,"[85, 183, 144, 193]"
12,11,car,335,158,"[304, 134, 62, 48]"
12,12,car,898,148,"[867, 124, 62, 49]"
12,13,car,1122,294,"[1077, 255, 91, 78]"
12,14,car,938,125,"[913, 103, 50, 44]"
12,15,car,929,78,"[905, 60, 48, 36]"
12,16,car,1054,55,"[1035, 39, 39, 33]"
12,17,bus,44,203,"[5, 103, 79, 201]"
12,18,car,967,59,"[946, 44, 43, 31]"
12,30,car,1081,31,"[1061, 17, 41, 29]"
12,31,truck,43,203,"[1, 103, 85, 201]"
12,19,car,478,84,"[457, 66, 42, 36]"
13,1,car,363,342,"[314, 303, 99, 79]"
13,2,car,116,453,"[54, 396, 125, 114]"
13,3,car,199,368,"[145, 328, 108, 81]"
13,4,car,304,182,"[276, 159, 56, 47]"
13,5,car,839,211,"[801, 178, 77, 67]"
13,6,car,383,219,"[345, 191, 76, 57]"
13,7,car,363,260,"[322, 228, 82, 65]"
13,8,car,466,110,"[442, 91, 48, 39]"
13,9,car,256,210,"[223, 180, 66, 60]"
13,10,bus,157,278,"[85, 182, 145, 193]"
13,11,car,335,158,"[305, 134, 61, 48]"
13,12,car,898,148,"[868, 124, 61, 49]"
13,13,car,1125,295,"[1079, 256, 93, 79]"
13,14,car,937,125,"[912, 103, 51, 44]"
13,15,car,928,78,"[905, 61, 46, 35]"
13,16,car,1053,55,"[1033, 39, 40, 33]"
13,17,bus,44,202,"[5, 102, 79, 201]"
13,18,car,966,60,"[945, 45, 43, 30]"
13,31,truck,44,203,"[1, 102, 86, 202]"
13,19,car,479,83,"[458, 65, 42, 36]"
14,1,car,363,340,"[313, 300, 100, 80]"
14,2,car,115,450,"[53, 394, 124, 113]"
14,3,car,200,366,"[146, 326, 108, 81]"
14,4,car,304,182,"[276, 158, 57, 48]"
14,5,car,840,212,"[802, 179, 76, 67]"
14,6,car,383,219,"[346, 191, 74, 56]"
14,7,car,364,259,"[323, 227, 82, 65]"
14,8,car,466,110,"[442, 90, 49, 40]"
14,9,car,256,209,"[224, 180, 65, 59]"
14,10,bus,157,276,"[85, 179, 144, 194]"
14,11,car,336,157,"[306, 133, 61, 48]"
14,12,car,898,149,"[868, 125, 61, 48]"
14,13,car,1127,296,"[1081, 257, 93, 78]"
14,14,car,937,125,"[911, 103, 52, 44]"
14,15,car,927,78,"[904, 60, 47, 36]"
14,16,car,1052,56,"[1032, 40, 40, 33]"
14,17,bus,45,203,"[5, 102, 81, 202]"
14,18,car,965,60,"[944, 45, 43, 31]"
14,31,truck,45,202,"[2, 101, 86, 203]"
14,19,car,480,82,"[459, 64, 42, 37]"
14,32,car,681,699,"[590, 680, 183, 38]"
15,1,car,362,338,"[313, 299, 98, 78]"
15,2,car,114,449,"[53, 394, 123, 111]"
15,3,car,202,363,"[150, 324, 105, 79]"
15,4,car,305,181,"[277, 157, 57, 48]"
15,5,car,840,213,"[802, 180, 76, 67]"
15,6,car,383,218,"[346, 190, 75, 56]"
15,7,car,363,258,"[323, 226, 81, 64]"
15,8,car,469,109,"[444, 89, 50, 41]"
15,9,car,257,209,"[224, 179, 66, 60]"
15,10,bus,157,274,"[86, 178, 143, 193]"
15,11,car,337,156,"[307, 132, 61, 48]"
15,12,car,899,149,"[869, 125, 60, 48]"
15,13,car,1130,297,"[1083, 259, 94, 77]"
15,14,car,936,126,"[910, 104, 53, 45]"
15,15,car,926,79,"[903, 62, 47, 35]"
15,16,car,1051,57,"[1031, 40, 41, 34]"
15,18,car,963,60,"[942, 46, 42, 29]"
15,19,car,481,82,"[460, 64, 43, 37]"
15,32,car,677,696,"[573, 675, 209, 43]"
15,33,truck,157,274,"[85, 177, 145, 194]"
15,27,car,839,30,"[821, 16, 36, 29]"
15,28,car,571,72,"[546, 46, 50, 53]"
15,30,car,1076,32,"[1056, 18, 40, 29]"
16,1,car,362,336,"[314, 297, 97, 78]"
16,2,car,114,448,"[54, 394, 120, 109]"
16,3,car,204,362,"[152, 323, 104, 78]"
16,4,car,308,180,"[279, 156, 58, 48]"
16,5,car,840,214,"[802, 181, 76, 66]"
16,6,car,384,218,"[347, 190, 75, 56]"
16,7,car,363,256,"[323, 224, 81, 65]"
16,8,car,471,108,"[445, 87, 52, 42]"
16,9,car,258,208,"[225, 179, 66, 59]"
16,10,bus,158,273,"[86, 176, 144, 195]"
16,11,car,339,155,"[309, 132, 60, 47]"
16,12,car,900,150,"[870, 126, 60, 48]"
16,13,car,1133,299,"[1086, 260, 95, 78]"
16,14,car,937,127,"[910, 104, 54, 47]"
16,15,car,925,81,"[903, 65, 45, 32]"
16,16,car,1051,58,"[1030, 41, 42, 34]"
16,18,car,962,60,"[942, 46, 41, 29]"
16,19,car,482,81,"[461, 63, 42, 37]"
16,32,car,669,694,"[554, 670, 230, 48]"
16,33,truck,157,274,"[85, 177, 145, 194]"
16,27,car,841,31,"[823, 16, 36, 30]"
16,17,truck,46,202,"[5, 101, 82, 203]"
17,1,car,362,335,"[314, 297, 96, 76]"
17,2,car,114,447,"[55, 393, 119, 108]"
17,3,car,205,360,"[153, 321, 104, 79]"
17,4,car,309,179,"[280, 154, 58, 50]"
17,5,car,841,215,"[803, 182, 76, 66]"
17,6,car,386,217,"[349, 189, 74, 56]"
17,7,car,364,255,"[324, 223, 80, 64]"
17,8,car,473,108,"[447, 87, 52, 42]"
17,9,car,258,207,"[226, 178, 65, 58]"
17,10,truck,158,272,"[87, 176, 143, 192]"
17,11,car,340,155,"[310, 131, 61, 48]"
17,12,car,900,150,"[870, 126, 61, 49]"
17,13,car,1137,300,"[1089, 261, 97, 79]"
17,14,car,937,128,"[911, 105, 53, 46]"
17,15,car,925,82,"[902, 65, 47, 34]"
17,16,car,1049,59,"[1029, 42, 41, 34]"
17,18,car,961,61,"[941, 47, 41, 29]"
17,19,car,482,81,"[461, 63, 42, 36]"
17,32,car,659,691,"[534, 665, 250, 53]"
17,27,car,842,31,"[824, 16, 37, 30]"
17,17,truck,46,202,"[5, 100, 83, 204]"
17,30,car,1073,32,"[1052, 17, 43, 30]"
18,1,car,361,332,"[314, 295, 95, 75]"
18,2,car,114,444,"[54, 390, 120, 109]"
18,3,car,206,360,"[154, 321, 104, 78]"
18,4,car,309,178,"[280, 153, 59, 50]"
18,5,car,842,216,"[804, 183, 76, 67]"
18,6,car,387,215,"[351, 188, 73, 55]"
18,7,car,364,254,"[324, 223, 80, 63]"
18,8,car,474,107,"[448, 86, 52, 42]"
18,9,car,259,207,"[227, 178, 64, 58]"
18,10,truck,159,271,"[87, 175, 144, 193]"
18,11,car,341,155,"[311, 131, 61, 48]"
18,12,car,901,151,"[871, 127, 60, 49]"
18,13,car,1141,302,"[1092, 262, 99, 80]"
18,14,car,937,129,"[911, 106, 53, 46]"
18,15,car,924,82,"[900, 65, 48, 35]"
18,16,car,1048,60,"[1029, 44, 39, 32]"
18,18,car,960,61,"[939, 47, 43, 29]"
18,32,car,649,689,"[516, 661, 266, 57]"
18,27,car,844,30,"[825, 15, 38, 31]"
18,17,truck,47,201,"[5, 101, 84, 201]"
19,1,car,361,331,"[314, 294, 94, 74]"
19,2,car,114,443,"[54, 389, 120, 109]"
19,3,car,208,358,"[155, 319, 106, 79]"
19,4,car,310,177,"[281, 153, 58, 49]"
19,5,car,843,217,"[805, 184, 77, 67]"
19,6,car,388,214,"[352, 187, 72, 54]"
19,7,car,364,253,"[324, 222, 80, 63]"
19,8,car,475,106,"[449, 85, 53, 43]"
19,9,car,260,206,"[228, 178, 64, 57]"
19,10,truck,160,271,"[88, 174, 144, 195]"
19,11,car,343,154,"[313, 131, 60, 46]"
19,12,car,901,151,"[871, 127, 61, 49]"
19,13,car,1145,304,"[1095, 264, 100, 80]"
19,14,car,937,129,"[911, 106, 52, 46]"
19,15,car,921,82,"[897, 65, 48, 35]"
19,16,car,1047,60,"[1028, 44, 39, 32]"
19,18,car,959,62,"[938, 47, 42, 30]"
19,32,car,644,686,"[501, 655, 287, 63]"
19,17,truck,47,201,"[5, 101, 84, 200]"
19,30,car,1070,31,"[1049, 16, 43, 31]"
20,1,car,361,328,"[313, 290, 97, 77]"
20,2,car,114,441,"[55, 388, 118, 107]"
20,3,car,208,357,"[155, 318, 107, 79]"
20,4,car,312,176,"[284, 153, 56, 47]"
20,5,car,844,218,"[806, 184, 77, 68]"
20,6,car,389,212,"[354, 186, 71, 53]"
20,7,car,365,252,"[325, 220, 80, 64]"
20,8,car,477,106,"[451, 85, 53, 43]"
20,9,car,261,205,"[229, 176, 65, 58]"
20,10,truck,161,271,"[90, 174, 143, 194]"
20,11,car,345,153,"[315, 130, 60, 47]"
20,12,car,902,152,"[872, 127, 61, 50]"
20,13,car,1147,305,"[1097, 265, 101, 80]"
20,14,car,937,129,"[911, 107, 52, 45]"
20,15,car,919,82,"[895, 64, 49, 36]"
20,16,car,1046,60,"[1027, 44, 39, 32]"
20,18,car,958,61,"[937, 46, 43, 31]"
20,32,car,639,684,"[490, 651, 298, 66]"
20,17,truck,47,200,"[5, 100, 85, 200]"
20,30,car,1069,31,"[1048, 16, 43, 31]"
20,27,car,848,30,"[829, 15, 38, 31]"
21,1,car,362,326,"[312, 287, 100, 79]"
21,2,car,113,439,"[56, 387, 115, 105]"
21,3,car,210,356,"[157, 317, 107, 79]"
21,4,car,313,176,"[286, 153, 55, 47]"
21,5,car,845,219,"[806, 185, 78, 69]"
21,6,car,390,211,"[355, 184, 71, 54]"
21,7,car,365,250,"[326, 219, 79, 63]"
21,8,car,479,106,"[453, 86, 52, 41]"
21,9,car,264,203,"[231, 175, 66, 57]"
21,10,truck,163,270,"[92, 174, 142, 192]"
21,11,car,347,153,"[318, 130, 59, 46]"
21,12,car,903,153,"[873, 128, 61, 50]"
21,13,car,1150,307,"[1099, 267, 103, 80]"
21,14,car,937,130,"[912, 108, 50, 44]"
21,15,car,918,81,"[894, 63, 49, 37]"
21,16,car,1045,60,"[1026, 44, 39, 32]"
21,18,car,957,61,"[936, 46, 43, 31]"
21,32,car,632,681,"[472, 645, 321, 73]"
21,17,truck,48,199,"[5, 99, 86, 200]"
21,30,car,1068,31,"[1047, 16, 43, 31]"
22,1,car,362,325,"[313, 286, 99, 79]"
22,2,car,113,437,"[55, 385, 116, 105]"
22,3,car,211,357,"[157, 316, 109, 82]"
22,4,car,314,176,"[287, 153, 55, 46]"
22,5,car,846,219,"[807, 185, 78, 69]"
22,6,car,392,210,"[356, 183, 72, 54]"
22,7,car,366,249,"[327, 218, 79, 62]"
22,8,car,480,106,"[454, 85, 52, 42]"
22,9,car,264,203,"[232, 174, 65, 58]"
22,10,truck,163,268,"[93, 173, 141, 191]"
22,11,car,348,153,"[319, 130, 59, 46]"
22,12,car,904,154,"[874, 129, 61, 50]"
22,13,car,1153,308,"[1101, 267, 105, 82]"
22,14,car,937,131,"[912, 109, 50, 44]"
22,15,car,917,82,"[892, 63, 51, 38]"
22,16,car,1045,61,"[1025, 46, 40, 31]"
22,18,car,956,62,"[935, 47, 43, 30]"
22,32,car,626,680,"[461, 641, 331, 78]"
22,17,truck,48,199,"[4, 99, 88, 200]"
22,30,car,1067,32,"[1045, 16, 44, 32]"
22,27,car,850,30,"[832, 15, 37, 31]"
23,1,car,361,324,"[313, 286, 97, 77]"
23,2,car,112,434,"[55, 382, 115, 104]"
23,3,car,211,359,"[152, 314, 118, 90]"
23,4,car,315,175,"[288, 153, 55, 45]"
23,5,car,847,220,"[808, 186, 78, 69]"
23,6,car,393,210,"[357, 183, 72, 54]"
23,7,car,366,248,"[328, 218, 77, 61]"
23,8,car,481,106,"[455, 85, 52, 42]"
23,9,car,265,202,"[233, 173, 65, 58]"
23,10,truck,164,267,"[94, 173, 140, 188]"
23,11,car,349,153,"[320, 130, 59, 46]"
23,12,car,905,155,"[874, 130, 62, 50]"
23,13,car,1156,309,"[1103, 268, 106, 82]"
23,14,car,936,131,"[911, 109, 51, 45]"
23,15,car,917,82,"[892, 64, 50, 37]"
23,16,car,1044,62,"[1025, 46, 39, 32]"
23,18,car,955,62,"[934, 47, 42, 30]"
23,32,car,621,676,"[454, 636, 334, 81]"
23,17,truck,48,199,"[4, 99, 88, 200]"
23,30,car,1066,32,"[1044, 16, 44, 33]"
23,27,car,852,30,"[833, 15, 38, 31]"
24,1,car,361,323,"[313, 285, 97, 77]"
24,2,car,112,430,"[53, 377, 118, 107]"
24,3,car,212,353,"[158, 312, 109, 82]"
24,4,car,316,175,"[288, 152, 56, 46]"
24,5,car,848,221,"[809, 187, 78, 69]"
24,6,car,394,208,"[357, 180, 74, 56]"
24,7,car,366,247,"[327, 216, 78, 62]"
24,8,car,481,105,"[455, 85, 52, 41]"
24,9,car,266,201,"[233, 173, 66, 57]"
24,10,truck,164,265,"[95, 172, 139, 187]"
24,11,car,349,152,"[320, 129, 59, 46]"
24,12,car,905,156,"[875, 131, 61, 50]"
24,13,car,1159,310,"[1106, 269, 106, 82]"
24,14,car,935,132,"[910, 110, 51, 44]"
24,15,car,916,83,"[891, 64, 50, 38]"
24,16,car,1043,62,"[1023, 46, 40, 32]"
24,18,car,953,63,"[932, 48, 43, 30]"
24,32,car,615,674,"[444, 631, 342, 86]"
24,17,truck,48,199,"[4, 99, 89, 200]"
24,30,car,1064,32,"[1043, 17, 43, 31]"
25,1,car,362,322,"[313, 283, 98, 78]"
25,2,car,112,429,"[53, 375, 119, 108]"
25,3,car,212,354,"[155, 310, 115, 88]"
25,4,car,317,173,"[289, 150, 57, 47]"
25,5,car,849,223,"[810, 189, 78, 68]"
25,6,car,394,207,"[357, 179, 74, 56]"
25,7,car,366,245,"[327, 214, 79, 63]"
25,8,car,481,105,"[456, 84, 51, 42]"
25,9,car,267,200,"[234, 172, 66, 57]"
25,10,truck,165,265,"[95, 171, 140, 188]"
25,11,car,351,152,"[322, 129, 58, 46]"
25,12,car,906,156,"[876, 132, 60, 49]"
25,13,car,1162,311,"[1109, 271, 107, 81]"
25,14,car,935,132,"[910, 110, 51, 45]"
25,15,car,914,84,"[890, 66, 49, 37]"
25,16,car,1042,62,"[1023, 47, 39, 31]"
25,18,car,952,63,"[930, 48, 44, 31]"
25,32,car,610,672,"[436, 627, 348, 90]"
25,17,truck,49,198,"[4, 98, 90, 200]"
25,30,car,1063,33,"[1042, 18, 42, 31]"
25,27,car,854,30,"[836, 15, 37, 30]"
26,1,car,362,320,"[312, 280, 101, 80]"
26,2,car,113,427,"[54, 374, 118, 107]"
26,3,car,214,349,"[161, 309, 107, 81]"
26,4,car,319,173,"[291, 150, 56, 47]"
26,5,car,849,223,"[811, 190, 77, 67]"
26,6,car,394,205,"[358, 177, 73, 56]"
26,7,car,367,245,"[327, 213, 80, 64]"
26,8,car,483,104,"[458, 84, 51, 41]"
26,9,car,266,200,"[233, 171, 66, 58]"
26,10,truck,166,265,"[96, 171, 140, 189]"
26,11,car,353,151,"[324, 129, 58, 45]"
26,12,car,906,157,"[877, 133, 59, 49]"
26,13,car,1167,312,"[1114, 272, 106, 81]"
26,14,car,935,133,"[910, 111, 51, 44]"
26,15,car,913,84,"[888, 65, 51, 38]"
26,16,car,1041,62,"[1021, 47, 40, 31]"
26,18,car,950,64,"[928, 48, 45, 32]"
26,32,car,605,669,"[430, 622, 351, 95]"
26,17,truck,49,197,"[4, 98, 91, 199]"
26,30,car,1061,33,"[1041, 18, 41, 31]"
26,27,car,856,29,"[839, 15, 35, 29]"
27,1,car,360,318,"[313, 281, 95, 75]"
27,2,car,113,424,"[54, 370, 118, 108]"
27,3,car,217,347,"[165, 308, 104, 78]"
27,4,car,320,172,"[292, 149, 56, 47]"
27,5,car,851,224,"[812, 191, 78, 67]"
27,6,car,395,204,"[360, 176, 71, 56]"
27,7,car,367,243,"[327, 212, 81, 63]"
27,8,car,486,103,"[460, 82, 52, 42]"
27,9,car,264,198,"[231, 169, 67, 58]"
27,10,truck,166,265,"[97, 171, 139, 188]"
27,11,car,354,151,"[325, 129, 58, 45]"
27,12,car,906,158,"[877, 134, 59, 48]"
27,13,car,1177,314,"[1123, 273, 108, 83]"
27,14,car,935,133,"[910, 111, 51, 45]"
27,15,car,912,84,"[887, 65, 50, 39]"
27,16,car,1040,62,"[1020, 47, 40, 31]"
27,18,car,949,65,"[927, 49, 45, 32]"
27,32,car,601,667,"[425, 618, 352, 99]"
27,17,truck,50,196,"[4, 97, 92, 199]"
28,1,car,370,315,"[320, 277, 100, 77]"
28,2,car,113,422,"[52, 366, 122, 112]"
28,3,car,218,345,"[167, 307, 103, 77]"
28,4,car,320,172,"[292, 149, 56, 47]"
28,5,car,851,226,"[812, 192, 79, 68]"
28,6,car,396,203,"[361, 176, 71, 55]"
28,7,car,368,242,"[328, 211, 80, 63]"
28,8,car,488,103,"[462, 82, 52, 43]"
28,9,car,267,198,"[233, 169, 68, 58]"
28,10,truck,167,263,"[97, 169, 140, 188]"
28,11,car,355,151,"[326, 128, 59, 46]"
28,12,car,907,158,"[878, 135, 59, 47]"
28,13,car,1181,315,"[1128, 274, 107, 83]"
28,14,car,935,133,"[910, 111, 51, 45]"
28,15,car,911,85,"[887, 66, 49, 38]"
28,16,car,1039,63,"[1018, 47, 42, 32]"
28,18,car,949,65,"[926, 49, 46, 32]"
28,32,car,596,665,"[421, 614, 350, 103]"
28,17,truck,50,195,"[4, 96, 93, 199]"
29,1,car,363,315,"[316, 279, 95, 73]"
29,2,car,112,420,"[52, 364, 121, 112]"
29,3,car,219,344,"[168, 305, 103, 78]"
29,4,car,321,171,"[293, 148, 56, 47]"
29,5,car,853,227,"[814, 193, 78, 69]"
29,6,car,396,203,"[362, 176, 69, 54]"
29,7,car,368,241,"[328, 210, 80, 63]"
29,8,car,488,103,"[463, 82, 51, 42]"
29,9,car,269,197,"[235, 169, 68, 57]"
29,10,truck,167,262,"[98, 168, 139, 188]"
29,11,car,356,151,"[327, 128, 59, 46]"
29,12,car,907,160,"[878, 136, 59, 48]"
29,13,car,1184,317,"[1131, 276, 106, 83]"
29,14,car,935,134,"[909, 111, 52, 46]"
29,15,car,911,85,"[887, 66, 48, 38]"
29,16,car,1038,63,"[1017, 48, 42, 31]"
29,18,car,948,65,"[926, 49, 45, 32]"
29,32,car,591,663,"[416, 610, 350, 107]"
29,17,truck,50,193,"[4, 95, 93, 197]"
30,1,car,360,314,"[313, 278, 94, 72]"
30,2,car,112,417,"[53, 362, 119, 110]"
30,3,car,220,343,"[168, 304, 104, 79]"
30,4,car,322,171,"[294, 148, 57, 47]"
30,5,car,853,228,"[814, 194, 79, 69]"
30,6,car,398,203,"[364, 176, 69, 54]"
30,7,car,368,240,"[329, 209, 79, 63]"
30,8,car,490,102,"[464, 82, 52, 41]"
30,9,car,270,197,"[237, 169, 67, 57]"
30,10,truck,167,258,"[100, 168, 135, 181]"
30,11,car,357,151,"[328, 128, 59, 46]"
30,12,car,908,161,"[878, 137, 60, 48]"
30,13,car,1187,318,"[1134, 277, 106, 83]"
30,14,car,935,135,"[909, 112, 52, 46]"
30,15,car,910,85,"[886, 66, 49, 39]"
30,16,car,1037,63,"[1016, 47, 43, 33]"
30,18,car,947,65,"[925, 50, 44, 31]"
30,32,car,585,662,"[412, 606, 347, 112]"
30,17,truck,51,191,"[5, 95, 92, 193]"
31,1,car,360,313,"[312, 276, 96, 74]"
31,2,car,113,416,"[55, 363, 116, 107]"
31,3,car,222,341,"[170, 302, 105, 79]"
31,4,car,324,170,"[296, 147, 56, 47]"
31,5,car,854,229,"[815, 194, 79, 70]"
31,6,car,399,201,"[364, 174, 71, 55]"
31,7,car,369,239,"[330, 208, 78, 63]"
31,8,car,491,101,"[465, 80, 52, 43]"
31,9,car,271,196,"[238, 168, 66, 56]"
31,10,truck,167,255,"[102, 167, 131, 177]"
31,11,car,358,150,"[329, 127, 58, 47]"
31,12,car,909,161,"[879, 137, 60, 48]"
31,13,car,1189,320,"[1136, 279, 107, 83]"
31,14,car,935,135,"[909, 112, 52, 46]"
31,15,car,910,85,"[885, 66, 50, 39]"
31,16,car,1037,63,"[1015, 47, 44, 33]"
31,18,car,946,65,"[925, 50, 43, 31]"
31,32,car,581,659,"[406, 601, 350, 117]"
31,17,truck,51,191,"[5, 95, 93, 192]"
31,30,car,1057,34,"[1036, 18, 42, 32]"
32,1,car,360,311,"[312, 275, 96, 73]"
32,2,car,112,416,"[55, 363, 115, 106]"
32,3,car,223,340,"[172, 302, 102, 77]"
32,4,car,325,170,"[297, 147, 56, 46]"
32,5,car,855,230,"[815, 195, 81, 70]"
32,6,car,399,200,"[363, 172, 73, 56]"
32,7,car,369,238,"[331, 208, 77, 61]"
32,8,car,492,101,"[466, 80, 52, 43]"
32,9,car,272,196,"[239, 168, 66, 56]"
32,10,truck,168,255,"[103, 168, 131, 175]"
32,11,car,359,149,"[331, 127, 56, 44]"
32,12,car,909,162,"[879, 138, 61, 48]"
32,13,car,1191,322,"[1137, 281, 108, 83]"
32,14,car,935,135,"[909, 112, 52, 47]"
32,15,car,909,86,"[884, 66, 50, 40]"
32,16,car,1036,63,"[1014, 47, 44, 33]"
32,18,car,946,65,"[925, 51, 42, 29]"
32,32,car,576,656,"[403, 596, 346, 121]"
32,17,truck,52,189,"[6, 95, 93, 189]"
32,30,car,1056,34,"[1035, 18, 42, 33]"
33,1,car,360,309,"[313, 274, 94, 71]"
33,2,car,112,414,"[55, 362, 115, 105]"
33,3,car,223,339,"[173, 301, 101, 76]"
33,4,car,326,169,"[298, 146, 56, 47]"
33,5,car,856,231,"[816, 196, 81, 70]"
33,6,car,400,199,"[364, 172, 72, 55]"
33,7,car,369,237,"[331, 207, 77, 61]"
33,8,car,494,100,"[468, 79, 52, 43]"
33,9,car,272,195,"[240, 168, 65, 55]"
33,10,truck,169,254,"[103, 167, 132, 175]"
33,11,car,359,148,"[332, 127, 55, 43]"
33,12,car,909,162,"[879, 138, 61, 49]"
33,13,car,1193,324,"[1140, 283, 107, 83]"
33,14,car,934,136,"[909, 113, 51, 46]"
33,15,car,908,86,"[883, 66, 50, 40]"
33,16,car,1035,63,"[1013, 47, 44, 33]"
33,18,car,944,65,"[924, 51, 41, 29]"
33,32,car,571,654,"[400, 592, 342, 124]"
33,17,truck,52,190,"[5, 94, 95, 192]"
34,1,car,358,308,"[311, 272, 94, 72]"
34,2,car,112,413,"[56, 362, 113, 103]"
34,3,car,224,338,"[175, 301, 99, 74]"
34,4,car,327,169,"[299, 146, 56, 46]"
34,5,car,857,232,"[816, 196, 83, 72]"
34,6,car,400,199,"[364, 172, 72, 55]"
34,7,car,370,236,"[332, 206, 76, 61]"
34,8,car,496,99,"[470, 78, 52, 43]"
34,9,car,273,195,"[240, 167, 66, 56]"
34,10,truck,170,253,"[104, 166, 132, 175]"
34,11,car,362,148,"[335, 127, 54, 42]"
34,12,car,910,163,"[879, 138, 62, 50]"
34,13,car,1198,325,"[1144, 284, 108, 83]"
34,14,car,934,136,"[908, 114, 52, 45]"
34,15,car,905,87,"[880, 67, 50, 40]"
34,16,car,1033,65,"[1012, 49, 43, 32]"
34,18,car,943,66,"[922, 51, 42, 30]"
34,32,car,566,651,"[398, 587, 337, 129]"
34,17,truck,53,190,"[5, 95, 96, 191]"
34,37,car,783,43,"[759, 20, 48, 46]"
35,1,car,357,307,"[311, 272, 93, 70]"
35,2,car,113,411,"[57, 360, 112, 103]"
35,3,car,226,337,"[176, 300, 100, 74]"
35,4,car,328,168,"[300, 145, 56, 47]"
35,5,car,858,233,"[817, 197, 82, 72]"
35,6,car,401,199,"[366, 172, 71, 54]"
35,7,car,371,234,"[333, 205, 76, 59]"
35,8,car,497,99,"[471, 78, 52, 43]"
35,9,car,274,194,"[241, 166, 66, 57]"
35,10,truck,170,253,"[104, 165, 133, 177]"
35,11,car,363,148,"[335, 126, 57, 45]"
35,12,car,911,163,"[880, 138, 63, 51]"
35,13,car,1202,327,"[1148, 286, 108, 82]"
35,14,car,934,136,"[908, 114, 52, 45]"
35,15,car,904,87,"[879, 67, 50, 40]"
35,16,car,1033,65,"[1012, 49, 43, 33]"
35,18,car,942,66,"[921, 51, 42, 31]"
35,32,car,563,650,"[397, 584, 332, 132]"
35,17,truck,53,191,"[4, 94, 98, 194]"
35,37,car,785,43,"[762, 20, 46, 46]"
35,38,car,498,91,"[473, 62, 50, 59]"
36,1,car,357,306,"[311, 271, 93, 71]"
36,2,car,113,410,"[57, 358, 113, 104]"
36,3,car,228,335,"[178, 298, 100, 74]"
36,4,car,329,167,"[301, 143, 57, 48]"
36,5,car,859,234,"[818, 198, 83, 72]"
36,6,car,402,198,"[368, 172, 69, 53]"
36,7,car,371,233,"[334, 204, 75, 59]"
36,8,car,497,99,"[471, 78, 52, 43]"
36,9,car,275,193,"[242, 165, 66, 57]"
36,10,truck,171,252,"[104, 163, 134, 179]"
36,11,car,365,147,"[337, 126, 56, 43]"
36,12,car,912,164,"[881, 138, 63, 52]"
36,13,car,1205,328,"[1151, 287, 109, 83]"
36,14,car,933,137,"[908, 114, 51, 46]"
36,15,car,903,87,"[878, 67, 51, 40]"
36,16,car,1032,65,"[1011, 49, 43, 33]"
36,18,car,941,66,"[920, 51, 43, 31]"
36,32,car,558,648,"[396, 580, 325, 136]"
36,17,truck,53,191,"[4, 94, 99, 194]"
36,37,car,787,42,"[764, 19, 46, 46]"
36,30,car,1050,35,"[1030, 20, 41, 31]"
37,1,car,358,305,"[312, 270, 92, 70]"
37,2,car,113,407,"[57, 356, 112, 103]"
37,3,car,229,332,"[180, 296, 99, 73]"
37,4,car,331,166,"[303, 143, 56, 47]"
37,5,car,861,235,"[821, 199, 81, 72]"
37,6,car,403,198,"[369, 172, 69, 52]"
37,7,car,372,232,"[334, 202, 76, 60]"
37,8,car,498,98,"[472, 77, 52, 43]"
37,9,car,276,193,"[243, 165, 66, 56]"
37,10,truck,171,251,"[104, 161, 135, 180]"
37,11,car,366,146,"[339, 125, 54, 42]"
37,12,car,913,164,"[881, 139, 64, 51]"
37,13,car,1208,329,"[1153, 287, 110, 84]"
37,14,car,933,137,"[907, 114, 52, 46]"
37,15,car,903,88,"[878, 68, 50, 40]"
37,16,car,1032,65,"[1010, 49, 44, 33]"
37,18,car,941,67,"[919, 51, 44, 32]"
37,32,car,554,646,"[396, 577, 316, 138]"
37,17,truck,54,190,"[4, 94, 100, 193]"
37,37,car,788,42,"[765, 19, 47, 46]"
37,38,car,500,91,"[476, 62, 49, 58]"
38,1,car,357,303,"[311, 268, 92, 70]"
38,2,car,113,405,"[58, 355, 110, 101]"
38,3,car,230,331,"[181, 294, 99, 74]"
38,4,car,330,166,"[303, 143, 55, 46]"
38,5,car,862,236,"[822, 201, 81, 71]"
38,6,car,405,196,"[370, 170, 70, 53]"
38,7,car,372,231,"[335, 202, 75, 59]"
38,8,car,499,98,"[474, 77, 51, 43]"
38,9,car,277,192,"[245, 164, 65, 56]"
38,10,truck,173,250,"[105, 161, 136, 179]"
38,11,car,367,145,"[341, 124, 53, 42]"
38,12,car,913,165,"[882, 140, 63, 50]"
38,13,car,1210,331,"[1154, 288, 113, 86]"
38,14,car,933,138,"[907, 115, 52, 46]"
38,15,car,902,88,"[877, 68, 50, 40]"
38,16,car,1030,65,"[1009, 49, 43, 33]"
38,18,car,940,67,"[918, 51, 44, 32]"
38,32,car,549,643,"[395, 573, 309, 141]"
38,17,truck,55,189,"[5, 93, 100, 193]"
39,1,car,358,301,"[312, 266, 92, 70]"
39,2,car,112,403,"[58, 354, 109, 99]"
39,3,car,231,330,"[181, 293, 101, 74]"
39,4,car,332,165,"[305, 143, 54, 45]"
39,5,car,864,237,"[823, 201, 82, 72]"
39,6,car,405,196,"[370, 169, 71, 54]"
39,7,car,373,231,"[336, 201, 75, 60]"
39,8,car,501,96,"[475, 74, 52, 45]"
39,9,car,279,191,"[247, 164, 65, 55]"
39,10,bus,173,248,"[106, 160, 134, 177]"
39,11,car,369,144,"[342, 124, 54, 41]"
39,12,car,914,165,"[882, 140, 64, 51]"
39,13,car,1214,332,"[1157, 289, 114, 87]"
39,15,car,901,89,"[877, 69, 49, 40]"
39,16,car,1028,66,"[1007, 50, 43, 33]"
39,18,car,938,68,"[917, 52, 43, 32]"
39,32,car,545,640,"[397, 570, 297, 140]"
39,17,truck,55,188,"[5, 93, 101, 191]"
39,38,car,504,90,"[480, 62, 48, 57]"
40,1,car,358,299,"[311, 264, 94, 71]"
40,2,car,113,402,"[59, 354, 108, 97]"
40,3,car,232,329,"[182, 292, 101, 74]"
40,4,car,333,166,"[306, 143, 55, 46]"
40,5,car,865,238,"[824, 202, 82, 72]"
40,6,car,406,195,"[371, 168, 71, 54]"
40,7,car,374,230,"[336, 200, 76, 60]"
40,8,car,501,97,"[476, 75, 50, 44]"
40,9,car,280,190,"[248, 163, 65, 55]"
40,10,truck,175,246,"[109, 159, 133, 175]"
40,11,car,370,144,"[343, 123, 54, 42]"
40,12,car,914,166,"[882, 141, 65, 51]"
40,13,car,1218,334,"[1161, 291, 115, 86]"
40,15,car,901,89,"[876, 69, 50, 41]"
40,16,car,1028,66,"[1006, 50, 44, 33]"
40,18,car,937,68,"[916, 52, 43, 32]"
40,32,car,540,636,"[396, 565, 289, 142]"
40,17,truck,57,188,"[6, 92, 102, 192]"
40,38,car,504,92,"[482, 66, 45, 52]"
40,37,car,793,42,"[769, 19, 48, 46]"
40,14,car,933,139,"[907, 116, 52, 46]"
41,1,car,357,298,"[310, 263, 95, 71]"
41,2,car,113,401,"[59, 352, 108, 98]"
41,3,car,234,328,"[183, 291, 102, 74]"
41,4,car,335,166,"[307, 143, 56, 46]"
41,5,car,867,239,"[826, 203, 83, 72]"
41,6,car,407,194,"[370, 166, 74, 56]"
41,7,car,375,230,"[337, 200, 77, 60]"
41,8,car,503,95,"[477, 72, 53, 46]"
41,9,car,281,189,"[249, 162, 65, 55]"
41,10,truck,175,247,"[108, 159, 134, 176]"
41,11,car,371,142,"[343, 121, 56, 43]"
41,12,car,915,167,"[882, 140, 67, 54]"
41,13,car,1221,335,"[1163, 292, 116, 87]"
41,15,car,900,89,"[875, 69, 50, 41]"
41,16,car,1028,66,"[1007, 50, 43, 33]"
41,18,car,936,68,"[914, 52, 44, 33]"
41,32,car,536,632,"[397, 561, 279, 142]"
41,17,truck,58,187,"[6, 91, 104, 193]"
41,38,car,508,90,"[484, 62, 49, 56]"
41,42,car,620,56,"[598, 37, 44, 39]"
41,37,car,795,42,"[772, 19, 47, 47]"
42,1,car,357,298,"[310, 262, 95, 72]"
42,2,car,112,398,"[58, 349, 109, 99]"
42,3,car,236,326,"[185, 289, 102, 75]"
42,4,car,336,166,"[308, 143, 56, 46]"
42,5,car,867,240,"[826, 204, 83, 73]"
42,6,car,408,194,"[372, 166, 73, 56]"
42,7,car,376,230,"[338, 200, 76, 60]"
42,9,car,283,189,"[252, 163, 62, 53]"
42,10,truck,178,247,"[110, 158, 136, 178]"
42,11,car,372,142,"[344, 120, 57, 44]"
42,12,car,916,167,"[882, 140, 69, 55]"
42,13,car,1222,337,"[1164, 293, 116, 88]"
42,15,car,899,90,"[874, 70, 50, 41]"
42,16,car,1027,66,"[1006, 50, 43, 33]"
42,18,car,935,69,"[913, 53, 44, 33]"
42,32,car,532,627,"[397, 557, 270, 141]"
42,17,truck,58,187,"[5, 91, 106, 193]"
42,38,car,511,88,"[485, 59, 52, 59]"
42,42,car,623,56,"[601, 36, 45, 41]"
42,43,car,918,156,"[880, 118, 77, 77]"
42,30,car,1043,38,"[1022, 22, 42, 32]"
43,1,car,359,296,"[311, 260, 96, 72]"
43,2,car,113,396,"[59, 347, 108, 98]"
43,3,car,238,325,"[188, 288, 101, 74]"
43,4,car,337,164,"[310, 142, 55, 45]"
43,5,car,869,241,"[827, 205, 84, 73]"
43,6,car,410,192,"[374, 165, 72, 55]"
43,7,car,377,228,"[339, 198, 76, 60]"
43,9,car,284,188,"[253, 162, 62, 53]"
43,10,truck,179,245,"[112, 157, 135, 176]"
43,11,car,374,141,"[346, 120, 56, 43]"
43,12,car,916,168,"[882, 141, 69, 54]"
43,13,car,1223,338,"[1166, 294, 114, 88]"
43,15,car,897,91,"[873, 71, 49, 40]"
43,16,car,1027,66,"[1006, 50, 43, 33]"
43,18,car,934,69,"[912, 53, 44, 33]"
43,32,car,528,623,"[399, 553, 259, 141]"
43,17,truck,58,187,"[5, 91, 107, 192]"
43,38,car,513,88,"[487, 59, 53, 59]"
43,42,car,625,55,"[604, 36, 43, 39]"
43,43,car,919,157,"[881, 119, 76, 76]"
43,30,car,1042,38,"[1022, 22, 41, 32]"
44,1,car,358,295,"[311, 259, 95, 72]"
44,2,car,114,394,"[59, 345, 110, 98]"
44,3,car,239,324,"[189, 287, 100, 74]"
44,4,car,338,163,"[311, 141, 55, 45]"
44,5,car,870,242,"[829, 206, 83, 73]"
44,6,car,412,192,"[377, 165, 70, 54]"
44,7,car,378,227,"[340, 197, 76, 60]"
44,9,car,285,188,"[254, 162, 62, 53]"
44,10,truck,180,243,"[113, 156, 134, 174]"
44,11,car,375,141,"[347, 119, 57, 44]"
44,12,car,917,168,"[882, 140, 71, 56]"
44,13,car,1224,340,"[1168, 296, 112, 88]"
44,15,car,897,93,"[874, 74, 47, 38]"
44,16,car,1027,67,"[1005, 50, 44, 34]"
44,18,car,933,70,"[911, 54, 44, 33]"
44,32,car,524,618,"[401, 550, 247, 137]"
44,17,truck,60,186,"[7, 90, 107, 192]"
44,38,car,515,87,"[488, 58, 54, 59]"
44,42,car,626,54,"[605, 36, 42, 37]"
44,43,car,919,157,"[881, 119, 76, 77]"
44,30,car,1041,38,"[1021, 22, 40, 32]"
45,1,car,358,293,"[311, 258, 95, 71]"
45,2,car,114,391,"[57, 340, 115, 102]"
45,3,car,240,323,"[191, 287, 99, 72]"
45,4,car,339,162,"[312, 140, 55, 45]"
45,5,car,872,243,"[831, 207, 82, 72]"
45,6,car,412,190,"[378, 164, 69, 53]"
45,7,car,378,226,"[340, 196, 76, 60]"
45,9,car,286,187,"[255, 161, 63, 53]"
45,10,truck,181,241,"[114, 155, 134, 173]"
45,11,car,376,141,"[348, 119, 57, 44]"
45,13,car,1225,342,"[1171, 298, 109, 88]"
45,15,car,896,93,"[874, 75, 45, 36]"
45,16,car,1025,67,"[1004, 51, 43, 33]"
45,18,car,931,70,"[910, 54, 43, 33]"
45,32,car,521,614,"[404, 547, 234, 134]"
45,17,truck,62,184,"[8, 89, 109, 191]"
45,38,car,517,87,"[490, 57, 54, 60]"
45,42,car,626,54,"[605, 35, 43, 39]"
45,43,car,920,158,"[881, 119, 78, 78]"
46,1,car,359,292,"[312, 257, 94, 71]"
46,2,car,115,388,"[57, 336, 116, 104]"
46,3,car,241,322,"[192, 286, 99, 72]"
46,4,car,340,163,"[312, 140, 57, 46]"
46,5,car,873,244,"[832, 208, 83, 73]"
46,6,car,413,189,"[380, 163, 67, 52]"
46,7,car,379,225,"[341, 195, 76, 60]"
46,9,car,287,187,"[256, 160, 63, 54]"
46,10,truck,182,240,"[115, 154, 135, 172]"
46,11,car,378,141,"[351, 120, 55, 42]"
46,13,car,1226,344,"[1173, 300, 107, 88]"
46,15,car,895,93,"[873, 76, 45, 35]"
46,16,car,1024,68,"[1003, 51, 43, 34]"
46,18,car,931,71,"[909, 55, 44, 33]"
46,32,car,518,609,"[407, 544, 222, 130]"
46,17,truck,62,184,"[7, 89, 110, 190]"
46,42,car,627,54,"[606, 35, 42, 38]"
46,43,car,920,158,"[881, 119, 78, 78]"
46,8,car,511,88,"[481, 60, 60, 56]"
47,1,car,359,292,"[312, 256, 94, 72]"
47,2,car,115,385,"[58, 334, 115, 103]"
47,3,car,243,321,"[193, 285, 100, 72]"
47,4,car,342,162,"[313, 138, 58, 48]"
47,5,car,875,246,"[833, 209, 84, 74]"
47,6,car,414,188,"[381, 163, 66, 51]"
47,7,car,380,224,"[342, 194, 76, 60]"
47,9,car,288,186,"[257, 159, 63, 54]"
47,10,truck,184,240,"[116, 153, 136, 174]"
47,11,car,379,140,"[351, 118, 57, 44]"
47,13,car,1227,345,"[1175, 301, 105, 89]"
47,15,car,895,94,"[873, 77, 45, 35]"
47,16,car,1023,68,"[1002, 52, 43, 33]"
47,18,car,930,72,"[909, 56, 43, 32]"
47,32,car,514,606,"[405, 541, 219, 131]"
47,17,truck,63,184,"[7, 89, 112, 190]"
47,42,car,628,54,"[606, 35, 44, 39]"
47,43,car,920,159,"[882, 121, 77, 77]"
47,12,car,919,169,"[883, 141, 72, 57]"
48,1,car,359,290,"[313, 255, 92, 71]"
48,2,car,115,383,"[58, 332, 115, 103]"
48,3,car,244,319,"[194, 283, 100, 72]"
48,4,car,343,160,"[315, 137, 57, 47]"
48,5,car,875,246,"[833, 209, 85, 75]"
48,6,car,415,187,"[382, 162, 66, 51]"
48,7,car,381,223,"[343, 193, 76, 60]"
48,9,car,289,185,"[258, 158, 63, 54]"
48,10,truck,185,239,"[117, 153, 137, 173]"
48,11,car,380,139,"[353, 118, 55, 43]"
48,13,car,1228,347,"[1177, 302, 103, 90]"
48,15,car,895,94,"[872, 77, 46, 35]"
48,16,car,1022,68,"[1001, 52, 43, 33]"
48,18,car,930,72,"[908, 56, 44, 32]"
48,32,car,510,602,"[404, 537, 213, 130]"
48,17,truck,62,183,"[6, 88, 113, 190]"
48,42,car,630,54,"[608, 35, 44, 39]"
48,43,car,921,159,"[883, 121, 77, 77]"
48,12,car,920,169,"[884, 141, 72, 57]"
49,1,car,359,289,"[313, 254, 92, 71]"
49,2,car,115,382,"[57, 329, 117, 106]"
49,3,car,245,317,"[195, 281, 100, 72]"
49,4,car,344,159,"[315, 136, 58, 47]"
49,5,car,876,247,"[834, 210, 85, 75]"
49,6,car,416,187,"[383, 162, 66, 50]"
49,7,car,381,222,"[343, 192, 76, 60]"
49,9,car,290,185,"[259, 158, 63, 54]"
49,10,truck,186,239,"[118, 153, 137, 173]"
49,11,car,381,139,"[354, 118, 55, 43]"
49,13,car,1230,348,"[1181, 303, 99, 90]"
49,15,car,894,95,"[870, 77, 48, 36]"
49,16,car,1022,68,"[1001, 52, 43, 33]"
49,18,car,929,72,"[908, 56, 43, 32]"
49,32,car,506,597,"[402, 533, 208, 129]"
49,17,truck,62,181,"[6, 88, 113, 187]"
49,42,car,633,53,"[612, 35, 42, 37]"
49,43,car,922,159,"[884, 121, 76, 77]"
49,12,car,921,170,"[886, 142, 71, 56]"
50,1,car,358,287,"[313, 252, 91, 71]"
50,2,car,116,378,"[56, 324, 120, 109]"
50,3,car,246,316,"[196, 280, 100, 72]"
50,4,car,345,159,"[316, 136, 58, 47]"
50,5,car,878,248,"[836, 211, 85, 75]"
50,6,car,418,187,"[385, 162, 66, 50]"
50,7,car,381,221,"[344, 192, 74, 58]"
50,9,car,291,184,"[260, 157, 62, 54]"
50,10,truck,186,238,"[118, 152, 137, 172]"
50,11,car,382,143,"[350, 118, 64, 50]"
50,13,car,1232,349,"[1184, 304, 96, 91]"
50,15,car,893,95,"[868, 76, 50, 38]"
50,16,car,1021,69,"[1000, 53, 43, 32]"
50,18,car,928,73,"[907, 57, 42, 32]"
50,32,car,502,594,"[400, 529, 205, 130]"
50,17,truck,63,181,"[7, 88, 113, 186]"
50,42,car,634,53,"[614, 35, 41, 36]"
50,43,car,923,159,"[885, 121, 77, 77]"
51,1,car,358,286,"[313, 251, 91, 71]"
51,2,car,115,380,"[59, 329, 113, 102]"
51,3,car,248,314,"[198, 278, 100, 73]"
51,4,car,346,159,"[318, 136, 56, 46]"
51,5,car,880,249,"[838, 212, 85, 75]"
51,6,car,418,186,"[385, 161, 67, 51]"
51,7,car,382,220,"[345, 191, 74, 58]"
51,9,car,292,183,"[261, 157, 62, 53]"
51,10,truck,186,237,"[118, 152, 136, 170]"
51,11,car,383,141,"[354, 117, 59, 48]"
51,13,car,1234,351,"[1188, 306, 92, 91]"
51,15,car,892,95,"[866, 76, 52, 38]"
51,16,car,1020,69,"[999, 53, 43, 33]"
51,18,car,926,73,"[905, 57, 43, 32]"
51,32,car,499,591,"[398, 525, 203, 132]"
51,17,truck,63,181,"[6, 88, 115, 186]"
51,42,car,636,52,"[616, 35, 40, 35]"
51,43,car,925,160,"[887, 121, 76, 78]"
51,37,car,813,37,"[791, 16, 44, 42]"
52,1,car,359,285,"[314, 250, 90, 70]"
52,2,car,116,380,"[63, 332, 107, 96]"
52,3,car,248,314,"[198, 277, 101, 74]"
52,4,car,348,159,"[320, 136, 56, 46]"
52,5,car,882,250,"[840, 213, 85, 75]"
52,6,car,420,185,"[386, 159, 68, 52]"
52,7,car,382,219,"[346, 191, 73, 57]"
52,9,car,293,183,"[262, 156, 62, 54]"
52,10,truck,186,235,"[119, 152, 134, 167]"
52,11,car,385,139,"[357, 117, 56, 44]"
52,13,car,1235,353,"[1191, 308, 89, 91]"
52,15,car,891,95,"[865, 76, 52, 39]"
52,16,car,1020,69,"[999, 53, 43, 33]"
52,18,car,926,73,"[904, 57, 44, 33]"
52,32,car,496,586,"[398, 522, 197, 129]"
52,17,truck,63,181,"[5, 87, 117, 188]"
52,42,car,637,54,"[616, 35, 43, 38]"
52,43,car,924,161,"[885, 121, 78, 80]"
52,37,car,815,37,"[793, 16, 44, 42]"
53,1,car,360,284,"[316, 249, 89, 70]"
53,2,car,116,380,"[64, 333, 104, 94]"
53,3,car,250,313,"[199, 276, 102, 74]"
53,4,car,350,158,"[322, 135, 56, 46]"
53,5,car,883,251,"[841, 214, 85, 75]"
53,6,car,421,184,"[387, 159, 68, 51]"
53,7,car,383,218,"[346, 189, 74, 58]"
53,9,car,294,182,"[263, 155, 62, 54]"
53,10,truck,186,234,"[120, 152, 133, 164]"
53,11,car,386,138,"[359, 116, 55, 44]"
53,13,car,1237,354,"[1194, 308, 86, 92]"
53,15,car,890,95,"[864, 76, 52, 39]"
53,16,car,1019,69,"[998, 53, 43, 33]"
53,18,car,925,73,"[904, 57, 43, 33]"
53,32,car,493,583,"[398, 519, 191, 128]"
53,17,truck,63,180,"[5, 87, 117, 187]"
53,42,car,638,55,"[615, 35, 46, 41]"
53,43,car,926,162,"[887, 122, 78, 80]"
54,1,car,361,282,"[318, 248, 87, 69]"
54,2,car,116,378,"[64, 332, 104, 93]"
54,3,car,251,311,"[201, 274, 101, 75]"
54,4,car,351,157,"[323, 134, 57, 47]"
54,5,car,885,252,"[843, 215, 85, 75]"
54,6,car,422,183,"[389, 158, 67, 51]"
54,7,car,384,217,"[347, 188, 75, 58]"
54,9,car,295,181,"[264, 154, 63, 54]"
54,10,truck,187,233,"[121, 151, 132, 164]"
54,11,car,388,137,"[361, 116, 54, 43]"
54,13,car,1239,356,"[1198, 311, 82, 90]"
54,15,car,889,96,"[863, 77, 52, 39]"
54,16,car,1018,70,"[997, 54, 43, 32]"
54,18,car,924,73,"[902, 57, 44, 33]"
54,32,car,491,578,"[398, 516, 186, 125]"
54,17,truck,64,180,"[5, 87, 118, 186]"
54,42,car,635,58,"[610, 35, 51, 46]"
54,43,car,927,162,"[888, 122, 78, 81]"
54,12,truck,926,164,"[878, 124, 97, 80]"
55,1,car,361,282,"[318, 248, 87, 68]"
55,2,car,116,377,"[64, 331, 105, 92]"
55,3,car,253,310,"[205, 274, 97, 72]"
55,4,car,352,157,"[323, 133, 58, 48]"
55,5,car,887,254,"[845, 217, 84, 74]"
55,6,car,423,183,"[389, 157, 68, 52]"
55,7,car,386,215,"[348, 186, 76, 59]"
55,9,car,296,180,"[265, 154, 63, 53]"
55,10,truck,188,232,"[121, 150, 134, 165]"
55,11,car,389,137,"[362, 115, 55, 44]"
55,13,car,1241,358,"[1203, 314, 77, 89]"
55,15,car,888,96,"[861, 76, 54, 40]"
55,16,car,1018,70,"[997, 54, 42, 32]"
55,18,car,923,74,"[901, 57, 44, 34]"
55,32,car,487,576,"[396, 514, 183, 125]"
55,17,truck,63,180,"[4, 87, 119, 186]"
55,42,car,635,60,"[610, 37, 51, 46]"
55,43,car,928,163,"[889, 122, 78, 83]"
55,12,truck,927,164,"[880, 123, 95, 82]"
56,1,car,361,280,"[319, 246, 85, 68]"
56,2,car,117,376,"[65, 330, 105, 92]"
56,3,car,254,308,"[206, 273, 97, 71]"
56,4,car,353,156,"[325, 133, 56, 47]"
56,5,car,889,255,"[846, 218, 86, 75]"
56,6,car,423,182,"[390, 156, 67, 52]"
56,7,car,387,215,"[349, 185, 76, 60]"
56,9,car,297,180,"[266, 153, 63, 54]"
56,10,truck,188,232,"[122, 150, 133, 164]"
56,11,car,390,136,"[363, 114, 55, 44]"
56,13,car,1243,360,"[1206, 315, 74, 90]"
56,15,car,887,95,"[860, 75, 54, 41]"
56,16,car,1017,71,"[995, 54, 44, 34]"
56,18,car,921,74,"[899, 57, 45, 35]"
56,32,car,484,573,"[395, 512, 178, 122]"
56,17,truck,63,179,"[4, 86, 119, 186]"
56,42,car,636,60,"[611, 37, 51, 47]"
56,43,car,929,165,"[891, 124, 76, 82]"
56,12,truck,929,164,"[882, 123, 94, 83]"
56,50,car,643,53,"[618, 34, 51, 38]"
57,1,car,361,279,"[319, 246, 84, 67]"
57,2,car,117,374,"[65, 328, 104, 92]"
57,3,car,256,307,"[208, 272, 96, 71]"
57,4,car,353,156,"[326, 133, 55, 46]"
57,5,car,890,256,"[847, 219, 87, 75]"
57,6,car,424,181,"[391, 156, 67, 51]"
57,7,car,387,214,"[349, 184, 77, 60]"
57,9,car,299,179,"[268, 153, 63, 53]"
57,10,truck,189,231,"[122, 149, 134, 164]"
57,11,car,391,136,"[364, 114, 55, 44]"
57,13,car,1245,362,"[1210, 317, 70, 91]"
57,15,car,886,96,"[859, 75, 54, 42]"
57,16,car,1015,71,"[993, 54, 45, 34]"
57,18,car,920,75,"[898, 58, 45, 34]"
57,32,car,480,570,"[392, 509, 177, 122]"
57,17,truck,63,179,"[3, 86, 121, 186]"
57,42,car,637,61,"[612, 39, 50, 45]"
57,43,car,930,165,"[892, 124, 76, 82]"
57,12,truck,929,165,"[884, 124, 91, 82]"
57,50,car,644,52,"[620, 34, 48, 36]"
58,1,car,361,278,"[319, 244, 85, 68]"
58,2,car,117,372,"[65, 326, 105, 92]"
58,3,car,257,306,"[209, 271, 97, 71]"
58,4,car,355,155,"[328, 133, 54, 45]"
58,5,car,891,258,"[848, 220, 87, 76]"
58,6,car,424,180,"[391, 155, 67, 51]"
58,7,car,388,213,"[350, 184, 77, 59]"
58,9,car,300,179,"[269, 152, 63, 54]"
58,10,truck,188,231,"[121, 149, 135, 165]"
58,11,car,393,136,"[365, 114, 56, 44]"
58,13,car,1247,365,"[1214, 319, 66, 92]"
58,15,car,885,96,"[857, 75, 56, 43]"
58,16,car,1014,71,"[991, 54, 46, 35]"
58,18,car,920,75,"[898, 59, 44, 33]"
58,32,car,477,566,"[390, 505, 174, 122]"
58,17,truck,63,179,"[3, 86, 121, 186]"
58,42,car,635,66,"[615, 48, 41, 36]"
58,43,car,931,166,"[893, 125, 76, 82]"
58,12,truck,930,165,"[886, 124, 89, 83]"
58,50,car,646,51,"[622, 33, 48, 36]"
58,37,car,823,36,"[801, 16, 44, 40]"
59,1,car,361,277,"[319, 243, 85, 68]"
59,2,car,117,371,"[65, 325, 105, 92]"
59,3,car,258,305,"[211, 270, 95, 70]"
59,4,car,356,154,"[329, 132, 54, 45]"
59,5,car,893,259,"[850, 221, 87, 76]"
59,6,car,426,180,"[392, 154, 68, 52]"
59,7,car,389,212,"[351, 183, 76, 59]"
59,9,car,301,178,"[270, 152, 62, 53]"
59,10,truck,189,231,"[122, 148, 134, 166]"
59,11,car,393,136,"[366, 114, 55, 44]"
59,13,car,1248,366,"[1217, 320, 63, 93]"
59,15,car,884,96,"[856, 74, 57, 44]"
59,16,car,1012,72,"[989, 54, 46, 36]"
59,18,car,918,76,"[896, 59, 45, 34]"
59,32,car,473,562,"[386, 501, 175, 123]"
59,17,truck,64,179,"[3, 86, 122, 186]"
59,42,car,635,67,"[617, 51, 36, 32]"
59,43,car,931,166,"[893, 125, 76, 83]"
59,12,truck,930,166,"[887, 125, 87, 82]"
59,50,car,647,50,"[623, 32, 48, 37]"
59,37,car,824,36,"[802, 16, 44, 40]"
60,1,car,361,276,"[318, 242, 86, 68]"
60,2,car,117,370,"[66, 325, 103, 91]"
60,3,car,259,303,"[212, 269, 94, 69]"
60,4,car,356,154,"[329, 131, 55, 46]"
60,5,car,894,260,"[850, 222, 89, 77]"
60,6,car,427,179,"[393, 153, 68, 53]"
60,7,car,390,212,"[353, 183, 74, 58]"
60,9,car,301,177,"[270, 151, 62, 53]"
60,10,truck,189,230,"[122, 148, 135, 164]"
60,11,car,395,135,"[368, 114, 54, 43]"
60,13,car,1250,367,"[1221, 321, 59, 93]"
60,15,car,882,95,"[854, 73, 57, 45]"
60,16,car,1011,73,"[988, 55, 47, 36]"
60,18,car,918,76,"[896, 60, 44, 33]"
60,32,car,470,558,"[384, 497, 173, 123]"
60,17,truck,63,179,"[2, 86, 123, 186]"
60,42,car,635,67,"[618, 52, 34, 30]"
60,43,car,930,167,"[894, 127, 73, 81]"
60,50,car,647,50,"[623, 32, 49, 37]"
60,37,car,825,35,"[802, 16, 46, 39]"
60,30,car,1020,43,"[998, 25, 45, 37]"
61,1,car,361,274,"[319, 241, 84, 67]"
61,2,car,118,369,"[67, 324, 102, 90]"
61,3,car,260,301,"[214, 267, 93, 69]"
61,4,car,357,153,"[330, 131, 54, 45]"
61,5,car,896,262,"[851, 223, 90, 78]"
61,6,car,428,179,"[395, 153, 67, 52]"
61,7,car,390,211,"[354, 183, 73, 57]"
61,9,car,301,176,"[271, 150, 61, 53]"
61,10,truck,190,229,"[123, 147, 134, 164]"
61,11,car,396,135,"[370, 114, 53, 43]"
61,13,car,1252,369,"[1225, 322, 55, 94]"
61,15,car,881,98,"[855, 78, 52, 41]"
61,16,car,1010,73,"[987, 55, 47, 37]"
61,18,car,917,76,"[895, 60, 44, 33]"
61,32,car,467,555,"[382, 494, 171, 123]"
61,17,truck,63,178,"[2, 86, 123, 185]"
61,42,car,635,66,"[618, 52, 34, 29]"
61,43,car,931,168,"[894, 127, 74, 82]"
61,37,car,825,35,"[802, 15, 47, 41]"
61,30,car,1019,43,"[997, 25, 44, 36]"
62,1,car,361,273,"[320, 240, 83, 67]"
62,2,car,118,368,"[67, 323, 103, 90]"
62,3,car,263,300,"[216, 266, 94, 69]"
62,4,car,358,153,"[331, 131, 55, 45]"
62,5,car,897,262,"[853, 224, 89, 77]"
62,6,car,429,178,"[396, 153, 66, 51]"
62,7,car,391,210,"[355, 182, 73, 57]"
62,9,car,302,176,"[271, 149, 62, 54]"
62,10,truck,190,228,"[123, 146, 135, 165]"
62,11,car,398,135,"[371, 113, 54, 44]"
62,13,car,1254,369,"[1229, 323, 51, 93]"
62,15,car,880,100,"[856, 81, 48, 38]"
62,16,car,1010,73,"[986, 55, 48, 37]"
62,18,car,916,78,"[894, 61, 44, 34]"
62,32,car,464,551,"[381, 491, 167, 121]"
62,17,truck,63,178,"[2, 86, 123, 185]"
62,42,car,636,66,"[619, 52, 34, 29]"
62,43,car,931,168,"[895, 128, 73, 81]"
62,37,car,826,35,"[803, 15, 46, 40]"
63,1,car,362,272,"[321, 240, 82, 65]"
63,2,car,119,366,"[67, 321, 105, 91]"
63,3,car,264,300,"[217, 265, 95, 70]"
63,4,car,359,153,"[332, 130, 55, 46]"
63,5,car,899,263,"[854, 224, 91, 78]"
63,6,car,430,177,"[399, 153, 63, 49]"
63,7,car,392,210,"[356, 182, 73, 56]"
63,9,car,304,175,"[273, 148, 62, 54]"
63,10,truck,190,228,"[122, 145, 137, 167]"
63,11,car,399,135,"[371, 113, 56, 45]"
63,15,car,879,101,"[855, 82, 49, 38]"
63,16,car,1009,73,"[986, 55, 47, 37]"
63,18,car,915,78,"[893, 61, 45, 35]"
63,32,car,462,549,"[380, 489, 165, 120]"
63,17,truck,64,178,"[2, 85, 124, 186]"
63,42,car,638,67,"[621, 52, 35, 30]"
63,43,car,932,169,"[896, 129, 73, 81]"
63,37,car,828,35,"[806, 16, 45, 38]"
64,1,car,362,271,"[321, 239, 82, 65]"
64,2,car,120,364,"[67, 319, 106, 91]"
64,3,car,267,299,"[219, 264, 96, 70]"
64,4,car,361,152,"[334, 130, 54, 45]"
64,5,car,901,264,"[856, 225, 91, 78]"
64,6,car,431,177,"[400, 153, 62, 48]"
64,7,car,393,208,"[357, 180, 73, 57]"
64,9,car,305,174,"[275, 148, 61, 53]"
64,10,truck,191,227,"[123, 144, 136, 167]"
64,11,car,400,134,"[373, 113, 54, 42]"
64,15,car,879,101,"[855, 83, 48, 37]"
64,16,car,1009,73,"[986, 55, 46, 37]"
64,18,car,914,79,"[892, 62, 45, 35]"
64,32,car,461,546,"[379, 486, 164, 120]"
64,17,truck,65,177,"[3, 85, 124, 185]"
64,42,car,640,67,"[622, 53, 36, 29]"
64,43,car,933,171,"[897, 131, 73, 80]"
64,37,car,831,34,"[809, 16, 44, 37]"
64,55,car,1267,373,"[1255, 331, 25, 85]"
64,56,car,918,21,"[899, 6, 38, 31]"
64,50,car,653,49,"[630, 31, 46, 36]"
65,1,car,362,270,"[321, 238, 82, 65]"
65,2,car,120,363,"[68, 318, 105, 90]"
65,3,car,268,299,"[220, 264, 96, 70]"
65,4,car,362,152,"[335, 130, 54, 44]"
65,5,car,903,265,"[858, 226, 91, 78]"
65,6,car,432,176,"[402, 153, 61, 46]"
65,7,car,394,207,"[357, 179, 74, 57]"
65,9,car,307,174,"[277, 148, 60, 53]"
65,10,truck,192,226,"[125, 144, 135, 165]"
65,11,car,401,134,"[374, 112, 54, 44]"
65,15,car,878,102,"[854, 83, 49, 38]"
65,16,car,1008,74,"[984, 55, 48, 38]"
65,18,car,914,79,"[891, 62, 46, 35]"
65,32,car,457,543,"[376, 484, 162, 119]"
65,17,truck,65,177,"[3, 85, 125, 184]"
65,42,car,642,67,"[623, 52, 38, 30]"
65,43,car,934,174,"[899, 135, 70, 78]"
65,37,car,832,34,"[810, 16, 45, 36]"
65,56,car,920,21,"[902, 6, 37, 30]"
66,1,car,361,269,"[320, 236, 83, 66]"
66,2,car,120,360,"[67, 314, 107, 92]"
66,3,car,268,297,"[222, 263, 93, 69]"
66,4,car,363,151,"[337, 129, 53, 44]"
66,5,car,905,266,"[860, 227, 91, 78]"
66,6,car,433,175,"[403, 152, 61, 46]"
66,7,car,395,206,"[359, 178, 72, 56]"
66,9,car,307,173,"[278, 148, 59, 51]"
66,10,truck,194,225,"[127, 143, 134, 165]"
66,11,car,402,134,"[375, 112, 55, 44]"
66,15,car,878,103,"[854, 84, 49, 38]"
66,16,car,1007,74,"[984, 55, 47, 38]"
66,18,car,913,80,"[891, 63, 45, 34]"
66,32,car,454,540,"[375, 482, 159, 117]"
66,17,truck,66,176,"[4, 84, 125, 184]"
66,42,car,642,66,"[624, 51, 37, 31]"
66,43,car,935,173,"[900, 134, 71, 79]"
66,37,car,833,33,"[811, 15, 45, 37]"
66,56,car,923,21,"[905, 6, 37, 30]"
67,1,car,362,268,"[321, 236, 82, 65]"
67,2,car,122,357,"[68, 311, 108, 92]"
67,3,car,270,295,"[224, 262, 92, 67]"
67,4,car,364,151,"[338, 129, 52, 44]"
67,5,car,908,266,"[862, 227, 92, 79]"
67,6,car,434,174,"[404, 151, 61, 47]"
67,7,car,395,205,"[360, 178, 71, 55]"
67,9,car,309,173,"[279, 147, 60, 52]"
67,10,truck,195,224,"[128, 143, 134, 163]"
67,11,car,404,133,"[377, 112, 54, 43]"
67,15,car,877,103,"[852, 84, 50, 38]"
67,16,car,1006,74,"[983, 56, 47, 37]"
67,18,car,912,80,"[890, 63, 44, 34]"
67,32,car,452,537,"[373, 479, 158, 116]"
67,17,truck,66,175,"[4, 84, 125, 183]"
67,42,car,644,66,"[625, 51, 38, 30]"
67,43,car,936,173,"[900, 132, 73, 82]"
67,37,car,835,34,"[812, 15, 46, 38]"
67,56,car,924,20,"[906, 5, 37, 30]"
67,50,car,657,50,"[632, 31, 50, 38]"
68,1,car,362,267,"[322, 235, 81, 64]"
68,2,car,122,355,"[68, 308, 109, 94]"
68,3,car,271,294,"[226, 261, 91, 67]"
68,4,car,366,151,"[340, 129, 53, 44]"
68,5,car,910,268,"[864, 228, 93, 81]"
68,6,car,436,174,"[405, 151, 62, 47]"
68,7,car,396,205,"[361, 178, 70, 54]"
68,9,car,310,172,"[280, 146, 60, 52]"
68,10,truck,196,223,"[130, 142, 133, 163]"
68,11,car,406,134,"[378, 111, 56, 47]"
68,15,car,877,103,"[852, 84, 50, 39]"
68,16,car,1005,75,"[982, 57, 47, 37]"
68,18,car,912,80,"[890, 63, 44, 35]"
68,32,car,449,534,"[371, 476, 157, 117]"
68,17,truck,67,174,"[5, 83, 125, 183]"
68,42,car,646,66,"[627, 51, 38, 30]"
68,43,car,937,176,"[903, 138, 68, 77]"
68,37,car,837,34,"[814, 15, 46, 38]"
68,56,car,926,20,"[908, 5, 37, 30]"
68,50,car,659,50,"[634, 31, 50, 38]"
68,38,car,555,75,"[532, 50, 47, 50]"
69,1,car,363,265,"[324, 234, 79, 62]"
69,2,car,123,353,"[69, 307, 109, 93]"
69,3,car,274,293,"[228, 259, 92, 68]"
69,4,car,368,150,"[342, 128, 53, 45]"
69,5,car,911,270,"[865, 230, 93, 80]"
69,6,car,436,173,"[405, 150, 63, 47]"
69,7,car,397,204,"[362, 177, 70, 54]"
69,9,car,311,171,"[281, 145, 61, 53]"
69,10,truck,197,223,"[131, 142, 133, 163]"
69,11,car,407,132,"[380, 110, 54, 45]"
69,15,car,876,104,"[851, 84, 51, 40]"
69,16,car,1005,75,"[981, 56, 48, 38]"
69,18,car,911,81,"[889, 64, 45, 34]"
69,32,car,447,531,"[370, 473, 155, 116]"
69,17,truck,69,174,"[6, 83, 126, 183]"
69,42,car,648,66,"[630, 51, 37, 30]"
69,43,car,938,174,"[902, 134, 72, 81]"
69,37,car,842,34,"[818, 15, 48, 39]"
69,50,car,660,50,"[635, 31, 51, 39]"
69,38,car,561,68,"[542, 49, 38, 38]"
70,1,car,363,264,"[324, 233, 79, 62]"
70,2,car,123,353,"[70, 307, 107, 92]"
70,3,car,275,292,"[229, 258, 93, 68]"
70,4,car,369,150,"[343, 128, 53, 44]"
70,5,car,913,271,"[867, 231, 93, 80]"
70,6,car,437,173,"[405, 149, 64, 48]"
70,7,car,398,203,"[363, 176, 70, 54]"
70,9,car,313,171,"[283, 145, 60, 53]"
70,10,truck,198,223,"[131, 141, 134, 164]"
70,11,car,407,131,"[381, 110, 53, 43]"
70,15,car,876,104,"[850, 84, 52, 40]"
70,16,car,1005,75,"[981, 56, 48, 38]"
70,18,car,910,81,"[888, 64, 45, 35]"
70,32,car,445,528,"[367, 470, 156, 117]"
70,17,truck,70,173,"[6, 81, 128, 184]"
70,42,car,651,65,"[633, 51, 36, 29]"
70,43,car,939,174,"[903, 133, 72, 82]"
70,37,car,844,34,"[820, 15, 48, 38]"
70,50,car,662,50,"[637, 31, 51, 38]"
70,38,car,563,64,"[545, 48, 36, 33]"
71,1,car,364,263,"[325, 232, 79, 62]"
71,2,car,124,352,"[71, 306, 106, 92]"
71,3,car,276,291,"[230, 257, 93, 68]"
71,4,car,369,149,"[343, 127, 53, 44]"
71,5,car,915,272,"[869, 232, 93, 81]"
71,6,car,438,172,"[406, 148, 65, 49]"
71,7,car,398,202,"[363, 175, 71, 54]"
71,9,car,314,171,"[284, 145, 60, 52]"
71,10,truck,198,222,"[131, 140, 134, 164]"
71,11,car,409,132,"[382, 110, 54, 44]"
71,15,car,875,104,"[850, 85, 50, 39]"
71,16,car,1004,76,"[982, 59, 44, 35]"
71,18,car,910,81,"[888, 64, 44, 35]"
71,32,car,442,524,"[365, 466, 155, 117]"
71,17,truck,70,172,"[7, 82, 127, 181]"
71,42,car,652,64,"[633, 49, 38, 31]"
71,43,car,940,175,"[904, 134, 72, 82]"
71,37,car,845,34,"[821, 15, 49, 38]"
71,50,car,663,51,"[637, 31, 53, 40]"
71,38,car,564,64,"[546, 48, 37, 32]"
71,58,car,940,188,"[905, 159, 70, 58]"
72,1,car,364,261,"[325, 230, 79, 63]"
72,2,car,124,350,"[70, 303, 108, 94]"
72,3,car,277,290,"[230, 256, 94, 69]"
72,4,car,370,149,"[344, 127, 52, 44]"
72,5,car,917,274,"[871, 234, 93, 80]"
72,6,car,440,171,"[408, 147, 64, 48]"
72,7,car,399,201,"[363, 174, 72, 55]"
72,9,car,315,170,"[285, 145, 60, 51]"
72,10,truck,198,221,"[131, 140, 134, 163]"
72,11,car,410,133,"[381, 109, 58, 48]"
72,15,car,873,104,"[848, 85, 51, 39]"
72,16,car,1002,76,"[980, 58, 45, 36]"
72,18,car,908,81,"[886, 64, 45, 35]"
72,32,car,439,521,"[363, 463, 153, 117]"
72,17,truck,71,172,"[8, 82, 126, 180]"
72,42,car,653,64,"[634, 49, 38, 31]"
72,43,car,940,175,"[904, 134, 73, 83]"
72,37,car,845,33,"[821, 14, 49, 38]"
72,50,car,663,52,"[635, 31, 57, 43]"
72,38,car,564,63,"[545, 47, 38, 32]"
73,1,car,363,260,"[324, 229, 79, 62]"
73,2,car,124,350,"[72, 305, 104, 90]"
73,3,car,278,289,"[232, 255, 93, 69]"
73,4,car,370,148,"[344, 126, 52, 44]"
73,5,car,919,275,"[872, 235, 94, 81]"
73,6,car,441,171,"[409, 147, 64, 48]"
73,7,car,400,201,"[363, 173, 74, 56]"
73,9,car,315,170,"[286, 145, 59, 50]"
73,10,truck,197,221,"[131, 139, 133, 164]"
73,15,car,873,105,"[847, 85, 52, 40]"
73,16,car,1001,75,"[978, 57, 46, 37]"
73,18,car,907,82,"[884, 65, 46, 35]"
73,32,car,437,519,"[361, 461, 152, 116]"
73,17,truck,72,171,"[9, 80, 127, 182]"
73,42,car,654,64,"[634, 48, 40, 32]"
73,43,car,942,176,"[905, 134, 74, 84]"
73,37,car,847,33,"[823, 15, 48, 37]"
73,50,car,664,53,"[636, 32, 57, 42]"
73,38,car,564,63,"[544, 47, 41, 32]"
73,58,car,942,188,"[905, 158, 74, 61]"
74,1,car,363,259,"[323, 228, 81, 63]"
74,2,car,125,348,"[73, 303, 105, 91]"
74,3,car,279,288,"[233, 254, 93, 69]"
74,4,car,371,148,"[345, 126, 53, 44]"
74,5,car,921,277,"[874, 236, 94, 82]"
74,6,car,442,170,"[410, 146, 64, 48]"
74,7,car,401,200,"[365, 172, 73, 56]"
74,9,car,316,169,"[287, 145, 58, 49]"
74,10,truck,198,220,"[132, 138, 133, 164]"
74,15,car,873,105,"[847, 85, 52, 40]"
74,16,car,1000,76,"[978, 58, 45, 36]"
74,18,car,906,83,"[883, 65, 47, 36]"
74,32,car,435,516,"[361, 459, 148, 114]"
74,17,truck,74,169,"[10, 79, 128, 181]"
74,42,car,656,64,"[637, 48, 39, 32]"
74,37,car,848,33,"[824, 15, 48, 37]"
74,50,car,665,54,"[637, 33, 56, 42]"
74,38,car,564,64,"[543, 47, 43, 34]"
74,62,car,670,47,"[647, 30, 47, 35]"
74,58,car,942,190,"[906, 160, 73, 60]"
74,11,car,412,133,"[383, 109, 58, 48]"
75,1,car,364,257,"[324, 226, 80, 63]"
75,2,car,125,348,"[74, 303, 103, 90]"
75,3,car,281,286,"[235, 252, 93, 69]"
75,4,car,373,148,"[347, 126, 53, 44]"
75,5,car,924,277,"[876, 236, 96, 82]"
75,6,car,443,169,"[412, 146, 63, 47]"
75,7,car,403,199,"[366, 171, 74, 56]"
75,9,car,317,168,"[288, 143, 58, 50]"
75,10,bus,199,219,"[133, 137, 133, 165]"
75,15,car,872,106,"[847, 86, 51, 40]"
75,16,car,1000,76,"[978, 58, 44, 36]"
75,18,car,906,83,"[883, 65, 46, 36]"
75,32,car,433,514,"[359, 457, 148, 114]"
75,17,truck,74,170,"[11, 80, 127, 181]"
75,42,car,658,61,"[637, 44, 43, 35]"
75,37,car,849,33,"[825, 15, 48, 37]"
75,50,car,667,53,"[639, 32, 57, 43]"
75,38,car,566,65,"[543, 47, 46, 36]"
75,62,car,672,47,"[649, 29, 47, 36]"
75,58,car,944,191,"[907, 161, 74, 61]"
76,1,car,365,256,"[325, 225, 80, 63]"
76,2,car,125,346,"[74, 302, 103, 89]"
76,3,car,283,285,"[237, 250, 93, 70]"
76,4,car,376,147,"[350, 125, 52, 44]"
76,5,car,926,277,"[878, 236, 96, 83]"
76,6,car,444,169,"[413, 146, 63, 47]"
76,7,car,403,198,"[367, 170, 73, 56]"
76,9,car,319,167,"[289, 142, 60, 51]"
76,10,bus,200,219,"[134, 137, 133, 164]"
76,15,car,871,106,"[845, 86, 52, 40]"
76,16,car,999,77,"[978, 60, 43, 35]"
76,18,car,905,83,"[883, 66, 45, 35]"
76,32,car,429,511,"[356, 455, 147, 112]"
76,17,truck,75,170,"[12, 80, 127, 181]"
76,42,car,659,62,"[639, 45, 40, 34]"
76,37,car,849,34,"[825, 15, 49, 38]"
76,50,car,668,54,"[641, 34, 55, 41]"
76,38,car,567,66,"[543, 48, 48, 36]"
76,62,car,677,46,"[654, 29, 46, 35]"
76,58,car,945,193,"[909, 163, 72, 60]"
76,63,truck,200,219,"[136, 138, 128, 162]"
76,43,car,944,180,"[907, 138, 74, 84]"
77,1,car,364,255,"[325, 224, 79, 63]"
77,2,car,125,346,"[74, 302, 102, 88]"
77,3,car,284,284,"[239, 250, 91, 68]"
77,4,car,377,146,"[351, 125, 52, 43]"
77,5,car,927,280,"[880, 239, 94, 82]"
77,6,car,444,168,"[413, 145, 62, 47]"
77,7,car,404,197,"[369, 170, 71, 55]"
77,9,car,320,166,"[290, 141, 60, 51]"
77,10,bus,200,218,"[134, 136, 133, 165]"
77,15,car,870,106,"[844, 86, 53, 41]"
77,16,car,998,79,"[978, 62, 41, 34]"
77,18,car,904,83,"[882, 66, 45, 35]"
77,32,car,428,508,"[355, 452, 146, 113]"
77,17,truck,77,169,"[13, 79, 128, 180]"
77,42,car,659,62,"[639, 45, 40, 34]"
77,37,car,850,33,"[826, 15, 49, 37]"
77,50,car,668,55,"[641, 35, 54, 40]"
77,38,car,567,67,"[541, 47, 52, 40]"
77,62,car,680,46,"[658, 29, 45, 35]"
77,58,car,946,193,"[910, 164, 72, 59]"
77,63,truck,200,218,"[135, 137, 130, 163]"
78,1,car,365,254,"[326, 223, 78, 62]"
78,2,car,125,344,"[76, 301, 99, 86]"
78,3,car,285,283,"[239, 249, 93, 69]"
78,4,car,378,145,"[352, 124, 52, 43]"
78,5,car,929,281,"[881, 240, 96, 83]"
78,6,car,444,168,"[413, 145, 63, 46]"
78,7,car,405,197,"[370, 170, 71, 54]"
78,9,car,321,166,"[291, 141, 60, 51]"
78,15,car,869,106,"[843, 86, 52, 41]"
78,16,car,997,79,"[976, 62, 43, 35]"
78,18,car,904,84,"[881, 66, 46, 36]"
78,32,car,426,506,"[353, 450, 146, 112]"
78,17,truck,78,168,"[14, 78, 128, 180]"
78,42,car,660,62,"[640, 45, 40, 34]"
78,37,car,850,34,"[826, 15, 49, 38]"
78,50,car,666,57,"[641, 38, 51, 38]"
78,38,car,566,68,"[539, 47, 55, 43]"
78,62,car,682,47,"[658, 28, 48, 38]"
78,58,car,947,193,"[911, 164, 72, 59]"
78,11,car,418,133,"[387, 107, 62, 53]"
79,1,car,366,254,"[327, 223, 78, 62]"
79,2,car,127,343,"[78, 301, 98, 84]"
79,3,car,287,282,"[242, 248, 90, 69]"
79,4,car,379,145,"[353, 123, 52, 44]"
79,5,car,932,282,"[884, 240, 96, 85]"
79,6,car,445,168,"[414, 145, 63, 46]"
79,7,car,407,196,"[371, 169, 72, 55]"
79,9,car,322,166,"[293, 141, 59, 51]"
79,15,car,868,107,"[842, 87, 53, 41]"
79,16,car,997,78,"[974, 60, 46, 37]"
79,18,car,903,84,"[880, 66, 47, 36]"
79,32,car,424,503,"[352, 448, 144, 111]"
79,17,truck,79,167,"[15, 77, 128, 181]"
79,42,car,661,62,"[642, 46, 38, 33]"
79,37,car,854,33,"[829, 14, 50, 39]"
79,38,car,567,70,"[538, 47, 59, 47]"
79,62,car,683,47,"[659, 28, 49, 38]"
79,58,car,948,194,"[912, 165, 72, 59]"
79,43,car,946,182,"[910, 140, 73, 84]"
79,10,truck,201,218,"[135, 135, 133, 167]"
80,1,car,366,252,"[327, 221, 79, 63]"
80,2,car,128,341,"[79, 299, 98, 84]"
80,3,car,288,281,"[243, 248, 90, 67]"
80,4,car,381,143,"[355, 122, 52, 43]"
80,5,car,934,283,"[886, 241, 97, 85]"
80,6,car,446,167,"[415, 144, 63, 47]"
80,7,car,407,195,"[371, 168, 72, 55]"
80,9,car,323,165,"[293, 140, 60, 51]"
80,15,car,868,107,"[842, 87, 53, 41]"
80,16,car,996,76,"[972, 56, 49, 41]"
80,18,car,903,84,"[880, 66, 47, 37]"
80,32,car,421,500,"[350, 445, 143, 110]"
80,17,truck,79,167,"[15, 77, 129, 180]"
80,42,car,662,62,"[643, 46, 38, 32]"
80,37,car,855,33,"[831, 14, 48, 38]"
80,38,car,568,72,"[537, 47, 63, 50]"
80,62,car,685,46,"[661, 27, 48, 38]"
80,58,car,948,195,"[912, 166, 73, 59]"
80,10,truck,203,217,"[138, 135, 131, 164]"
80,30,car,997,65,"[963, 33, 68, 64]"
80,11,car,422,134,"[390, 106, 64, 57]"
81,1,car,367,251,"[327, 219, 80, 65]"
81,2,car,128,339,"[79, 297, 99, 85]"
81,3,car,290,280,"[246, 248, 88, 65]"
81,4,car,382,142,"[356, 121, 52, 43]"
81,5,car,936,284,"[887, 241, 98, 86]"
81,6,car,447,166,"[416, 143, 63, 47]"
81,7,car,408,195,"[372, 167, 73, 56]"
81,9,car,324,165,"[294, 140, 60, 51]"
81,15,car,867,108,"[841, 88, 53, 41]"
81,18,car,902,84,"[879, 66, 47, 37]"
81,32,car,418,497,"[347, 442, 143, 111]"
81,17,truck,81,167,"[17, 78, 128, 179]"
81,42,car,663,62,"[645, 46, 36, 32]"
81,37,car,859,31,"[835, 12, 49, 39]"
81,38,car,570,71,"[540, 47, 61, 49]"
81,62,car,686,45,"[664, 27, 45, 36]"
81,58,car,950,196,"[913, 166, 74, 61]"
81,10,truck,204,214,"[140, 133, 129, 163]"
81,30,car,996,66,"[964, 34, 64, 64]"
81,11,car,423,134,"[391, 105, 65, 59]"
82,1,car,367,249,"[327, 218, 80, 63]"
82,2,car,128,338,"[80, 297, 97, 83]"
82,3,car,290,279,"[247, 247, 87, 65]"
82,4,car,383,142,"[357, 121, 52, 43]"
82,5,car,938,285,"[889, 243, 98, 85]"
82,6,car,448,165,"[416, 142, 64, 47]"
82,7,car,408,195,"[372, 167, 73, 56]"
82,9,car,325,165,"[295, 139, 60, 52]"
82,15,car,866,109,"[840, 89, 53, 40]"
82,18,car,901,85,"[878, 67, 47, 37]"
82,32,car,416,494,"[345, 438, 142, 112]"
82,17,truck,81,167,"[17, 78, 128, 178]"
82,42,car,665,61,"[647, 45, 37, 33]"
82,37,car,861,32,"[836, 12, 51, 40]"
82,62,car,687,44,"[666, 27, 43, 35]"
82,58,car,950,198,"[914, 168, 73, 60]"
82,10,truck,205,212,"[141, 132, 128, 161]"
82,30,car,994,67,"[964, 35, 61, 64]"
82,11,car,425,132,"[394, 104, 62, 57]"
83,1,car,367,248,"[328, 217, 79, 63]"
83,2,car,128,337,"[80, 295, 97, 84]"
83,3,car,291,278,"[247, 245, 88, 66]"
83,4,car,384,142,"[358, 121, 52, 43]"
83,5,car,939,287,"[891, 245, 97, 84]"
83,6,car,449,165,"[417, 142, 64, 47]"
83,7,car,409,194,"[373, 166, 72, 56]"
83,9,car,325,165,"[295, 139, 60, 52]"
83,15,car,865,110,"[839, 90, 52, 40]"
83,18,car,900,86,"[877, 68, 47, 37]"
83,32,car,414,491,"[344, 436, 141, 111]"
83,17,truck,81,166,"[17, 77, 128, 178]"
83,62,car,688,44,"[667, 27, 43, 34]"
83,58,car,951,198,"[915, 169, 73, 59]"
83,10,truck,205,212,"[141, 131, 128, 162]"
83,30,car,993,66,"[963, 33, 61, 67]"
83,11,car,425,132,"[394, 103, 63, 59]"
83,38,car,567,77,"[540, 55, 54, 44]"
84,1,car,368,247,"[329, 216, 78, 62]"
84,2,car,130,335,"[82, 294, 96, 83]"
84,3,car,291,276,"[247, 243, 89, 67]"
84,4,car,384,142,"[359, 121, 51, 42]"
84,5,car,942,289,"[894, 247, 97, 84]"
84,6,car,450,164,"[419, 141, 63, 46]"
84,7,car,410,192,"[375, 165, 70, 55]"
84,9,car,326,164,"[296, 138, 60, 52]"
84,15,car,864,111,"[839, 92, 51, 39]"
84,18,car,899,86,"[876, 68, 46, 37]"
84,32,car,413,488,"[343, 433, 141, 111]"
84,17,truck,81,165,"[17, 77, 129, 177]"
84,62,car,689,43,"[668, 27, 42, 33]"
84,58,car,952,199,"[916, 169, 73, 61]"
84,10,truck,206,211,"[142, 131, 128, 161]"
84,30,car,992,66,"[962, 32, 60, 68]"
84,11,car,426,128,"[399, 103, 55, 51]"
84,71,car,938,163,"[904, 137, 68, 53]"
85,1,car,368,246,"[329, 215, 78, 62]"
85,2,car,130,334,"[82, 293, 96, 82]"
85,3,car,293,276,"[249, 242, 89, 68]"
85,4,car,385,141,"[360, 120, 51, 42]"
85,5,car,945,291,"[896, 249, 98, 84]"
85,6,car,452,163,"[422, 141, 61, 45]"
85,7,car,410,191,"[376, 164, 69, 54]"
85,9,car,329,163,"[299, 137, 60, 52]"
85,15,car,863,112,"[838, 92, 51, 40]"
85,18,car,898,87,"[876, 69, 45, 36]"
85,32,car,411,485,"[342, 431, 138, 108]"
85,17,truck,82,165,"[18, 77, 129, 176]"
85,62,car,690,43,"[669, 27, 42, 33]"
85,58,car,954,200,"[917, 170, 74, 60]"
85,10,truck,207,211,"[143, 130, 128, 162]"
85,30,car,991,66,"[963, 33, 57, 67]"
85,11,car,427,125,"[402, 102, 50, 47]"
85,71,car,938,164,"[903, 137, 70, 55]"
86,1,car,367,246,"[328, 215, 79, 62]"
86,2,car,130,330,"[79, 286, 103, 88]"
86,3,car,294,275,"[249, 241, 90, 68]"
86,4,car,386,140,"[361, 120, 51, 41]"
86,5,car,947,292,"[898, 250, 98, 85]"
86,6,car,455,162,"[425, 140, 60, 45]"
86,7,car,411,190,"[377, 164, 69, 53]"
86,9,car,330,162,"[300, 137, 60, 51]"
86,15,car,863,112,"[837, 92, 52, 40]"
86,18,car,898,87,"[875, 69, 46, 37]"
86,32,car,409,483,"[341, 429, 137, 108]"
86,17,truck,84,165,"[19, 77, 130, 176]"
86,62,car,691,42,"[671, 26, 41, 33]"
86,58,car,956,200,"[920, 171, 72, 59]"
86,10,truck,208,210,"[144, 129, 129, 162]"
86,30,car,991,66,"[963, 33, 56, 67]"
86,11,car,428,123,"[404, 101, 49, 45]"
86,71,car,937,165,"[901, 137, 73, 57]"
86,42,car,675,60,"[658, 45, 35, 30]"
87,1,car,367,244,"[328, 213, 79, 63]"
87,2,car,131,329,"[81, 286, 100, 86]"
87,3,car,296,273,"[252, 239, 89, 68]"
87,4,car,387,140,"[362, 120, 51, 41]"
87,5,car,949,293,"[900, 251, 98, 85]"
87,6,car,456,162,"[426, 139, 61, 46]"
87,7,car,412,189,"[378, 163, 68, 53]"
87,9,car,332,162,"[302, 137, 60, 51]"
87,15,car,862,113,"[836, 93, 52, 40]"
87,18,car,896,88,"[873, 69, 47, 38]"
87,32,car,408,481,"[340, 427, 137, 108]"
87,17,truck,85,165,"[20, 77, 130, 176]"
87,62,car,692,42,"[672, 26, 41, 33]"
87,58,car,957,201,"[921, 172, 72, 59]"
87,10,truck,209,209,"[145, 128, 129, 162]"
87,30,car,989,67,"[962, 34, 55, 66]"
87,71,car,937,166,"[901, 137, 73, 58]"
87,42,car,676,60,"[659, 46, 35, 29]"
88,1,car,367,243,"[327, 212, 80, 63]"
88,2,car,131,328,"[82, 287, 98, 83]"
88,3,car,298,272,"[254, 239, 88, 66]"
88,4,car,388,140,"[363, 119, 51, 42]"
88,5,car,952,295,"[903, 253, 98, 84]"
88,6,car,456,161,"[427, 140, 59, 43]"
88,7,car,412,189,"[379, 163, 67, 52]"
88,9,car,332,161,"[303, 136, 59, 50]"
88,15,car,860,113,"[835, 94, 51, 39]"
88,18,car,895,88,"[873, 70, 45, 37]"
88,32,car,405,478,"[338, 425, 135, 106]"
88,17,truck,86,164,"[21, 77, 130, 175]"
88,62,car,693,42,"[673, 26, 41, 33]"
88,58,car,958,202,"[921, 172, 74, 60]"
88,10,truck,210,208,"[147, 128, 127, 161]"
88,71,car,937,167,"[901, 138, 73, 58]"
88,42,car,678,60,"[661, 46, 34, 28]"
88,16,car,989,80,"[966, 61, 46, 38]"
89,1,car,367,242,"[328, 211, 79, 63]"
89,2,car,131,329,"[83, 288, 96, 82]"
89,3,car,300,270,"[257, 238, 87, 65]"
89,4,car,390,139,"[364, 117, 53, 45]"
89,5,car,954,296,"[905, 254, 99, 85]"
89,6,car,457,160,"[428, 138, 59, 44]"
89,7,car,413,188,"[380, 163, 67, 51]"
89,9,car,333,160,"[304, 136, 58, 49]"
89,15,car,860,114,"[834, 94, 52, 40]"
89,18,car,894,88,"[872, 70, 45, 37]"
89,32,car,403,476,"[336, 423, 135, 106]"
89,17,truck,87,163,"[23, 76, 129, 175]"
89,62,car,694,42,"[674, 26, 41, 32]"
89,58,car,958,203,"[921, 173, 75, 60]"
89,10,truck,211,207,"[148, 127, 126, 160]"
89,71,car,938,167,"[902, 138, 72, 59]"
89,42,car,681,59,"[665, 45, 33, 28]"
89,16,car,988,80,"[965, 61, 47, 39]"
89,11,car,433,123,"[408, 100, 50, 46]"
90,1,car,368,241,"[329, 210, 78, 62]"
90,2,car,132,328,"[85, 288, 94, 80]"
90,3,car,302,269,"[259, 237, 87, 65]"
90,4,car,392,139,"[366, 117, 52, 44]"
90,5,car,957,298,"[907, 255, 100, 86]"
90,6,car,458,159,"[429, 138, 59, 43]"
90,7,car,415,187,"[382, 162, 67, 51]"
90,9,car,334,159,"[305, 135, 58, 49]"
90,15,car,860,114,"[834, 95, 52, 39]"
90,18,car,894,88,"[872, 70, 45, 37]"
90,32,car,402,474,"[335, 421, 134, 106]"
90,17,truck,88,162,"[24, 75, 129, 175]"
90,62,car,696,43,"[674, 26, 45, 34]"
90,58,car,960,204,"[922, 173, 76, 62]"
90,10,truck,211,205,"[148, 126, 126, 159]"
90,71,car,938,167,"[903, 139, 70, 56]"
90,16,car,988,81,"[965, 62, 46, 38]"
90,11,car,434,123,"[409, 100, 51, 47]"
90,30,car,987,72,"[963, 42, 49, 60]"
91,1,car,369,240,"[330, 210, 78, 61]"
91,2,car,133,326,"[86, 286, 94, 81]"
91,3,car,303,268,"[260, 235, 87, 66]"
91,4,car,393,138,"[367, 117, 52, 43]"
91,5,car,959,299,"[910, 257, 99, 85]"
91,6,car,459,159,"[429, 137, 61, 44]"
91,7,car,417,187,"[383, 161, 69, 52]"
91,9,car,335,158,"[306, 134, 59, 49]"
91,15,car,860,115,"[834, 96, 52, 39]"
91,18,car,894,89,"[872, 71, 45, 36]"
91,32,car,400,471,"[334, 419, 132, 105]"
91,17,truck,90,162,"[26, 75, 129, 174]"
91,62,car,699,41,"[678, 25, 42, 33]"
91,58,car,961,205,"[923, 174, 76, 62]"
91,10,truck,212,205,"[150, 126, 125, 158]"
91,71,car,939,168,"[905, 140, 68, 56]"
91,16,car,987,82,"[965, 64, 45, 37]"
91,11,car,436,123,"[411, 100, 51, 47]"
92,1,car,369,239,"[330, 208, 78, 62]"
92,2,car,134,319,"[81, 273, 106, 92]"
92,3,car,303,267,"[260, 234, 87, 67]"
92,4,car,394,138,"[369, 116, 51, 44]"
92,5,car,961,300,"[911, 258, 100, 85]"
92,6,car,460,158,"[429, 136, 62, 45]"
92,7,car,418,186,"[384, 160, 69, 52]"
92,9,car,337,158,"[308, 134, 58, 48]"
92,15,car,859,115,"[833, 96, 52, 39]"
92,18,car,893,89,"[870, 71, 46, 36]"
92,32,car,397,469,"[332, 417, 131, 104]"
92,17,truck,91,162,"[27, 75, 129, 174]"
92,62,car,702,40,"[681, 24, 42, 33]"
92,58,car,963,206,"[925, 175, 76, 62]"
92,10,truck,213,205,"[150, 126, 126, 158]"
92,71,car,939,169,"[905, 141, 68, 56]"
92,16,car,986,83,"[964, 64, 45, 38]"
92,11,car,437,124,"[411, 100, 52, 48]"
92,42,car,686,57,"[669, 44, 34, 27]"
93,1,car,369,238,"[330, 208, 78, 60]"
93,2,car,134,314,"[78, 264, 113, 100]"
93,3,car,304,267,"[261, 234, 86, 66]"
93,4,car,394,137,"[369, 116, 51, 43]"
93,5,car,963,301,"[913, 258, 101, 87]"
93,6,car,460,158,"[430, 136, 61, 45]"
93,7,car,419,185,"[385, 159, 68, 52]"
93,9,car,338,157,"[309, 133, 58, 49]"
93,15,car,858,115,"[831, 94, 55, 42]"
93,18,car,892,89,"[869, 71, 46, 37]"
93,32,car,396,466,"[332, 416, 128, 101]"
93,17,truck,92,162,"[28, 75, 129, 174]"
93,62,car,703,40,"[683, 24, 41, 33]"
93,58,car,964,207,"[926, 176, 76, 62]"
93,10,truck,214,205,"[151, 126, 126, 158]"
93,71,car,939,170,"[906, 143, 66, 54]"
93,16,car,984,83,"[961, 63, 47, 40]"
93,11,car,437,125,"[411, 100, 53, 50]"
93,42,car,687,57,"[670, 43, 34, 28]"
93,30,car,984,71,"[958, 39, 52, 64]"
94,1,car,369,237,"[331, 207, 77, 60]"
94,2,car,134,314,"[79, 265, 111, 99]"
94,3,car,305,265,"[263, 233, 85, 65]"
94,4,car,396,137,"[371, 116, 50, 42]"
94,5,car,966,303,"[916, 260, 101, 87]"
94,6,car,461,157,"[431, 135, 61, 45]"
94,7,car,420,184,"[386, 158, 68, 52]"
94,9,car,338,157,"[308, 132, 60, 50]"
94,15,car,857,115,"[829, 94, 57, 43]"
94,18,car,891,90,"[868, 72, 46, 37]"
94,32,car,394,463,"[330, 413, 128, 101]"
94,17,truck,94,161,"[30, 74, 128, 174]"
94,62,car,705,40,"[685, 24, 41, 32]"
94,58,car,965,207,"[927, 177, 76, 61]"
94,10,truck,215,205,"[152, 126, 126, 158]"
94,71,car,939,171,"[906, 144, 66, 54]"
94,16,car,983,83,"[960, 64, 47, 39]"
94,30,car,983,69,"[956, 36, 54, 67]"
95,1,car,370,235,"[332, 206, 77, 59]"
95,2,car,135,317,"[84, 271, 103, 92]"
95,3,car,306,264,"[265, 233, 83, 63]"
95,4,car,397,136,"[372, 115, 50, 42]"
95,5,car,969,305,"[918, 261, 102, 88]"
95,6,car,463,157,"[433, 135, 60, 44]"
95,7,car,422,183,"[388, 158, 68, 51]"
95,9,car,340,157,"[310, 132, 60, 50]"
95,15,car,858,115,"[829, 94, 58, 43]"
95,18,car,890,91,"[867, 73, 46, 36]"
95,32,car,393,461,"[328, 410, 130, 102]"
95,17,truck,95,160,"[31, 73, 129, 174]"
95,62,car,707,40,"[686, 24, 42, 33]"
95,58,car,966,208,"[929, 177, 75, 62]"
95,10,truck,216,204,"[153, 125, 126, 158]"
95,71,car,939,171,"[906, 144, 67, 55]"
95,16,car,982,84,"[959, 65, 47, 39]"
95,30,car,982,71,"[956, 38, 52, 66]"
96,1,car,371,234,"[332, 205, 78, 59]"
96,2,car,136,318,"[87, 274, 98, 88]"
96,3,car,307,263,"[266, 232, 83, 63]"
96,4,car,399,136,"[374, 115, 50, 42]"
96,5,car,972,306,"[921, 262, 102, 88]"
96,6,car,463,156,"[434, 135, 59, 42]"
96,7,car,422,182,"[388, 157, 68, 51]"
96,9,car,340,156,"[311, 132, 59, 49]"
96,15,car,858,116,"[829, 94, 58, 44]"
96,18,car,890,91,"[867, 73, 46, 36]"
96,32,car,391,458,"[326, 407, 130, 103]"
96,17,truck,96,159,"[32, 73, 128, 173]"
96,62,car,708,40,"[687, 24, 43, 33]"
96,58,car,968,208,"[931, 178, 74, 61]"
96,10,truck,217,203,"[154, 125, 126, 157]"
96,71,car,940,172,"[907, 144, 67, 56]"
96,16,car,982,85,"[960, 67, 45, 37]"
96,11,car,440,120,"[416, 98, 48, 44]"
97,1,car,371,234,"[333, 204, 77, 60]"
97,2,car,136,318,"[89, 276, 95, 84]"
97,3,car,309,263,"[268, 232, 82, 62]"
97,4,car,401,135,"[376, 114, 50, 43]"
97,5,car,975,307,"[924, 264, 102, 87]"
97,6,car,465,155,"[435, 134, 60, 43]"
97,7,car,423,182,"[390, 157, 67, 50]"
97,9,car,341,155,"[312, 131, 58, 49]"
97,15,car,857,116,"[828, 94, 58, 45]"
97,18,car,889,91,"[866, 73, 47, 37]"
97,32,car,390,456,"[325, 405, 130, 103]"
97,17,truck,97,159,"[33, 72, 128, 174]"
97,62,car,709,39,"[689, 23, 41, 33]"
97,58,car,969,209,"[932, 178, 74, 62]"
97,10,truck,217,202,"[155, 124, 125, 156]"
97,71,car,941,173,"[907, 145, 68, 56]"
97,16,car,982,86,"[960, 68, 44, 36]"
97,11,car,440,119,"[417, 97, 47, 44]"
97,42,car,692,56,"[675, 43, 34, 27]"
98,1,car,372,232,"[334, 203, 76, 59]"
98,2,car,137,313,"[86, 268, 102, 91]"
98,3,car,310,262,"[269, 232, 82, 61]"
98,4,car,402,135,"[377, 114, 51, 43]"
98,5,car,977,309,"[926, 265, 103, 88]"
98,6,car,465,155,"[436, 134, 59, 43]"
98,7,car,424,181,"[390, 156, 68, 51]"
98,9,car,341,155,"[313, 131, 57, 48]"
98,15,car,855,117,"[827, 96, 57, 43]"
98,18,car,888,92,"[865, 74, 47, 36]"
98,32,car,388,453,"[323, 402, 130, 103]"
98,17,truck,98,158,"[34, 72, 128, 172]"
98,62,car,711,37,"[693, 23, 36, 28]"
98,58,car,969,210,"[932, 179, 75, 62]"
98,10,truck,218,201,"[156, 124, 125, 155]"
98,71,car,941,173,"[907, 145, 68, 57]"
98,16,car,981,86,"[959, 68, 45, 37]"
98,42,car,693,56,"[676, 43, 35, 27]"
99,1,car,372,232,"[335, 203, 74, 58]"
99,2,car,137,310,"[85, 263, 104, 94]"
99,3,car,310,261,"[269, 230, 83, 62]"
99,4,car,403,134,"[379, 113, 49, 43]"
99,5,car,980,310,"[928, 266, 104, 89]"
99,6,car,467,154,"[437, 133, 60, 43]"
99,7,car,424,181,"[391, 156, 67, 50]"
99,9,car,343,155,"[315, 131, 57, 48]"
99,15,car,854,118,"[826, 97, 57, 43]"
99,18,car,888,92,"[864, 74, 48, 36]"
99,32,car,387,451,"[322, 399, 131, 105]"
99,17,truck,99,157,"[36, 71, 127, 173]"
99,62,car,712,36,"[695, 23, 34, 26]"
99,58,car,971,211,"[934, 180, 75, 62]"
99,10,truck,219,200,"[157, 124, 124, 153]"
99,71,car,942,174,"[908, 145, 68, 58]"
99,16,car,980,87,"[958, 69, 45, 36]"
99,42,car,694,56,"[677, 43, 35, 27]"
99,75,car,1066,25,"[1041, 0, 50, 50]"
100,1,car,373,231,"[336, 203, 74, 57]"
100,2,car,138,309,"[87, 263, 102, 92]"
100,3,car,311,260,"[270, 229, 83, 62]"
100,4,car,405,134,"[380, 113, 50, 43]"
100,5,car,983,312,"[930, 267, 106, 90]"
100,6,car,469,153,"[439, 132, 60, 43]"
100,7,car,425,181,"[391, 155, 68, 52]"
100,9,car,345,154,"[317, 130, 57, 48]"
100,15,car,854,119,"[826, 97, 56, 44]"
100,18,car,887,92,"[863, 73, 49, 38]"
100,32,car,386,449,"[322, 398, 129, 103]"
100,17,truck,99,157,"[36, 71, 127, 172]"
100,58,car,973,212,"[935, 181, 76, 62]"
100,10,truck,219,199,"[157, 123, 125, 153]"
100,71,car,942,175,"[909, 146, 67, 58]"
100,16,car,980,87,"[958, 69, 44, 36]"
100,42,car,697,56,"[679, 43, 36, 27]"
100,75,car,1065,25,"[1040, 0, 51, 50]"
100,77,car,463,698,"[346, 680, 234, 37]"
101,1,car,373,230,"[335, 201, 76, 58]"
101,2,car,139,308,"[89, 263, 101, 91]"
101,3,car,313,259,"[272, 228, 82, 62]"
101,4,car,406,134,"[381, 113, 50, 42]"
101,5,car,986,313,"[933, 268, 106, 91]"
101,6,car,471,152,"[442, 131, 59, 43]"
101,7,car,426,179,"[392, 154, 68, 51]"
101,9,car,346,153,"[318, 130, 57, 47]"
101,15,car,853,119,"[826, 98, 55, 43]"
101,18,car,886,92,"[862, 73, 49, 38]"
101,32,car,385,447,"[321, 396, 128, 102]"
101,17,truck,101,157,"[38, 72, 126, 171]"
101,58,car,975,213,"[937, 182, 76, 63]"
101,10,truck,220,198,"[158, 122, 125, 153]"
101,71,car,943,175,"[910, 147, 66, 57]"
101,16,car,979,88,"[957, 70, 45, 36]"
101,42,car,699,56,"[681, 43, 36, 27]"
101,77,car,452,696,"[322, 676, 260, 41]"
101,79,car,972,56,"[950, 37, 45, 39]"
101,11,car,448,117,"[425, 97, 46, 41]"
101,62,car,715,36,"[696, 22, 38, 29]"
102,1,car,373,229,"[335, 200, 76, 58]"
102,2,car,140,307,"[91, 263, 99, 89]"
102,3,car,314,257,"[273, 227, 82, 61]"
102,4,car,406,134,"[382, 113, 49, 42]"
102,5,car,988,314,"[934, 268, 109, 93]"
102,6,car,472,152,"[442, 130, 60, 44]"
102,7,car,427,178,"[394, 152, 67, 52]"
102,9,car,348,154,"[320, 131, 56, 46]"
102,15,car,853,120,"[825, 99, 56, 42]"
102,18,car,886,92,"[861, 73, 50, 39]"
102,32,car,383,445,"[320, 395, 126, 100]"
102,17,truck,102,157,"[39, 72, 126, 170]"
102,58,car,976,215,"[938, 184, 77, 62]"
102,10,truck,220,198,"[158, 121, 125, 154]"
102,71,car,944,176,"[911, 148, 66, 56]"
102,16,car,979,88,"[957, 70, 44, 36]"
102,42,car,700,56,"[682, 43, 37, 27]"
102,77,car,442,690,"[281, 665, 323, 51]"
102,79,car,971,56,"[949, 37, 44, 39]"
102,62,car,717,37,"[697, 22, 40, 30]"
102,37,car,894,26,"[868, 7, 52, 39]"
103,1,car,373,229,"[335, 200, 76, 58]"
103,2,car,141,307,"[93, 264, 96, 87]"
103,3,car,315,257,"[274, 226, 82, 62]"
103,4,car,407,133,"[383, 112, 49, 42]"
103,5,car,991,316,"[937, 269, 108, 94]"
103,6,car,472,152,"[442, 130, 60, 44]"
103,7,car,427,177,"[394, 152, 67, 51]"
103,9,car,348,153,"[320, 130, 56, 46]"
103,15,car,852,120,"[825, 99, 55, 43]"
103,18,car,884,93,"[859, 73, 51, 40]"
103,32,car,381,443,"[318, 393, 126, 101]"
103,17,truck,103,156,"[40, 71, 126, 170]"
103,58,car,977,215,"[939, 184, 77, 63]"
103,10,truck,221,197,"[159, 120, 125, 154]"
103,71,car,943,176,"[911, 148, 65, 57]"
103,16,car,978,88,"[956, 70, 45, 37]"
103,42,car,702,55,"[683, 41, 39, 28]"
103,77,car,435,689,"[269, 662, 332, 54]"
103,79,car,968,57,"[947, 38, 43, 38]"
103,37,car,894,25,"[870, 7, 49, 37]"
104,1,car,373,228,"[335, 199, 76, 58]"
104,2,car,142,307,"[95, 264, 95, 86]"
104,3,car,317,256,"[276, 225, 83, 62]"
104,4,car,409,133,"[384, 112, 50, 43]"
104,5,car,994,317,"[940, 271, 108, 93]"
104,6,car,472,151,"[443, 129, 59, 44]"
104,7,car,429,177,"[396, 152, 66, 50]"
104,9,car,349,153,"[321, 130, 56, 46]"
104,15,car,852,121,"[825, 100, 54, 42]"
104,18,car,884,93,"[858, 73, 52, 41]"
104,32,car,379,441,"[317, 391, 125, 100]"
104,17,truck,103,156,"[41, 71, 125, 170]"
104,58,car,978,216,"[940, 185, 76, 62]"
104,10,truck,222,196,"[160, 120, 125, 152]"
104,71,car,944,177,"[912, 149, 65, 56]"
104,16,car,977,89,"[955, 71, 45, 37]"
104,42,car,704,55,"[684, 40, 40, 30]"
104,77,car,429,687,"[259, 659, 340, 56]"
104,79,car,968,57,"[947, 38, 43, 38]"
104,37,car,895,25,"[870, 7, 51, 37]"
104,62,car,720,36,"[700, 21, 40, 31]"
105,1,car,373,227,"[335, 198, 77, 58]"
105,2,car,142,308,"[97, 267, 91, 82]"
105,3,car,319,255,"[278, 225, 82, 61]"
105,4,car,409,133,"[384, 112, 50, 43]"
105,5,car,997,318,"[943, 271, 109, 94]"
105,6,car,473,150,"[443, 128, 60, 44]"
105,7,car,429,175,"[396, 150, 66, 51]"
105,9,car,350,152,"[322, 129, 57, 46]"
105,15,car,851,122,"[824, 101, 54, 42]"
105,18,car,883,93,"[857, 73, 52, 41]"
105,32,car,378,439,"[316, 389, 124, 100]"
105,17,truck,104,156,"[42, 71, 125, 170]"
105,58,car,980,217,"[942, 186, 76, 62]"
105,10,truck,223,195,"[161, 119, 125, 153]"
105,71,car,945,178,"[913, 150, 65, 56]"
105,16,car,976,89,"[954, 71, 45, 37]"
105,42,car,706,54,"[686, 40, 40, 29]"
105,77,car,423,686,"[250, 657, 347, 58]"
105,79,car,967,58,"[946, 39, 43, 38]"
105,62,car,721,35,"[701, 20, 41, 31]"
106,1,car,374,226,"[336, 197, 77, 58]"
106,2,car,143,304,"[95, 260, 97, 88]"
106,3,car,320,254,"[279, 224, 82, 61]"
106,4,car,410,133,"[386, 112, 49, 42]"
106,5,car,1000,320,"[946, 273, 109, 94]"
106,6,car,474,149,"[445, 128, 58, 43]"
106,7,car,431,174,"[398, 149, 67, 51]"
106,9,car,352,151,"[324, 128, 57, 47]"
106,15,car,850,122,"[823, 101, 55, 42]"
106,18,car,883,94,"[857, 73, 52, 42]"
106,32,car,376,436,"[314, 387, 124, 98]"
106,17,truck,106,155,"[43, 70, 126, 171]"
106,58,car,981,218,"[943, 187, 77, 62]"
106,10,truck,224,195,"[162, 119, 125, 152]"
106,71,car,946,178,"[913, 150, 66, 57]"
106,16,car,975,90,"[953, 72, 45, 36]"
106,42,car,707,55,"[688, 41, 39, 28]"
106,77,car,418,684,"[237, 653, 362, 62]"
106,79,car,966,58,"[944, 38, 45, 40]"
106,62,car,723,36,"[702, 20, 43, 33]"
107,1,car,375,225,"[336, 196, 78, 58]"
107,2,car,144,299,"[93, 252, 103, 95]"
107,3,car,321,254,"[279, 223, 85, 62]"
107,4,car,411,133,"[388, 112, 47, 42]"
107,5,car,1003,321,"[949, 274, 109, 94]"
107,6,car,475,149,"[445, 128, 60, 43]"
107,7,car,432,174,"[399, 149, 66, 50]"
107,9,car,353,151,"[325, 127, 57, 48]"
107,15,car,850,122,"[823, 101, 54, 42]"
107,18,car,882,95,"[856, 74, 52, 42]"
107,32,car,375,434,"[314, 385, 122, 98]"
107,17,truck,107,154,"[44, 69, 126, 171]"
107,58,car,983,218,"[944, 187, 78, 63]"
107,10,truck,226,194,"[163, 118, 126, 153]"
107,71,car,945,179,"[912, 150, 67, 58]"
107,16,car,975,90,"[953, 72, 45, 36]"
107,42,car,708,55,"[689, 41, 39, 28]"
107,77,car,412,682,"[223, 648, 379, 68]"
107,79,car,965,58,"[943, 39, 45, 39]"
107,62,car,725,36,"[704, 19, 43, 34]"
107,11,car,456,119,"[431, 96, 51, 47]"
107,37,car,899,24,"[875, 6, 49, 36]"
108,1,car,375,223,"[338, 195, 75, 57]"
108,2,car,145,301,"[97, 257, 96, 89]"
108,3,car,322,252,"[280, 221, 85, 63]"
108,4,car,412,132,"[389, 112, 47, 41]"
108,5,car,1006,322,"[951, 275, 110, 95]"
108,6,car,476,148,"[447, 127, 58, 43]"
108,7,car,433,174,"[401, 149, 65, 50]"
108,9,car,354,150,"[326, 127, 57, 47]"
108,15,car,849,122,"[822, 101, 55, 43]"
108,18,car,881,95,"[856, 76, 50, 39]"
108,32,car,374,432,"[313, 384, 122, 97]"
108,17,truck,108,154,"[45, 69, 126, 171]"
108,58,car,984,219,"[945, 187, 78, 64]"
108,10,truck,226,194,"[164, 118, 125, 153]"
108,71,car,945,180,"[912, 151, 67, 58]"
108,16,car,974,90,"[952, 72, 45, 36]"
108,42,car,709,54,"[690, 41, 38, 27]"
108,77,car,406,680,"[210, 644, 392, 72]"
108,79,car,964,59,"[942, 39, 45, 40]"
108,62,car,726,36,"[704, 19, 45, 35]"
108,80,car,616,55,"[592, 39, 48, 33]"
108,11,car,457,118,"[432, 95, 51, 46]"
109,1,car,377,223,"[339, 194, 76, 58]"
109,2,car,145,302,"[99, 259, 93, 86]"
109,3,car,323,251,"[281, 220, 84, 62]"
109,4,car,413,132,"[390, 112, 47, 41]"
109,5,car,1009,324,"[954, 277, 111, 95]"
109,6,car,477,147,"[449, 127, 57, 41]"
109,7,car,435,173,"[403, 149, 64, 49]"
109,9,car,355,150,"[327, 127, 57, 47]"
109,15,car,849,122,"[821, 101, 56, 43]"
109,18,car,880,96,"[856, 77, 49, 39]"
109,32,car,373,430,"[312, 382, 122, 97]"
109,17,truck,109,154,"[46, 69, 126, 171]"
109,58,car,985,221,"[946, 189, 78, 64]"
109,10,truck,226,193,"[164, 117, 125, 153]"
109,71,car,946,180,"[913, 151, 66, 58]"
109,16,car,973,90,"[950, 72, 46, 37]"
109,42,car,710,54,"[692, 41, 37, 27]"
109,77,car,401,678,"[201, 640, 400, 76]"
109,79,car,964,59,"[942, 40, 44, 39]"
109,62,car,727,36,"[705, 19, 45, 34]"
109,80,car,618,55,"[595, 39, 47, 33]"
110,1,car,377,221,"[341, 194, 73, 55]"
110,2,car,146,301,"[101, 260, 90, 83]"
110,3,car,323,249,"[282, 219, 83, 60]"
110,4,car,415,132,"[391, 111, 48, 42]"
110,5,car,1012,326,"[957, 279, 111, 95]"
110,6,car,479,146,"[451, 127, 56, 39]"
110,7,car,436,173,"[404, 148, 65, 50]"
110,9,car,355,150,"[327, 127, 57, 47]"
110,15,car,848,123,"[821, 102, 55, 43]"
110,18,car,879,97,"[855, 77, 49, 40]"
110,32,car,371,428,"[311, 380, 121, 96]"
110,17,truck,110,154,"[47, 69, 126, 170]"
110,58,car,987,222,"[948, 190, 78, 64]"
110,10,truck,228,193,"[166, 117, 124, 152]"
110,71,car,946,180,"[913, 152, 66, 57]"
110,16,car,972,90,"[949, 72, 47, 37]"
110,42,car,712,53,"[693, 39, 38, 28]"
110,77,car,395,676,"[190, 636, 411, 81]"
110,79,car,963,59,"[941, 40, 44, 39]"
110,62,car,728,36,"[706, 20, 44, 33]"
110,80,car,621,55,"[598, 39, 46, 33]"
111,1,car,378,220,"[342, 193, 73, 55]"
111,2,car,147,300,"[103, 260, 89, 80]"
111,3,car,324,248,"[283, 218, 83, 60]"
111,5,car,1016,328,"[960, 280, 112, 97]"
111,6,car,481,145,"[454, 126, 54, 38]"
111,7,car,437,172,"[405, 147, 65, 50]"
111,9,car,356,150,"[328, 127, 56, 46]"
111,15,car,848,124,"[820, 102, 56, 44]"
111,18,car,879,97,"[855, 78, 49, 39]"
111,32,car,370,425,"[310, 377, 121, 96]"
111,17,truck,110,153,"[48, 68, 125, 170]"
111,58,car,988,222,"[949, 190, 79, 65]"
111,10,truck,228,191,"[167, 117, 123, 149]"
111,71,car,946,182,"[913, 153, 67, 58]"
111,16,car,972,91,"[948, 73, 48, 37]"
111,42,car,712,53,"[693, 39, 39, 28]"
111,77,car,390,673,"[180, 630, 421, 87]"
111,79,car,962,59,"[939, 40, 46, 39]"
112,1,car,379,220,"[343, 193, 72, 54]"
112,2,car,148,300,"[105, 261, 87, 78]"
112,3,car,324,247,"[283, 217, 83, 61]"
112,5,car,1019,330,"[963, 282, 112, 97]"
112,6,car,481,145,"[454, 126, 55, 38]"
112,7,car,439,171,"[407, 147, 64, 49]"
112,9,car,357,149,"[330, 126, 55, 47]"
112,15,car,848,124,"[820, 102, 56, 44]"
112,18,car,878,97,"[854, 78, 49, 39]"
112,32,car,368,423,"[309, 376, 119, 95]"
112,17,truck,111,152,"[49, 68, 125, 169]"
112,58,car,990,223,"[950, 191, 80, 64]"
112,10,truck,230,190,"[169, 117, 122, 147]"
112,71,car,947,182,"[914, 153, 67, 58]"
112,16,car,971,91,"[947, 73, 49, 37]"
112,42,car,713,52,"[693, 37, 40, 30]"
112,77,car,385,671,"[172, 625, 427, 93]"
112,79,car,961,59,"[939, 40, 44, 39]"
112,37,car,912,24,"[884, 3, 57, 42]"
112,80,car,625,54,"[601, 37, 48, 35]"
113,1,car,379,219,"[343, 192, 73, 55]"
113,2,car,148,299,"[105, 260, 87, 78]"
113,3,car,326,247,"[285, 217, 83, 60]"
113,5,car,1022,332,"[966, 283, 112, 98]"
113,6,car,482,145,"[455, 126, 54, 38]"
113,7,car,439,171,"[408, 147, 63, 48]"
113,9,car,358,149,"[331, 126, 55, 46]"
113,15,car,847,125,"[819, 103, 56, 44]"
113,18,car,877,97,"[853, 78, 49, 39]"
113,32,car,367,421,"[308, 374, 119, 95]"
113,17,truck,112,152,"[50, 68, 125, 168]"
113,58,car,991,224,"[952, 192, 79, 64]"
113,10,truck,231,189,"[170, 116, 122, 147]"
113,71,car,948,182,"[914, 153, 68, 58]"
113,16,car,971,92,"[947, 73, 49, 38]"
113,42,car,713,51,"[694, 36, 39, 31]"
113,77,car,379,669,"[167, 621, 425, 97]"
113,79,car,959,59,"[937, 40, 44, 39]"
113,37,car,914,23,"[886, 3, 57, 41]"
113,80,car,626,54,"[602, 37, 48, 34]"
114,1,car,380,218,"[344, 191, 72, 55]"
114,2,car,149,298,"[106, 260, 86, 77]"
114,3,car,327,246,"[286, 216, 83, 60]"
114,5,car,1025,333,"[969, 285, 112, 97]"
114,6,car,482,145,"[455, 126, 55, 38]"
114,7,car,440,170,"[409, 146, 63, 48]"
114,9,car,359,148,"[332, 125, 55, 46]"
114,15,car,846,125,"[819, 104, 55, 43]"
114,18,car,877,98,"[853, 79, 49, 39]"
114,32,car,366,419,"[307, 372, 119, 94]"
114,17,truck,114,151,"[52, 67, 124, 169]"
114,58,car,993,225,"[953, 193, 80, 64]"
114,10,truck,232,189,"[171, 116, 122, 147]"
114,71,car,949,183,"[916, 154, 66, 58]"
114,16,car,970,92,"[946, 73, 49, 38]"
114,77,car,374,667,"[165, 618, 418, 99]"
114,79,car,958,60,"[936, 41, 44, 38]"
114,80,car,627,53,"[603, 36, 49, 35]"
115,1,car,380,217,"[344, 190, 73, 55]"
115,2,car,149,294,"[103, 253, 93, 83]"
115,3,car,328,245,"[288, 216, 81, 58]"
115,5,car,1029,335,"[974, 287, 110, 96]"
115,6,car,484,144,"[457, 125, 54, 39]"
115,7,car,441,170,"[410, 147, 63, 47]"
115,9,car,361,147,"[334, 124, 55, 46]"
115,15,car,845,126,"[818, 105, 55, 43]"
115,18,car,876,98,"[852, 79, 49, 39]"
115,32,car,365,417,"[306, 370, 119, 95]"
115,17,truck,115,151,"[53, 67, 124, 168]"
115,58,car,994,225,"[954, 193, 81, 65]"
115,10,truck,233,189,"[172, 116, 123, 146]"
115,71,car,949,184,"[916, 155, 66, 58]"
115,16,car,970,92,"[946, 74, 49, 37]"
115,77,car,368,666,"[160, 614, 416, 104]"
115,79,car,957,60,"[935, 41, 44, 39]"
115,80,car,628,53,"[605, 36, 47, 34]"
115,4,car,422,128,"[399, 108, 46, 40]"
115,37,car,916,20,"[891, 3, 50, 35]"
116,1,car,380,216,"[344, 189, 73, 55]"
116,2,car,150,290,"[101, 246, 99, 89]"
116,3,car,329,243,"[289, 214, 81, 59]"
116,5,car,1031,336,"[976, 288, 111, 96]"
116,6,car,485,144,"[458, 125, 55, 38]"
116,7,car,441,170,"[410, 146, 63, 48]"
116,9,car,363,146,"[335, 123, 56, 47]"
116,15,car,845,127,"[817, 105, 56, 44]"
116,18,car,876,99,"[852, 80, 48, 38]"
116,32,car,364,415,"[305, 368, 119, 95]"
116,17,truck,116,150,"[54, 66, 124, 169]"
116,58,car,996,226,"[955, 193, 82, 67]"
116,10,truck,234,188,"[173, 115, 123, 147]"
116,71,car,949,185,"[916, 156, 67, 58]"
116,16,car,969,92,"[945, 73, 49, 38]"
116,77,car,363,663,"[155, 609, 416, 109]"
116,79,car,955,61,"[933, 42, 44, 38]"
116,80,car,630,54,"[606, 36, 49, 36]"
116,4,car,423,128,"[400, 108, 46, 40]"
116,37,car,916,21,"[891, 3, 51, 36]"
116,62,car,729,42,"[702, 21, 55, 42]"
116,42,car,720,45,"[696, 26, 48, 39]"
117,1,car,381,216,"[345, 189, 73, 55]"
117,2,car,151,294,"[106, 254, 90, 80]"
117,3,car,331,242,"[290, 212, 82, 60]"
117,5,car,1034,338,"[978, 289, 113, 98]"
117,6,car,487,144,"[459, 125, 56, 38]"
117,7,car,443,169,"[411, 146, 64, 47]"
117,9,car,364,146,"[336, 123, 56, 46]"
117,15,car,844,127,"[817, 106, 55, 43]"
117,18,car,875,99,"[851, 80, 48, 38]"
117,32,car,363,413,"[305, 367, 116, 93]"
117,17,truck,117,150,"[55, 66, 124, 168]"
117,58,car,997,227,"[956, 194, 83, 67]"
117,10,truck,235,187,"[174, 114, 122, 146]"
117,71,car,950,185,"[917, 156, 67, 58]"
117,16,car,969,92,"[945, 73, 49, 38]"
117,77,car,358,661,"[154, 606, 408, 111]"
117,79,car,953,60,"[930, 40, 46, 41]"
117,80,car,631,53,"[608, 36, 46, 34]"
117,4,car,424,128,"[401, 108, 47, 40]"
117,37,car,917,21,"[891, 2, 53, 38]"
117,62,car,729,43,"[702, 22, 55, 42]"
118,1,car,382,215,"[345, 188, 74, 55]"
118,2,car,151,294,"[108, 256, 87, 77]"
118,3,car,331,241,"[290, 211, 82, 60]"
118,5,car,1038,340,"[981, 291, 114, 99]"
118,6,car,487,143,"[460, 124, 55, 39]"
118,7,car,443,169,"[411, 145, 65, 48]"
118,9,car,364,145,"[337, 122, 55, 47]"
118,15,car,844,128,"[816, 106, 56, 44]"
118,18,car,874,100,"[850, 81, 49, 38]"
118,32,car,361,412,"[304, 366, 114, 92]"
118,17,truck,118,150,"[56, 66, 124, 168]"
118,58,car,998,228,"[957, 194, 83, 68]"
118,10,truck,236,185,"[175, 113, 122, 145]"
118,71,car,951,185,"[917, 156, 69, 59]"
118,16,car,968,93,"[944, 74, 49, 38]"
118,77,car,353,659,"[152, 601, 403, 116]"
118,79,car,951,61,"[929, 42, 45, 39]"
118,80,car,629,54,"[605, 36, 48, 36]"
118,37,car,919,21,"[892, 1, 54, 40]"
118,62,car,732,43,"[704, 22, 56, 43]"
118,42,car,721,45,"[698, 26, 47, 39]"
119,1,car,382,214,"[345, 187, 74, 55]"
119,2,car,152,293,"[108, 254, 89, 78]"
119,3,car,332,240,"[291, 211, 82, 59]"
119,5,car,1041,342,"[984, 293, 115, 99]"
119,6,car,488,143,"[460, 123, 57, 40]"
119,7,car,444,167,"[412, 143, 65, 49]"
119,9,car,365,145,"[338, 123, 54, 45]"
119,15,car,844,128,"[816, 106, 56, 44]"
119,18,car,874,100,"[850, 81, 48, 38]"
119,32,car,361,409,"[304, 364, 114, 91]"
119,17,truck,118,149,"[56, 65, 125, 169]"
119,58,car,1001,229,"[960, 196, 82, 66]"
119,10,bus,236,185,"[175, 113, 123, 144]"
119,71,car,952,185,"[918, 156, 68, 59]"
119,16,car,968,93,"[944, 75, 48, 37]"
119,77,car,349,657,"[150, 597, 398, 121]"
119,79,car,950,62,"[928, 43, 45, 39]"
119,80,car,631,53,"[608, 36, 46, 35]"
119,37,car,920,21,"[894, 2, 53, 38]"
119,42,car,724,48,"[703, 31, 42, 35]"
120,1,car,382,214,"[345, 186, 75, 56]"
120,2,car,154,287,"[106, 244, 96, 86]"
120,3,car,334,240,"[293, 211, 82, 59]"
120,5,car,1045,344,"[987, 294, 116, 100]"
120,6,car,490,142,"[461, 122, 59, 41]"
120,7,car,446,167,"[414, 143, 65, 48]"
120,9,car,366,145,"[340, 123, 53, 44]"
120,15,car,843,128,"[815, 106, 57, 45]"
120,18,car,874,100,"[850, 81, 48, 39]"
120,32,car,360,407,"[304, 362, 113, 90]"
120,17,truck,119,149,"[57, 65, 125, 169]"
120,58,car,1002,230,"[961, 197, 83, 67]"
120,10,truck,237,182,"[177, 111, 121, 143]"
120,71,car,952,186,"[918, 156, 69, 60]"
120,16,car,968,94,"[944, 76, 48, 37]"
120,77,car,345,655,"[148, 593, 394, 125]"
120,79,car,950,62,"[926, 41, 48, 43]"
120,80,car,631,53,"[608, 36, 46, 34]"
120,37,car,920,21,"[895, 2, 51, 39]"
120,11,car,472,109,"[448, 88, 48, 42]"
121,1,car,383,213,"[346, 185, 75, 56]"
121,2,car,155,289,"[111, 250, 88, 78]"
121,3,car,336,240,"[295, 211, 82, 58]"
121,5,car,1048,346,"[990, 296, 117, 101]"
121,6,car,492,141,"[463, 121, 59, 41]"
121,7,car,448,167,"[416, 143, 64, 48]"
121,9,car,367,144,"[340, 122, 54, 44]"
121,15,car,843,129,"[815, 108, 56, 43]"
121,18,car,873,100,"[849, 81, 48, 39]"
121,32,car,359,405,"[302, 360, 114, 91]"
121,17,truck,121,149,"[59, 65, 124, 168]"
121,58,car,1005,232,"[963, 198, 84, 68]"
121,10,truck,238,182,"[177, 110, 123, 144]"
121,71,car,953,187,"[919, 157, 68, 60]"
121,16,car,967,94,"[944, 76, 47, 37]"
121,77,car,340,653,"[149, 589, 382, 128]"
121,79,car,949,63,"[925, 42, 49, 42]"
121,80,car,632,53,"[609, 36, 47, 35]"
121,91,car,628,57,"[600, 36, 57, 43]"
121,11,car,472,108,"[448, 87, 49, 42]"
122,1,car,384,212,"[347, 185, 74, 55]"
122,2,car,155,284,"[108, 242, 95, 85]"
122,3,car,337,239,"[296, 210, 83, 58]"
122,5,car,1052,347,"[995, 298, 115, 99]"
122,6,car,492,141,"[463, 120, 59, 42]"
122,7,car,449,166,"[417, 142, 64, 48]"
122,9,car,370,143,"[343, 121, 54, 45]"
122,15,car,842,130,"[814, 108, 57, 44]"
122,18,car,872,101,"[848, 82, 49, 39]"
122,32,car,358,404,"[302, 359, 113, 90]"
122,17,truck,123,148,"[61, 64, 124, 168]"
122,58,car,1007,233,"[965, 199, 84, 68]"
122,10,truck,239,181,"[179, 110, 121, 142]"
122,71,car,954,188,"[920, 158, 68, 60]"
122,16,car,967,95,"[943, 77, 48, 37]"
122,77,car,336,650,"[149, 585, 374, 131]"
122,79,car,948,64,"[925, 44, 47, 41]"
122,91,car,630,58,"[601, 36, 58, 45]"
123,1,car,384,211,"[348, 184, 72, 54]"
123,2,car,156,283,"[108, 239, 97, 88]"
123,3,car,338,238,"[297, 209, 83, 58]"
123,5,car,1057,349,"[1000, 300, 115, 99]"
123,6,car,492,141,"[463, 120, 59, 42]"
123,7,car,450,165,"[419, 142, 62, 47]"
123,9,car,370,143,"[343, 121, 54, 44]"
123,15,car,842,131,"[814, 109, 57, 44]"
123,18,car,872,102,"[847, 82, 50, 40]"
123,32,car,358,401,"[301, 356, 114, 91]"
123,17,truck,124,147,"[63, 64, 123, 167]"
123,58,car,1009,234,"[967, 201, 84, 67]"
123,10,truck,240,180,"[180, 109, 121, 142]"
123,71,car,954,189,"[920, 159, 69, 60]"
123,16,car,966,96,"[943, 78, 47, 36]"
123,77,car,330,649,"[148, 582, 364, 134]"
123,79,car,946,65,"[923, 45, 47, 40]"
123,91,car,631,59,"[601, 36, 61, 46]"
124,1,car,384,210,"[348, 183, 73, 54]"
124,2,car,156,284,"[111, 244, 91, 81]"
124,3,car,340,237,"[299, 208, 82, 58]"
124,5,car,1060,351,"[1002, 301, 116, 100]"
124,6,car,493,140,"[464, 120, 59, 41]"
124,7,car,450,164,"[419, 140, 63, 48]"
124,9,car,372,142,"[345, 120, 54, 45]"
124,15,car,842,131,"[813, 109, 58, 45]"
124,18,car,871,102,"[846, 83, 50, 39]"
124,32,car,357,399,"[301, 354, 112, 90]"
124,17,truck,125,147,"[64, 64, 123, 166]"
124,58,car,1010,235,"[969, 201, 83, 68]"
124,10,truck,241,180,"[181, 109, 121, 142]"
124,71,car,955,190,"[921, 160, 68, 60]"
124,16,car,966,97,"[943, 79, 46, 36]"
124,77,car,325,647,"[147, 579, 356, 137]"
124,79,car,945,66,"[923, 46, 45, 40]"
124,91,car,633,60,"[604, 38, 58, 44]"
124,80,car,638,52,"[616, 35, 45, 34]"
125,1,car,386,209,"[350, 182, 72, 54]"
125,2,car,158,283,"[114, 244, 88, 79]"
125,3,car,341,235,"[300, 207, 83, 57]"
125,5,car,1063,352,"[1005, 303, 116, 99]"
125,6,car,493,140,"[464, 119, 59, 42]"
125,7,car,451,164,"[420, 140, 63, 48]"
125,9,car,373,142,"[346, 120, 54, 44]"
125,15,car,842,132,"[813, 110, 58, 45]"
125,18,car,871,103,"[847, 84, 48, 38]"
125,32,car,356,397,"[300, 352, 113, 91]"
125,17,truck,126,146,"[65, 63, 123, 166]"
125,58,car,1012,236,"[971, 202, 83, 68]"
125,10,truck,242,179,"[182, 109, 120, 140]"
125,71,car,955,189,"[922, 160, 67, 59]"
125,16,car,965,97,"[942, 79, 47, 36]"
125,77,car,321,644,"[149, 575, 344, 139]"
125,79,car,944,66,"[922, 47, 45, 39]"
125,80,car,640,52,"[618, 35, 45, 34]"
126,1,car,387,208,"[350, 181, 74, 55]"
126,2,car,159,283,"[115, 244, 88, 78]"
126,3,car,343,234,"[302, 206, 83, 57]"
126,5,car,1065,354,"[1007, 303, 117, 102]"
126,6,car,493,139,"[464, 118, 58, 42]"
126,7,car,452,163,"[421, 139, 63, 48]"
126,9,car,374,142,"[347, 120, 54, 44]"
126,15,car,842,132,"[813, 110, 58, 45]"
126,18,car,870,103,"[846, 84, 49, 39]"
126,32,car,355,396,"[300, 352, 111, 89]"
126,17,truck,127,145,"[66, 63, 122, 165]"
126,58,car,1013,236,"[972, 203, 82, 67]"
126,10,truck,242,178,"[183, 109, 119, 138]"
126,71,car,956,190,"[922, 161, 68, 59]"
126,16,car,964,97,"[941, 79, 47, 36]"
126,77,car,317,641,"[152, 572, 330, 138]"
126,79,car,943,66,"[921, 46, 45, 40]"
126,80,car,642,51,"[620, 35, 45, 33]"
126,4,car,434,123,"[413, 104, 43, 38]"
127,1,car,388,207,"[352, 180, 72, 54]"
127,2,car,159,282,"[116, 243, 87, 78]"
127,3,car,344,233,"[303, 205, 83, 57]"
127,5,car,1066,355,"[1008, 304, 117, 103]"
127,6,car,494,138,"[465, 117, 58, 43]"
127,7,car,454,162,"[424, 139, 61, 47]"
127,9,car,374,141,"[348, 119, 53, 44]"
127,15,car,841,133,"[812, 110, 59, 46]"
127,18,car,870,104,"[845, 84, 50, 40]"
127,32,car,353,394,"[299, 350, 109, 88]"
127,17,truck,128,145,"[67, 63, 122, 165]"
127,58,car,1014,237,"[973, 204, 83, 67]"
127,10,truck,243,177,"[183, 108, 120, 139]"
127,71,car,956,191,"[922, 162, 69, 59]"
127,16,car,964,97,"[940, 79, 48, 36]"
127,77,car,313,637,"[155, 568, 316, 138]"
127,79,car,943,66,"[920, 46, 46, 41]"
127,80,car,644,51,"[622, 35, 45, 32]"
127,97,car,768,33,"[756, 17, 25, 32]"
127,4,car,435,122,"[413, 103, 45, 39]"
127,37,car,936,18,"[911, 0, 51, 37]"
128,1,car,389,206,"[353, 179, 72, 54]"
128,2,car,160,281,"[117, 243, 87, 77]"
128,3,car,345,233,"[303, 204, 84, 58]"
128,5,car,1068,358,"[1010, 306, 117, 104]"
128,6,car,495,138,"[466, 117, 58, 43]"
128,7,car,456,161,"[425, 138, 62, 47]"
128,9,car,375,140,"[349, 118, 53, 44]"
128,15,car,840,134,"[811, 111, 59, 46]"
128,18,car,869,105,"[844, 85, 51, 40]"
128,32,car,352,392,"[297, 348, 110, 88]"
128,17,truck,129,145,"[68, 63, 122, 165]"
128,58,car,1016,238,"[975, 205, 83, 67]"
128,10,truck,244,177,"[184, 108, 120, 139]"
128,71,car,956,192,"[922, 163, 69, 59]"
128,16,car,963,97,"[939, 79, 48, 37]"
128,77,car,309,632,"[156, 563, 306, 139]"
128,79,car,941,66,"[918, 46, 47, 41]"
128,80,car,647,51,"[625, 35, 44, 33]"
128,97,car,769,33,"[757, 17, 25, 32]"
128,4,car,436,121,"[414, 102, 45, 39]"
128,99,car,634,66,"[614, 49, 40, 34]"
128,100,car,758,33,"[736, 16, 44, 35]"
128,37,car,938,18,"[914, 1, 49, 35]"
129,1,car,390,206,"[354, 179, 72, 54]"
129,2,car,161,282,"[118, 244, 86, 76]"
129,3,car,346,232,"[304, 203, 84, 58]"
129,5,car,1069,360,"[1012, 309, 115, 103]"
129,7,car,456,161,"[426, 138, 61, 46]"
129,9,car,377,140,"[351, 119, 52, 43]"
129,15,car,840,134,"[811, 111, 58, 46]"
129,18,car,869,105,"[843, 85, 52, 41]"
129,32,car,351,390,"[296, 346, 110, 88]"
129,17,truck,130,144,"[69, 62, 122, 165]"
129,58,car,1019,240,"[978, 207, 82, 66]"
129,10,truck,244,177,"[184, 107, 121, 141]"
129,71,car,957,193,"[923, 163, 68, 60]"
129,16,car,962,97,"[938, 79, 48, 37]"
129,77,car,305,628,"[158, 559, 294, 138]"
129,79,car,941,66,"[918, 46, 46, 41]"
129,80,car,648,50,"[627, 35, 43, 31]"
129,97,car,769,33,"[757, 17, 25, 32]"
129,4,car,437,121,"[415, 102, 45, 39]"
129,99,car,634,65,"[616, 50, 37, 30]"
129,100,car,757,33,"[736, 17, 42, 33]"
129,37,car,940,18,"[916, 1, 49, 34]"
130,1,car,391,205,"[357, 179, 69, 52]"
130,2,car,162,280,"[118, 242, 88, 77]"
130,3,car,347,231,"[305, 203, 84, 57]"
130,5,car,1081,362,"[1023, 311, 116, 103]"
130,7,car,457,160,"[427, 138, 60, 45]"
130,9,car,378,139,"[352, 118, 53, 43]"
130,15,car,840,134,"[811, 112, 58, 45]"
130,18,car,868,106,"[843, 85, 51, 42]"
130,32,car,350,388,"[295, 344, 110, 89]"
130,17,truck,131,144,"[70, 62, 122, 165]"
130,58,car,1020,240,"[979, 208, 82, 65]"
130,10,truck,245,177,"[185, 107, 121, 141]"
130,71,car,957,194,"[923, 164, 69, 60]"
130,16,car,961,98,"[937, 79, 49, 38]"
130,77,car,301,625,"[161, 557, 281, 136]"
130,79,car,940,67,"[917, 47, 46, 40]"
130,97,car,769,33,"[757, 17, 25, 32]"
130,99,car,636,61,"[616, 44, 41, 34]"
130,37,car,942,18,"[918, 2, 49, 33]"
131,1,car,392,204,"[357, 178, 70, 53]"
131,2,car,163,280,"[119, 241, 88, 78]"
131,3,car,347,231,"[306, 203, 82, 56]"
131,5,car,1088,364,"[1029, 312, 119, 105]"
131,7,car,457,159,"[428, 138, 59, 43]"
131,9,car,380,139,"[354, 118, 53, 43]"
131,15,car,839,135,"[810, 112, 58, 46]"
131,18,car,868,106,"[843, 86, 50, 41]"
131,32,car,349,386,"[294, 342, 110, 89]"
131,17,truck,132,144,"[71, 62, 122, 164]"
131,58,car,1022,241,"[980, 208, 84, 67]"
131,10,truck,247,178,"[185, 106, 124, 145]"
131,71,car,958,194,"[924, 164, 69, 60]"
131,16,car,961,98,"[937, 80, 48, 37]"
131,77,car,296,621,"[161, 553, 271, 137]"
131,79,car,939,66,"[916, 46, 47, 41]"
131,99,car,637,60,"[615, 41, 45, 38]"
132,1,car,392,203,"[358, 177, 68, 52]"
132,2,car,163,279,"[120, 240, 87, 78]"
132,3,car,348,230,"[308, 202, 81, 56]"
132,5,car,1093,366,"[1034, 314, 119, 104]"
132,7,car,458,159,"[429, 137, 59, 44]"
132,9,car,381,138,"[354, 116, 54, 44]"
132,15,car,838,135,"[809, 113, 58, 45]"
132,18,car,867,107,"[842, 86, 51, 42]"
132,32,car,348,384,"[293, 340, 111, 89]"
132,17,truck,133,144,"[72, 62, 122, 164]"
132,58,car,1024,243,"[982, 210, 84, 67]"
132,10,truck,247,178,"[185, 105, 125, 146]"
132,71,car,959,194,"[925, 165, 68, 59]"
132,16,car,960,98,"[936, 80, 49, 37]"
132,77,car,292,618,"[161, 551, 262, 135]"
132,79,car,938,66,"[915, 46, 47, 41]"
132,99,car,639,59,"[616, 40, 46, 39]"
133,1,car,392,202,"[359, 176, 67, 52]"
133,2,car,164,279,"[121, 241, 86, 77]"
133,3,car,350,229,"[310, 201, 81, 56]"
133,5,car,1096,368,"[1036, 316, 121, 105]"
133,7,car,460,158,"[430, 136, 60, 44]"
133,9,car,382,137,"[355, 115, 55, 44]"
133,15,car,837,136,"[809, 113, 57, 46]"
133,18,car,866,107,"[841, 87, 50, 41]"
133,32,car,348,383,"[293, 338, 111, 90]"
133,17,truck,133,143,"[73, 61, 121, 164]"
133,58,car,1026,244,"[983, 210, 86, 68]"
133,10,truck,248,177,"[186, 104, 125, 147]"
133,71,car,959,195,"[925, 165, 69, 60]"
133,16,car,959,99,"[935, 80, 49, 38]"
133,77,car,288,615,"[162, 548, 253, 134]"
133,79,car,937,67,"[914, 46, 47, 42]"
133,99,car,643,59,"[617, 37, 53, 44]"
133,4,car,444,119,"[421, 99, 47, 40]"
134,1,car,393,201,"[359, 175, 68, 52]"
134,2,car,165,278,"[122, 240, 86, 76]"
134,3,car,351,228,"[310, 200, 82, 56]"
134,5,car,1100,370,"[1040, 318, 121, 105]"
134,7,car,462,157,"[432, 135, 61, 44]"
134,9,car,383,136,"[356, 114, 55, 45]"
134,15,car,837,136,"[809, 114, 56, 45]"
134,18,car,864,108,"[840, 89, 49, 39]"
134,32,car,348,381,"[293, 336, 110, 90]"
134,17,truck,135,142,"[74, 60, 122, 165]"
134,58,car,1026,244,"[984, 210, 85, 68]"
134,10,truck,249,176,"[187, 103, 125, 147]"
134,71,car,960,197,"[925, 167, 70, 60]"
134,16,car,959,99,"[935, 81, 49, 37]"
134,77,car,284,611,"[161, 544, 247, 135]"
134,79,car,935,67,"[912, 47, 47, 41]"
134,99,car,645,59,"[618, 36, 55, 46]"
134,4,car,446,119,"[423, 99, 46, 40]"
135,1,car,393,201,"[359, 175, 69, 53]"
135,2,car,166,278,"[124, 242, 84, 73]"
135,3,car,352,227,"[311, 199, 82, 56]"
135,5,car,1104,373,"[1043, 320, 123, 106]"
135,7,car,464,156,"[434, 134, 61, 45]"
135,9,car,385,136,"[357, 113, 56, 46]"
135,15,car,836,137,"[808, 114, 57, 46]"
135,18,car,864,109,"[840, 89, 49, 40]"
135,32,car,347,380,"[293, 336, 108, 88]"
135,17,truck,136,142,"[75, 59, 122, 166]"
135,58,car,1028,245,"[985, 211, 86, 68]"
135,10,truck,250,175,"[189, 103, 123, 145]"
135,71,car,960,197,"[926, 168, 69, 59]"
135,16,car,959,100,"[935, 82, 48, 36]"
135,77,car,282,608,"[163, 542, 238, 133]"
135,79,car,934,68,"[911, 48, 47, 40]"
135,99,car,644,60,"[620, 40, 49, 41]"
135,6,car,500,132,"[475, 114, 50, 37]"
135,97,car,775,38,"[758, 16, 34, 44]"
136,1,car,394,201,"[360, 174, 69, 54]"
136,2,car,167,278,"[126, 242, 82, 73]"
136,3,car,353,227,"[312, 199, 82, 56]"
136,5,car,1108,374,"[1047, 321, 123, 107]"
136,7,car,465,155,"[434, 133, 62, 45]"
136,9,car,387,136,"[359, 113, 56, 46]"
136,15,car,836,137,"[807, 114, 59, 47]"
136,18,car,863,110,"[839, 90, 49, 40]"
136,32,car,345,378,"[292, 335, 107, 87]"
136,17,truck,137,142,"[76, 59, 122, 166]"
136,58,car,1031,247,"[987, 212, 88, 70]"
136,10,truck,251,174,"[190, 102, 123, 145]"
136,71,car,961,198,"[927, 169, 69, 59]"
136,16,car,959,100,"[935, 82, 48, 37]"
136,77,car,278,604,"[162, 538, 232, 132]"
136,79,car,933,68,"[910, 48, 47, 41]"
136,99,car,650,58,"[623, 35, 54, 46]"
136,97,car,776,38,"[758, 16, 36, 44]"
136,4,car,449,117,"[426, 98, 46, 39]"
137,1,car,395,200,"[361, 174, 68, 52]"
137,2,car,168,278,"[128, 243, 80, 70]"
137,3,car,355,226,"[314, 198, 82, 57]"
137,5,car,1113,376,"[1051, 323, 124, 107]"
137,7,car,466,155,"[436, 133, 60, 45]"
137,9,car,387,135,"[360, 113, 55, 45]"
137,15,car,836,138,"[806, 114, 61, 49]"
137,18,car,863,110,"[838, 90, 50, 40]"
137,32,car,345,376,"[292, 332, 107, 88]"
137,17,truck,138,141,"[77, 59, 122, 165]"
137,58,car,1033,247,"[989, 212, 89, 71]"
137,10,truck,253,173,"[192, 101, 122, 145]"
137,71,car,963,199,"[928, 169, 70, 60]"
137,16,car,958,100,"[934, 82, 48, 37]"
137,77,car,275,600,"[163, 535, 224, 130]"
137,79,car,932,69,"[909, 49, 46, 40]"
137,99,car,652,56,"[625, 33, 55, 46]"
137,97,car,776,38,"[758, 16, 37, 45]"
137,106,car,1018,32,"[990, 6, 57, 52]"
137,91,car,647,60,"[620, 40, 54, 41]"
138,1,car,396,199,"[362, 173, 69, 52]"
138,2,car,169,276,"[129, 242, 80, 69]"
138,3,car,356,225,"[314, 197, 84, 57]"
138,5,car,1117,379,"[1054, 325, 126, 108]"
138,7,car,467,154,"[437, 132, 60, 45]"
138,9,car,388,134,"[361, 112, 55, 45]"
138,15,car,836,139,"[806, 114, 61, 50]"
138,18,car,861,110,"[836, 90, 51, 41]"
138,32,car,345,374,"[292, 330, 106, 88]"
138,17,truck,140,141,"[79, 59, 122, 165]"
138,58,car,1036,248,"[991, 212, 90, 72]"
138,10,truck,254,173,"[193, 101, 122, 145]"
138,71,car,963,199,"[928, 169, 71, 61]"
138,16,car,957,101,"[933, 82, 49, 38]"
138,77,car,271,595,"[161, 529, 221, 132]"
138,79,car,931,69,"[908, 49, 46, 40]"
138,99,car,655,53,"[629, 32, 52, 43]"
138,97,car,777,38,"[759, 16, 37, 44]"
138,106,car,1019,33,"[990, 6, 58, 54]"
138,108,car,408,683,"[235, 651, 347, 64]"
138,91,car,649,60,"[623, 39, 53, 43]"
138,4,car,451,117,"[428, 97, 47, 40]"
139,1,car,397,198,"[363, 172, 69, 52]"
139,2,car,170,275,"[131, 241, 79, 68]"
139,3,car,357,225,"[315, 196, 84, 58]"
139,5,car,1121,380,"[1058, 326, 127, 109]"
139,7,car,468,154,"[438, 132, 60, 44]"
139,9,car,390,134,"[363, 112, 54, 45]"
139,15,car,836,139,"[805, 114, 62, 50]"
139,18,car,861,111,"[836, 90, 51, 42]"
139,32,car,344,372,"[291, 329, 107, 87]"
139,17,truck,140,141,"[80, 59, 121, 164]"
139,58,car,1037,249,"[993, 214, 89, 71]"
139,10,truck,254,173,"[194, 101, 121, 144]"
139,71,car,964,200,"[929, 170, 70, 60]"
139,16,car,957,102,"[932, 83, 50, 38]"
139,77,car,269,591,"[161, 526, 216, 131]"
139,79,car,929,69,"[906, 50, 47, 39]"
139,99,car,658,50,"[634, 31, 48, 39]"
139,97,car,778,38,"[760, 16, 37, 44]"
139,108,car,404,681,"[221, 647, 367, 68]"
139,91,car,653,57,"[625, 35, 57, 45]"
139,4,car,452,117,"[429, 97, 47, 41]"
140,1,car,397,198,"[363, 172, 69, 52]"
140,2,car,171,273,"[131, 239, 80, 68]"
140,3,car,358,223,"[317, 195, 82, 57]"
140,5,car,1126,382,"[1063, 327, 127, 110]"
140,7,car,468,153,"[438, 131, 61, 45]"
140,9,car,391,134,"[364, 112, 55, 45]"
140,15,car,836,140,"[805, 115, 62, 50]"
140,18,car,861,111,"[835, 90, 52, 42]"
140,32,car,343,371,"[291, 328, 105, 87]"
140,17,truck,140,140,"[80, 58, 121, 164]"
140,58,car,1039,251,"[995, 216, 88, 70]"
140,10,truck,256,172,"[196, 101, 120, 143]"
140,71,car,964,200,"[929, 170, 71, 61]"
140,16,car,956,102,"[931, 83, 50, 39]"
140,77,car,265,588,"[160, 523, 210, 130]"
140,79,car,928,70,"[905, 50, 47, 40]"
140,97,car,778,38,"[759, 16, 38, 44]"
140,108,truck,399,677,"[207, 642, 384, 71]"
140,91,car,656,56,"[627, 33, 58, 46]"
140,4,car,454,116,"[431, 97, 46, 39]"
140,106,car,1017,33,"[988, 6, 58, 54]"
141,1,car,399,197,"[365, 172, 68, 50]"
141,2,car,171,271,"[130, 236, 82, 70]"
141,3,car,359,223,"[318, 195, 83, 56]"
141,5,car,1131,384,"[1067, 330, 128, 109]"
141,7,car,469,153,"[439, 131, 61, 44]"
141,9,car,392,134,"[365, 112, 54, 44]"
141,15,car,835,141,"[805, 116, 61, 50]"
141,18,car,860,111,"[834, 90, 53, 43]"
141,32,car,343,370,"[291, 327, 104, 86]"
141,17,truck,141,140,"[81, 58, 121, 164]"
141,58,car,1041,252,"[998, 217, 87, 70]"
141,10,truck,256,172,"[197, 101, 119, 143]"
141,71,car,965,201,"[930, 171, 71, 60]"
141,16,car,955,103,"[930, 83, 51, 40]"
141,77,car,261,584,"[158, 520, 206, 129]"
141,79,car,927,70,"[904, 51, 47, 39]"
141,108,truck,394,676,"[197, 639, 395, 74]"
141,91,car,658,56,"[630, 33, 57, 46]"
141,4,car,455,115,"[432, 96, 46, 39]"
141,112,car,392,676,"[233, 639, 318, 75]"
141,106,car,1015,34,"[987, 9, 56, 51]"
142,1,car,400,195,"[366, 170, 68, 51]"
142,2,car,172,270,"[131, 235, 82, 70]"
142,3,car,361,222,"[320, 194, 82, 57]"
142,5,car,1136,387,"[1072, 332, 128, 110]"
142,7,car,471,152,"[440, 130, 62, 45]"
142,9,car,394,133,"[367, 111, 54, 44]"
142,15,car,835,141,"[805, 116, 61, 50]"
142,18,car,860,112,"[834, 91, 52, 42]"
142,32,car,342,368,"[291, 327, 102, 83]"
142,17,truck,143,140,"[83, 58, 121, 164]"
142,58,car,1043,253,"[1000, 218, 87, 70]"
142,10,truck,257,172,"[198, 101, 119, 142]"
142,71,car,965,202,"[930, 172, 71, 60]"
142,16,car,955,103,"[929, 83, 52, 41]"
142,77,car,257,582,"[157, 519, 200, 127]"
142,79,car,927,71,"[903, 51, 48, 40]"
142,91,car,657,56,"[630, 34, 55, 45]"
142,4,car,456,114,"[433, 94, 47, 41]"
142,112,truck,390,674,"[221, 634, 338, 80]"
142,106,car,1012,34,"[985, 9, 55, 51]"
142,113,truck,1012,35,"[984, 11, 56, 49]"
142,99,car,662,53,"[636, 32, 53, 42]"
143,1,car,400,195,"[366, 169, 69, 52]"
143,2,car,173,269,"[131, 234, 84, 70]"
143,3,car,361,221,"[320, 192, 83, 58]"
143,5,car,1140,389,"[1076, 334, 128, 110]"
143,7,car,472,152,"[441, 129, 62, 46]"
143,9,car,395,132,"[368, 110, 54, 44]"
143,15,car,835,141,"[805, 116, 61, 51]"
143,18,car,860,113,"[834, 92, 52, 42]"
143,32,car,341,366,"[290, 325, 102, 83]"
143,17,truck,143,139,"[83, 58, 121, 163]"
143,58,car,1045,254,"[1002, 220, 87, 69]"
143,10,truck,258,171,"[199, 101, 118, 141]"
143,71,car,966,203,"[930, 172, 73, 62]"
143,16,car,955,104,"[929, 84, 52, 41]"
143,77,car,254,578,"[157, 516, 195, 125]"
143,79,car,926,73,"[902, 53, 48, 40]"
143,91,car,660,56,"[631, 33, 58, 47]"
143,4,car,458,114,"[434, 93, 48, 42]"
143,112,truck,385,671,"[205, 628, 361, 86]"
143,97,car,780,37,"[762, 16, 37, 42]"
144,1,car,401,194,"[366, 168, 70, 52]"
144,2,car,174,267,"[132, 232, 84, 71]"
144,3,car,363,220,"[322, 192, 82, 57]"
144,5,car,1144,390,"[1079, 335, 130, 111]"
144,7,car,473,151,"[443, 129, 61, 45]"
144,9,car,396,132,"[369, 110, 54, 44]"
144,15,car,835,142,"[805, 117, 60, 50]"
144,18,car,859,113,"[834, 93, 51, 41]"
144,32,car,340,365,"[290, 324, 101, 83]"
144,17,truck,145,139,"[85, 57, 121, 164]"
144,58,car,1048,255,"[1005, 221, 87, 69]"
144,10,truck,259,170,"[200, 100, 118, 140]"
144,71,car,968,203,"[931, 172, 74, 63]"
144,16,car,954,104,"[928, 84, 52, 41]"
144,77,car,251,575,"[156, 513, 191, 124]"
144,79,car,925,73,"[901, 54, 48, 39]"
144,91,car,662,56,"[633, 32, 59, 48]"
144,4,car,458,113,"[435, 93, 47, 41]"
144,112,truck,382,667,"[192, 622, 380, 91]"
144,97,car,781,36,"[762, 16, 39, 41]"
145,1,car,402,193,"[367, 167, 70, 53]"
145,2,car,175,266,"[132, 230, 86, 73]"
145,3,car,363,219,"[323, 191, 81, 56]"
145,5,car,1150,392,"[1084, 336, 132, 113]"
145,7,car,475,151,"[445, 129, 61, 45]"
145,9,car,397,131,"[371, 110, 53, 43]"
145,15,car,834,142,"[805, 118, 59, 49]"
145,18,car,858,114,"[833, 93, 51, 42]"
145,32,car,339,364,"[289, 323, 101, 82]"
145,17,truck,146,138,"[86, 57, 120, 163]"
145,58,car,1051,256,"[1007, 221, 89, 71]"
145,10,bus,260,168,"[202, 99, 117, 139]"
145,71,car,969,204,"[932, 172, 74, 64]"
145,16,car,953,104,"[928, 84, 51, 41]"
145,77,car,249,572,"[155, 511, 188, 123]"
145,79,car,924,74,"[901, 54, 47, 40]"
145,91,car,664,55,"[635, 31, 58, 49]"
145,112,truck,378,664,"[177, 616, 402, 97]"
145,97,car,782,36,"[762, 16, 40, 40]"
146,1,car,402,192,"[367, 166, 70, 53]"
146,2,car,175,266,"[133, 230, 85, 72]"
146,3,car,364,218,"[324, 191, 81, 55]"
146,5,car,1155,395,"[1089, 339, 133, 113]"
146,7,car,476,151,"[446, 129, 61, 44]"
146,9,car,399,130,"[373, 110, 52, 41]"
146,15,car,834,144,"[805, 120, 58, 48]"
146,18,car,858,114,"[832, 93, 52, 42]"
146,32,car,338,362,"[288, 322, 100, 81]"
146,17,truck,147,138,"[87, 57, 120, 162]"
146,58,car,1054,257,"[1009, 222, 90, 71]"
146,10,truck,260,168,"[203, 100, 115, 136]"
146,71,car,969,204,"[933, 173, 73, 63]"
146,16,car,953,105,"[927, 85, 52, 40]"
146,77,car,247,568,"[154, 507, 186, 123]"
146,79,car,924,75,"[900, 55, 48, 40]"
146,91,car,668,54,"[641, 32, 54, 44]"
146,112,truck,372,662,"[160, 610, 424, 105]"
146,97,car,782,36,"[761, 15, 42, 42]"
146,4,car,461,113,"[439, 94, 44, 38]"
147,1,car,402,191,"[367, 165, 70, 53]"
147,2,car,176,265,"[134, 230, 84, 71]"
147,3,car,366,217,"[326, 190, 80, 55]"
147,5,car,1160,397,"[1095, 341, 131, 112]"
147,7,car,478,150,"[448, 128, 61, 45]"
147,9,car,400,130,"[374, 109, 52, 42]"
147,15,car,833,144,"[804, 120, 59, 49]"
147,18,car,858,114,"[832, 93, 52, 42]"
147,32,car,336,361,"[287, 321, 99, 80]"
147,17,truck,148,137,"[89, 57, 119, 160]"
147,58,car,1056,258,"[1011, 223, 90, 71]"
147,10,truck,262,167,"[205, 100, 114, 135]"
147,71,car,970,205,"[934, 174, 73, 63]"
147,16,car,952,105,"[927, 85, 51, 41]"
147,77,car,243,566,"[151, 505, 184, 122]"
147,79,car,922,75,"[898, 55, 48, 40]"
147,91,car,664,56,"[638, 34, 52, 44]"
147,112,truck,365,660,"[147, 605, 436, 110]"
147,116,car,688,701,"[606, 685, 165, 32]"
147,4,car,462,112,"[440, 93, 45, 39]"
147,99,car,669,53,"[643, 32, 53, 42]"
148,1,car,402,190,"[367, 164, 71, 53]"
148,2,car,177,265,"[135, 229, 85, 72]"
148,3,car,366,216,"[327, 189, 79, 55]"
148,5,car,1164,399,"[1099, 344, 131, 111]"
148,7,car,479,149,"[450, 127, 59, 44]"
148,9,car,401,130,"[375, 109, 52, 42]"
148,15,car,833,145,"[804, 121, 59, 49]"
148,18,car,857,115,"[831, 94, 52, 42]"
148,32,car,336,360,"[287, 320, 99, 80]"
148,17,truck,149,136,"[90, 56, 119, 160]"
148,58,car,1057,259,"[1012, 224, 90, 71]"
148,10,truck,262,167,"[205, 100, 115, 134]"
148,71,car,971,206,"[935, 175, 72, 62]"
148,16,car,951,106,"[926, 86, 51, 40]"
148,77,car,239,562,"[149, 502, 181, 121]"
148,79,car,920,75,"[896, 55, 49, 41]"
148,91,car,662,58,"[638, 37, 48, 42]"
148,112,truck,362,658,"[142, 602, 441, 113]"
148,116,car,683,698,"[586, 679, 195, 39]"
148,99,car,669,53,"[643, 33, 53, 41]"
148,97,car,784,35,"[763, 15, 43, 41]"
149,1,car,402,189,"[368, 164, 69, 51]"
149,2,car,179,265,"[137, 229, 84, 72]"
149,3,car,367,216,"[328, 189, 78, 54]"
149,5,car,1169,402,"[1103, 346, 132, 112]"
149,7,car,481,148,"[452, 127, 58, 43]"
149,9,car,402,130,"[376, 109, 52, 42]"
149,15,car,833,146,"[804, 122, 58, 49]"
149,18,car,856,116,"[830, 95, 52, 42]"
149,32,car,337,358,"[287, 318, 100, 81]"
149,17,truck,150,136,"[91, 56, 119, 160]"
149,58,car,1058,260,"[1012, 224, 92, 72]"
149,10,truck,263,166,"[205, 98, 116, 137]"
149,71,car,972,207,"[936, 176, 72, 62]"
149,16,car,951,106,"[926, 86, 50, 41]"
149,77,car,237,558,"[147, 498, 180, 121]"
149,79,car,918,75,"[894, 55, 49, 41]"
149,112,truck,358,657,"[136, 599, 444, 116]"
149,116,car,676,696,"[567, 675, 219, 43]"
149,99,car,671,52,"[645, 32, 52, 40]"
149,97,car,786,34,"[765, 14, 43, 41]"
149,106,car,1001,38,"[975, 15, 53, 47]"
150,1,car,404,188,"[370, 163, 68, 51]"
150,2,car,179,263,"[136, 226, 87, 74]"
150,3,car,367,215,"[328, 188, 79, 54]"
150,5,car,1174,404,"[1107, 348, 134, 113]"
150,7,car,482,148,"[453, 127, 58, 42]"
150,9,car,403,129,"[377, 109, 53, 41]"
150,15,car,832,147,"[803, 123, 59, 48]"
150,18,car,856,116,"[830, 95, 52, 42]"
150,32,car,337,356,"[287, 316, 100, 80]"
150,17,truck,152,136,"[93, 57, 119, 159]"
150,58,car,1061,261,"[1015, 225, 93, 73]"
150,10,truck,264,166,"[206, 98, 117, 137]"
150,71,car,972,208,"[936, 177, 73, 62]"
150,16,car,950,107,"[925, 87, 51, 40]"
150,77,car,235,555,"[147, 495, 176, 120]"
150,79,car,917,75,"[893, 55, 49, 41]"
150,112,truck,353,655,"[129, 595, 449, 121]"
150,116,car,668,694,"[545, 669, 246, 50]"
150,99,car,672,51,"[646, 32, 52, 39]"
150,97,car,788,34,"[766, 14, 44, 40]"
150,106,car,1000,38,"[973, 15, 55, 47]"
151,1,car,405,188,"[371, 162, 69, 52]"
151,2,car,180,262,"[137, 225, 87, 74]"
151,3,car,368,214,"[329, 187, 79, 55]"
151,5,car,1178,407,"[1111, 350, 135, 114]"
151,7,car,482,147,"[453, 126, 59, 43]"
151,9,car,405,129,"[379, 108, 53, 42]"
151,15,car,832,147,"[803, 123, 59, 49]"
151,18,car,855,116,"[829, 95, 52, 43]"
151,32,car,336,355,"[286, 315, 100, 80]"
151,17,truck,153,136,"[94, 57, 119, 158]"
151,58,car,1064,262,"[1017, 225, 94, 75]"
151,10,truck,265,166,"[207, 98, 117, 137]"
151,71,car,973,208,"[937, 177, 72, 62]"
151,16,car,950,107,"[925, 87, 50, 40]"
151,77,car,231,552,"[145, 493, 173, 118]"
151,79,car,917,75,"[893, 55, 49, 41]"
151,112,truck,351,652,"[123, 589, 456, 127]"
151,116,car,658,692,"[524, 665, 268, 54]"
151,99,car,673,50,"[648, 32, 51, 37]"
151,97,car,789,34,"[767, 14, 45, 40]"
151,106,car,999,38,"[970, 13, 59, 50]"
152,1,car,406,187,"[373, 162, 67, 51]"
152,2,car,181,261,"[139, 225, 85, 73]"
152,3,car,370,213,"[331, 186, 78, 54]"
152,5,car,1191,409,"[1124, 352, 134, 114]"
152,7,car,483,146,"[454, 125, 59, 43]"
152,9,car,406,128,"[379, 107, 54, 43]"
152,15,car,832,148,"[802, 123, 61, 50]"
152,18,car,854,117,"[828, 96, 52, 43]"
152,32,car,335,353,"[286, 314, 98, 79]"
152,17,truck,155,136,"[96, 57, 118, 158]"
152,58,car,1066,264,"[1019, 227, 94, 74]"
152,10,bus,266,166,"[208, 97, 117, 138]"
152,71,car,974,209,"[938, 178, 72, 62]"
152,16,car,949,107,"[924, 87, 51, 40]"
152,77,car,229,549,"[143, 491, 172, 117]"
152,79,car,916,75,"[892, 55, 49, 41]"
152,112,truck,344,651,"[116, 586, 456, 130]"
152,116,car,650,689,"[510, 660, 280, 58]"
153,1,car,407,187,"[374, 162, 67, 50]"
153,2,car,181,260,"[140, 225, 83, 71]"
153,3,car,371,212,"[332, 185, 78, 54]"
153,5,car,1197,411,"[1131, 354, 133, 114]"
153,7,car,484,146,"[455, 125, 58, 42]"
153,9,car,407,128,"[380, 106, 55, 44]"
153,15,car,832,148,"[802, 123, 61, 51]"
153,18,car,853,117,"[826, 96, 54, 43]"
153,32,car,335,352,"[287, 313, 97, 78]"
153,17,truck,156,135,"[97, 56, 119, 158]"
153,58,car,1067,265,"[1020, 228, 94, 74]"
153,10,bus,268,166,"[210, 97, 117, 138]"
153,71,car,975,210,"[939, 179, 73, 62]"
153,16,car,949,107,"[924, 87, 51, 41]"
153,77,car,227,546,"[143, 488, 169, 116]"
153,79,car,915,75,"[891, 55, 49, 41]"
153,112,truck,342,649,"[117, 583, 451, 132]"
153,116,car,644,687,"[498, 656, 292, 62]"
153,118,truck,268,166,"[209, 96, 118, 140]"
154,1,car,408,186,"[375, 161, 67, 51]"
154,2,car,182,260,"[141, 225, 83, 71]"
154,3,car,372,211,"[333, 184, 78, 55]"
154,5,car,1202,413,"[1135, 356, 134, 115]"
154,7,car,485,145,"[456, 124, 58, 43]"
154,9,car,408,128,"[381, 106, 55, 44]"
154,15,car,832,149,"[802, 124, 61, 51]"
154,18,car,852,118,"[825, 96, 55, 44]"
154,32,car,335,350,"[287, 311, 97, 78]"
154,17,truck,157,134,"[98, 56, 118, 157]"
154,58,car,1069,265,"[1023, 229, 93, 73]"
154,10,truck,269,166,"[210, 97, 118, 138]"
154,71,car,976,210,"[939, 179, 74, 63]"
154,16,car,949,106,"[924, 87, 50, 39]"
154,77,car,225,542,"[141, 484, 169, 117]"
154,79,car,914,76,"[890, 55, 49, 42]"
154,112,truck,339,647,"[115, 579, 449, 136]"
154,116,car,637,684,"[479, 650, 317, 68]"
154,80,car,684,44,"[664, 29, 41, 30]"
154,99,car,677,52,"[649, 31, 57, 42]"
154,97,car,794,33,"[771, 13, 46, 40]"
155,1,car,409,186,"[376, 161, 67, 51]"
155,2,car,183,258,"[143, 224, 81, 69]"
155,3,car,373,211,"[334, 184, 78, 55]"
155,5,car,1206,416,"[1139, 358, 134, 116]"
155,7,car,486,145,"[457, 124, 58, 42]"
155,9,car,409,127,"[382, 105, 55, 44]"
155,15,car,832,149,"[802, 124, 60, 51]"
155,18,car,852,118,"[825, 96, 54, 44]"
155,32,car,335,348,"[286, 308, 99, 80]"
155,17,truck,157,134,"[98, 56, 119, 157]"
155,58,car,1070,266,"[1023, 230, 94, 73]"
155,10,truck,270,165,"[211, 96, 118, 139]"
155,71,car,977,211,"[940, 180, 75, 63]"
155,16,car,948,106,"[924, 87, 49, 39]"
155,77,car,223,539,"[139, 481, 169, 117]"
155,79,car,913,76,"[889, 56, 49, 41]"
155,112,truck,335,645,"[112, 575, 446, 140]"
155,116,car,631,681,"[464, 644, 334, 75]"
155,80,car,682,45,"[660, 29, 45, 32]"
155,99,car,679,52,"[649, 30, 60, 44]"
155,97,car,797,31,"[775, 13, 44, 36]"
156,1,car,410,186,"[377, 161, 66, 50]"
156,2,car,184,258,"[145, 224, 79, 68]"
156,3,car,373,210,"[335, 183, 77, 55]"
156,5,car,1210,418,"[1142, 360, 136, 117]"
156,7,car,487,144,"[458, 123, 58, 43]"
156,9,car,411,127,"[384, 105, 55, 44]"
156,15,car,831,149,"[801, 124, 61, 51]"
156,18,car,852,119,"[825, 97, 54, 44]"
156,32,car,335,347,"[285, 307, 100, 80]"
156,17,truck,158,133,"[99, 55, 119, 157]"
156,58,car,1071,267,"[1025, 231, 93, 73]"
156,10,truck,270,165,"[212, 96, 117, 138]"
156,71,car,978,212,"[941, 181, 74, 63]"
156,16,car,947,107,"[923, 87, 49, 40]"
156,77,car,221,537,"[137, 479, 169, 116]"
156,79,car,912,77,"[888, 57, 49, 40]"
156,112,truck,330,643,"[110, 572, 440, 143]"
156,116,car,625,679,"[454, 640, 342, 79]"
156,80,car,684,45,"[661, 28, 46, 34]"
156,99,car,680,52,"[650, 30, 60, 45]"
156,97,car,802,29,"[781, 12, 43, 35]"
156,106,car,1002,39,"[974, 16, 56, 47]"
157,1,car,411,185,"[378, 160, 66, 50]"
157,2,car,185,257,"[145, 223, 81, 68]"
157,3,car,374,210,"[336, 183, 76, 54]"
157,5,car,1211,421,"[1143, 362, 137, 118]"
157,7,car,488,144,"[459, 123, 58, 42]"
157,9,car,413,127,"[386, 105, 55, 44]"
157,15,car,831,150,"[800, 124, 62, 52]"
157,18,car,852,119,"[825, 97, 54, 44]"
157,32,car,334,345,"[285, 305, 99, 80]"
157,17,truck,160,133,"[100, 55, 120, 157]"
157,58,car,1072,269,"[1026, 232, 93, 74]"
157,10,truck,271,164,"[213, 95, 117, 138]"
157,71,car,979,213,"[941, 181, 76, 64]"
157,16,car,946,108,"[921, 88, 50, 40]"
157,77,car,219,535,"[136, 477, 167, 116]"
157,79,car,911,77,"[888, 57, 47, 40]"
157,112,truck,326,642,"[108, 569, 436, 146]"
157,116,car,620,678,"[445, 636, 350, 84]"
157,80,car,687,43,"[665, 28, 44, 31]"
157,99,car,681,52,"[652, 29, 59, 46]"
157,97,car,807,28,"[787, 12, 40, 33]"
157,106,car,1002,39,"[975, 16, 54, 47]"
158,1,car,411,184,"[379, 160, 65, 49]"
158,2,car,186,256,"[146, 222, 81, 68]"
158,3,car,375,209,"[337, 182, 76, 55]"
158,5,car,1213,423,"[1146, 364, 134, 118]"
158,7,car,488,144,"[460, 123, 57, 42]"
158,9,car,414,126,"[387, 105, 55, 43]"
158,15,car,831,151,"[800, 125, 62, 52]"
158,18,car,851,120,"[824, 98, 55, 44]"
158,32,car,334,344,"[285, 305, 98, 79]"
158,17,truck,160,133,"[100, 54, 121, 158]"
158,58,car,1074,270,"[1028, 233, 92, 74]"
158,10,truck,272,163,"[214, 95, 117, 137]"
158,71,car,981,214,"[943, 182, 76, 64]"
158,16,car,946,109,"[921, 89, 50, 40]"
158,77,car,217,532,"[135, 475, 165, 114]"
158,79,car,911,77,"[887, 57, 49, 41]"
158,112,truck,321,639,"[103, 564, 437, 151]"
158,116,car,615,675,"[439, 631, 353, 88]"
158,80,car,688,43,"[666, 28, 44, 31]"
158,99,car,683,51,"[654, 29, 58, 45]"
158,97,car,811,27,"[792, 12, 38, 31]"
159,1,car,412,183,"[380, 159, 65, 49]"
159,2,car,187,254,"[146, 219, 83, 70]"
159,3,car,376,209,"[338, 182, 76, 54]"
159,5,car,1214,425,"[1149, 366, 131, 118]"
159,7,car,490,142,"[461, 121, 58, 43]"
159,9,car,415,125,"[388, 104, 54, 43]"
159,15,car,831,152,"[801, 127, 60, 51]"
159,18,car,851,120,"[824, 98, 55, 44]"
159,32,car,333,343,"[284, 304, 98, 79]"
159,17,truck,162,133,"[102, 54, 121, 158]"
159,58,car,1075,272,"[1030, 235, 91, 74]"
159,10,truck,273,162,"[215, 94, 116, 137]"
159,71,car,982,215,"[944, 183, 76, 64]"
159,16,car,946,109,"[921, 89, 50, 41]"
159,77,car,214,528,"[133, 472, 162, 113]"
159,79,car,911,78,"[886, 57, 50, 42]"
159,112,truck,320,636,"[104, 559, 432, 155]"
159,116,car,610,672,"[430, 625, 360, 94]"
159,80,car,690,43,"[668, 28, 44, 31]"
159,97,car,813,25,"[795, 11, 36, 29]"
160,1,car,413,182,"[381, 158, 65, 49]"
160,2,car,188,248,"[142, 209, 92, 79]"
160,3,car,377,208,"[339, 181, 76, 54]"
160,5,car,1215,427,"[1151, 368, 129, 119]"
160,7,car,491,142,"[462, 121, 58, 43]"
160,9,car,416,124,"[389, 103, 55, 43]"
160,15,car,831,153,"[801, 129, 60, 49]"
160,18,car,850,120,"[823, 98, 55, 45]"
160,32,car,333,341,"[284, 302, 98, 79]"
160,17,truck,164,133,"[103, 54, 122, 158]"
160,58,car,1077,273,"[1032, 236, 90, 74]"
160,10,truck,274,162,"[216, 94, 116, 136]"
160,71,car,982,215,"[945, 184, 75, 63]"
160,16,car,945,109,"[920, 89, 51, 41]"
160,77,car,211,526,"[131, 469, 161, 114]"
160,79,car,909,79,"[884, 57, 51, 44]"
160,112,truck,315,635,"[101, 556, 428, 158]"
160,116,car,604,669,"[424, 620, 361, 99]"
160,80,car,691,45,"[668, 28, 47, 34]"
160,97,car,815,25,"[798, 11, 35, 28]"
160,120,bus,163,133,"[103, 55, 121, 157]"
161,1,car,414,182,"[382, 158, 65, 49]"
161,2,car,189,247,"[143, 208, 92, 79]"
161,3,car,378,207,"[340, 180, 76, 55]"
161,5,car,1217,430,"[1154, 370, 126, 120]"
161,7,car,492,141,"[463, 120, 59, 43]"
161,9,car,417,123,"[391, 102, 53, 43]"
161,15,car,830,154,"[801, 130, 59, 49]"
161,18,car,850,121,"[823, 99, 55, 45]"
161,32,car,332,340,"[284, 301, 97, 79]"
161,17,bus,165,132,"[105, 54, 120, 157]"
161,58,car,1078,274,"[1034, 237, 89, 74]"
161,10,truck,275,161,"[218, 93, 115, 136]"
161,71,car,984,216,"[946, 185, 76, 63]"
161,16,car,944,110,"[919, 90, 51, 41]"
161,77,car,210,522,"[130, 466, 160, 113]"
161,79,car,909,79,"[883, 57, 52, 44]"
161,112,truck,313,633,"[102, 552, 423, 162]"
161,116,car,600,667,"[420, 616, 360, 103]"
161,80,car,693,46,"[667, 27, 53, 38]"
161,97,car,817,25,"[799, 11, 36, 29]"
161,120,truck,164,133,"[104, 54, 121, 158]"
161,122,car,791,38,"[776, 22, 30, 32]"
162,1,car,415,182,"[383, 157, 65, 50]"
162,2,car,190,245,"[143, 203, 94, 84]"
162,3,car,379,207,"[341, 180, 76, 54]"
162,5,car,1219,432,"[1158, 372, 122, 121]"
162,7,car,493,140,"[464, 118, 59, 45]"
162,9,car,418,123,"[392, 102, 53, 42]"
162,15,car,830,156,"[801, 131, 59, 50]"
162,18,car,850,121,"[823, 99, 55, 45]"
162,32,car,333,338,"[285, 300, 96, 77]"
162,17,bus,165,132,"[105, 54, 120, 157]"
162,58,car,1078,275,"[1034, 238, 89, 75]"
162,10,truck,276,161,"[219, 93, 115, 136]"
162,71,car,984,217,"[946, 185, 77, 64]"
162,16,car,944,111,"[919, 91, 51, 40]"
162,77,car,208,519,"[129, 463, 159, 113]"
162,79,car,908,80,"[882, 58, 52, 44]"
162,112,truck,311,631,"[101, 548, 421, 167]"
162,116,car,594,665,"[415, 612, 359, 107]"
162,80,car,694,46,"[668, 27, 53, 39]"
162,97,car,818,24,"[800, 9, 37, 31]"
162,120,truck,165,132,"[105, 54, 121, 157]"
162,122,car,792,38,"[777, 22, 30, 32]"
163,1,car,416,181,"[384, 157, 65, 48]"
163,2,car,191,245,"[145, 204, 92, 82]"
163,3,car,380,206,"[343, 180, 74, 53]"
163,5,car,1221,436,"[1162, 375, 118, 122]"
163,7,car,494,139,"[465, 117, 59, 45]"
163,9,car,420,122,"[394, 101, 52, 42]"
163,15,car,830,157,"[800, 132, 60, 50]"
163,18,car,850,122,"[823, 100, 54, 45]"
163,32,car,332,337,"[285, 299, 95, 76]"
163,17,bus,166,132,"[106, 54, 120, 156]"
163,58,car,1088,276,"[1042, 238, 93, 77]"
163,10,truck,277,159,"[220, 93, 114, 133]"
163,71,car,985,217,"[947, 185, 77, 65]"
163,16,car,944,112,"[919, 92, 50, 40]"
163,77,car,206,518,"[128, 462, 157, 112]"
163,79,car,907,80,"[881, 58, 53, 44]"
163,112,truck,308,630,"[101, 545, 415, 170]"
163,116,car,588,664,"[411, 609, 355, 110]"
163,80,car,695,46,"[670, 27, 51, 38]"
163,97,car,819,24,"[800, 9, 39, 31]"
163,120,truck,166,132,"[106, 54, 120, 156]"
163,122,car,796,38,"[781, 22, 30, 32]"
163,123,bus,276,160,"[219, 94, 114, 132]"
163,124,truck,986,32,"[950, 1, 73, 62]"
164,1,car,417,180,"[385, 156, 65, 48]"
164,2,car,192,245,"[147, 204, 91, 82]"
164,3,car,381,206,"[345, 180, 73, 52]"
164,5,car,1223,439,"[1166, 378, 114, 122]"
164,7,car,494,139,"[465, 117, 59, 45]"
164,9,car,421,121,"[396, 101, 51, 41]"
164,15,car,830,157,"[800, 132, 60, 50]"
164,18,car,850,123,"[823, 101, 54, 45]"
164,32,car,332,335,"[285, 297, 95, 77]"
164,17,bus,167,131,"[107, 54, 120, 155]"
164,58,car,1094,278,"[1048, 239, 93, 78]"
164,10,truck,278,158,"[221, 92, 114, 133]"
164,71,car,987,218,"[948, 186, 78, 65]"
164,16,car,944,112,"[919, 92, 50, 40]"
164,77,car,202,515,"[124, 459, 156, 112]"
164,79,car,907,80,"[881, 58, 52, 44]"
164,112,truck,303,628,"[100, 542, 407, 173]"
164,116,car,582,661,"[409, 605, 347, 113]"
164,80,car,697,44,"[673, 27, 48, 35]"
164,97,car,821,24,"[801, 8, 40, 32]"
164,120,truck,166,131,"[106, 53, 120, 156]"
164,122,car,799,38,"[784, 22, 30, 32]"
164,123,bus,277,159,"[220, 93, 114, 133]"
164,124,truck,985,32,"[948, 1, 74, 62]"
165,1,car,419,179,"[386, 154, 66, 50]"
165,2,car,193,245,"[148, 204, 90, 82]"
165,3,car,382,205,"[346, 179, 73, 52]"
165,5,car,1225,442,"[1171, 381, 109, 122]"
165,7,car,495,139,"[466, 117, 58, 45]"
165,9,car,423,121,"[397, 101, 52, 41]"
165,15,car,829,157,"[799, 132, 61, 50]"
165,18,car,849,124,"[822, 101, 55, 46]"
165,32,car,331,334,"[284, 296, 95, 77]"
165,58,car,1098,279,"[1051, 241, 94, 77]"
165,10,truck,279,158,"[223, 92, 113, 133]"
165,71,car,988,218,"[949, 186, 78, 65]"
165,16,car,943,113,"[918, 93, 51, 40]"
165,77,car,200,512,"[123, 457, 155, 111]"
165,79,car,906,80,"[881, 59, 51, 43]"
165,112,truck,299,627,"[100, 540, 398, 174]"
165,116,car,578,658,"[404, 599, 348, 119]"
165,80,car,698,45,"[673, 26, 50, 38]"
165,97,car,821,25,"[800, 8, 43, 34]"
165,124,truck,984,35,"[948, 5, 73, 61]"
165,4,car,485,106,"[464, 87, 43, 38]"
166,1,car,419,177,"[386, 153, 66, 49]"
166,2,car,194,247,"[153, 210, 82, 75]"
166,3,car,382,203,"[346, 177, 73, 53]"
166,5,car,1227,446,"[1175, 385, 105, 122]"
166,7,car,496,139,"[468, 117, 56, 44]"
166,9,car,425,121,"[399, 100, 52, 42]"
166,15,car,829,157,"[798, 132, 62, 51]"
166,18,car,849,125,"[822, 102, 54, 46]"
166,32,car,331,333,"[284, 295, 95, 76]"
166,58,car,1101,280,"[1054, 242, 94, 76]"
166,10,truck,281,157,"[224, 91, 114, 133]"
166,71,car,989,219,"[950, 187, 78, 65]"
166,16,car,943,113,"[918, 94, 51, 39]"
166,77,car,199,510,"[123, 456, 152, 109]"
166,79,car,905,81,"[880, 60, 50, 42]"
166,112,truck,296,625,"[100, 537, 392, 177]"
166,116,car,572,656,"[400, 595, 345, 123]"
166,80,car,699,46,"[672, 26, 54, 40]"
166,97,car,821,25,"[799, 8, 44, 35]"
166,124,truck,983,35,"[945, 3, 76, 64]"
166,4,car,486,105,"[465, 87, 43, 37]"
166,17,truck,168,131,"[109, 53, 119, 156]"
167,1,car,419,176,"[387, 152, 65, 49]"
167,2,car,194,248,"[155, 212, 79, 72]"
167,3,car,383,203,"[347, 177, 73, 53]"
167,5,car,1230,448,"[1180, 386, 100, 124]"
167,7,car,497,138,"[470, 117, 55, 43]"
167,9,car,426,121,"[400, 100, 52, 42]"
167,15,car,829,158,"[798, 133, 62, 51]"
167,18,car,847,126,"[820, 103, 55, 46]"
167,32,car,331,331,"[284, 293, 94, 76]"
167,58,car,1103,280,"[1056, 242, 95, 77]"
167,10,truck,282,157,"[226, 91, 113, 133]"
167,71,car,991,221,"[952, 188, 78, 66]"
167,16,car,943,113,"[918, 94, 51, 39]"
167,77,car,198,507,"[122, 453, 152, 109]"
167,79,car,903,81,"[879, 61, 49, 41]"
167,112,truck,295,624,"[102, 534, 387, 180]"
167,116,car,568,654,"[398, 590, 341, 128]"
167,97,car,822,25,"[801, 9, 43, 33]"
167,124,truck,982,34,"[944, 2, 76, 64]"
167,125,bus,282,158,"[225, 91, 115, 135]"
167,17,truck,169,130,"[109, 52, 120, 156]"
167,99,car,697,49,"[671, 29, 52, 40]"
168,1,car,421,175,"[389, 151, 65, 49]"
168,2,car,196,247,"[157, 212, 78, 70]"
168,3,car,385,202,"[349, 176, 72, 53]"
168,5,car,1232,450,"[1184, 388, 96, 125]"
168,7,car,498,137,"[471, 116, 54, 43]"
168,9,car,427,120,"[401, 99, 53, 43]"
168,15,car,829,159,"[798, 134, 62, 50]"
168,18,car,847,126,"[820, 103, 55, 46]"
168,32,car,330,330,"[283, 292, 95, 76]"
168,58,car,1106,282,"[1058, 244, 96, 76]"
168,10,truck,284,157,"[228, 91, 113, 132]"
168,71,car,992,222,"[953, 189, 78, 66]"
168,16,car,943,114,"[918, 94, 51, 40]"
168,77,car,196,504,"[121, 450, 151, 109]"
168,79,car,902,81,"[878, 61, 49, 41]"
168,112,truck,291,621,"[98, 529, 386, 185]"
168,116,car,563,652,"[396, 586, 335, 132]"
168,97,car,824,25,"[802, 8, 44, 34]"
168,124,truck,982,34,"[944, 2, 76, 64]"
168,125,bus,284,158,"[227, 91, 114, 135]"
168,17,truck,170,130,"[110, 52, 120, 156]"
168,126,bus,170,130,"[111, 52, 119, 156]"
168,99,car,698,50,"[671, 30, 54, 40]"
169,1,car,422,174,"[390, 150, 65, 49]"
169,2,car,197,245,"[157, 209, 80, 72]"
169,3,car,386,201,"[351, 176, 71, 51]"
169,5,car,1234,451,"[1189, 389, 91, 125]"
169,7,car,499,137,"[473, 116, 53, 43]"
169,9,car,429,120,"[403, 99, 52, 42]"
169,15,car,829,160,"[798, 135, 62, 51]"
169,18,car,846,127,"[819, 104, 55, 46]"
169,32,car,329,328,"[282, 290, 95, 76]"
169,58,car,1109,284,"[1061, 246, 96, 76]"
169,10,truck,285,156,"[229, 90, 112, 133]"
169,71,car,993,222,"[954, 190, 78, 65]"
169,16,car,943,114,"[918, 94, 51, 40]"
169,77,car,194,501,"[120, 448, 149, 107]"
169,79,car,901,82,"[877, 62, 49, 41]"
169,112,truck,286,618,"[94, 523, 385, 191]"
169,116,car,560,650,"[398, 583, 325, 134]"
169,97,car,825,23,"[804, 7, 43, 33]"
169,124,truck,981,35,"[944, 3, 75, 64]"
169,125,bus,285,157,"[228, 90, 114, 135]"
169,17,truck,170,129,"[111, 52, 119, 155]"
169,126,bus,171,130,"[112, 52, 119, 156]"
169,122,car,810,36,"[795, 21, 30, 31]"
170,1,car,423,174,"[391, 150, 65, 49]"
170,2,car,198,244,"[159, 209, 78, 70]"
170,3,car,387,201,"[353, 176, 69, 50]"
170,5,car,1237,454,"[1195, 392, 85, 124]"
170,7,car,500,137,"[474, 116, 52, 42]"
170,9,car,430,120,"[404, 99, 53, 42]"
170,15,car,829,161,"[798, 136, 62, 51]"
170,18,car,846,127,"[818, 104, 56, 47]"
170,32,car,329,327,"[283, 290, 93, 75]"
170,58,car,1112,285,"[1064, 247, 97, 77]"
170,71,car,993,223,"[954, 191, 78, 65]"
170,16,car,942,114,"[917, 95, 51, 39]"
170,77,car,193,499,"[119, 446, 148, 106]"
170,79,car,900,83,"[875, 62, 51, 42]"
170,112,truck,284,616,"[95, 520, 378, 193]"
170,116,car,555,646,"[399, 579, 312, 135]"
170,97,car,826,24,"[804, 7, 45, 35]"
170,124,truck,981,40,"[948, 12, 66, 56]"
170,17,bus,172,129,"[113, 52, 118, 155]"
170,126,truck,171,129,"[113, 52, 117, 154]"
170,129,car,710,41,"[691, 25, 38, 32]"
170,122,car,812,34,"[797, 18, 30, 32]"
171,1,car,425,173,"[393, 149, 64, 49]"
171,2,car,199,243,"[161, 209, 76, 68]"
171,3,car,389,199,"[355, 175, 68, 49]"
171,5,car,1240,457,"[1200, 395, 80, 124]"
171,7,car,500,135,"[475, 114, 51, 43]"
171,9,car,431,119,"[405, 98, 53, 42]"
171,15,car,829,162,"[798, 136, 63, 52]"
171,18,car,846,127,"[818, 104, 56, 47]"
171,32,car,330,326,"[284, 289, 92, 74]"
171,58,car,1115,286,"[1066, 248, 99, 77]"
171,71,car,993,224,"[955, 192, 77, 64]"
171,16,car,942,115,"[917, 95, 50, 40]"
171,77,car,191,497,"[118, 444, 146, 106]"
171,79,car,899,83,"[874, 62, 51, 42]"
171,112,truck,281,615,"[95, 517, 373, 196]"
171,116,car,551,643,"[402, 576, 299, 134]"
171,97,car,829,25,"[807, 7, 45, 36]"
171,129,car,711,41,"[693, 25, 37, 32]"
171,10,truck,286,156,"[230, 90, 113, 132]"
172,1,car,426,173,"[394, 148, 64, 50]"
172,2,car,200,242,"[163, 209, 74, 67]"
172,3,car,389,199,"[355, 174, 69, 50]"
172,5,car,1243,459,"[1206, 397, 74, 125]"
172,7,car,501,135,"[476, 114, 50, 42]"
172,9,car,432,118,"[406, 97, 53, 43]"
172,15,car,829,162,"[798, 137, 63, 51]"
172,18,car,845,127,"[817, 104, 57, 47]"
172,32,car,330,325,"[284, 288, 92, 74]"
172,58,car,1117,287,"[1068, 249, 98, 77]"
172,71,car,995,224,"[956, 192, 78, 64]"
172,16,car,941,115,"[916, 95, 51, 40]"
172,77,car,188,494,"[116, 441, 145, 106]"
172,79,car,898,84,"[873, 63, 51, 42]"
172,112,truck,280,614,"[98, 516, 364, 197]"
172,116,car,546,638,"[403, 572, 286, 133]"
172,129,car,712,40,"[695, 25, 35, 31]"
172,131,car,1037,27,"[1020, 14, 34, 26]"
172,10,truck,287,155,"[231, 89, 113, 132]"
172,17,truck,173,128,"[114, 51, 118, 154]"
173,1,car,426,172,"[394, 148, 64, 49]"
173,2,car,200,243,"[164, 211, 73, 64]"
173,3,car,390,198,"[355, 174, 70, 49]"
173,5,car,1246,461,"[1212, 398, 68, 127]"
173,7,car,501,134,"[477, 113, 49, 42]"
173,9,car,433,118,"[407, 97, 53, 43]"
173,15,car,829,163,"[798, 137, 63, 52]"
173,18,car,844,128,"[816, 104, 57, 48]"
173,32,car,330,323,"[284, 287, 92, 73]"
173,58,car,1120,289,"[1070, 250, 100, 78]"
173,71,car,995,224,"[956, 192, 79, 65]"
173,16,car,941,116,"[916, 96, 51, 40]"
173,77,car,187,492,"[117, 441, 141, 102]"
173,79,car,897,84,"[872, 63, 51, 42]"
173,112,truck,277,613,"[98, 513, 359, 200]"
173,116,car,542,634,"[406, 568, 272, 132]"
173,129,car,711,40,"[693, 25, 36, 31]"
173,131,car,1036,27,"[1019, 14, 34, 27]"
173,10,truck,288,155,"[231, 89, 114, 132]"
173,17,truck,175,127,"[116, 51, 118, 153]"
173,99,car,704,47,"[680, 29, 48, 36]"
174,1,car,427,171,"[395, 147, 64, 49]"
174,2,car,202,242,"[165, 210, 74, 64]"
174,3,car,391,198,"[356, 173, 70, 50]"
174,9,car,435,118,"[408, 96, 54, 44]"
174,15,car,830,164,"[798, 138, 64, 52]"
174,18,car,844,128,"[816, 105, 57, 47]"
174,32,car,329,322,"[284, 286, 91, 73]"
174,58,car,1123,291,"[1073, 252, 101, 79]"
174,71,car,997,225,"[957, 192, 81, 67]"
174,16,car,941,116,"[915, 96, 52, 41]"
174,77,car,187,489,"[116, 438, 142, 103]"
174,79,car,896,84,"[871, 63, 51, 43]"
174,112,truck,279,611,"[101, 510, 356, 203]"
174,116,car,537,630,"[407, 565, 260, 130]"
174,129,car,712,40,"[695, 25, 35, 30]"
174,131,car,1034,27,"[1017, 14, 34, 27]"
174,10,truck,289,154,"[232, 88, 114, 132]"
174,17,truck,176,127,"[117, 50, 118, 154]"
175,1,car,427,171,"[396, 147, 63, 49]"
175,2,car,203,240,"[166, 208, 74, 65]"
175,3,car,392,197,"[356, 172, 72, 51]"
175,9,car,436,117,"[409, 96, 54, 43]"
175,15,car,830,164,"[798, 139, 64, 51]"
175,18,car,844,129,"[816, 105, 57, 48]"
175,32,car,328,321,"[282, 284, 93, 74]"
175,58,car,1126,293,"[1075, 253, 102, 80]"
175,71,car,999,226,"[958, 193, 82, 67]"
175,16,car,941,117,"[915, 96, 53, 42]"
175,77,car,184,487,"[114, 436, 140, 102]"
175,79,car,896,85,"[871, 64, 50, 42]"
175,112,truck,277,611,"[102, 508, 351, 206]"
175,116,car,533,625,"[407, 560, 252, 130]"
175,131,car,1033,28,"[1016, 15, 34, 26]"
175,10,truck,290,153,"[233, 87, 114, 132]"
175,17,truck,177,126,"[118, 50, 118, 153]"
175,132,car,1263,463,"[1246, 404, 34, 119]"
175,133,car,702,54,"[679, 39, 46, 31]"
175,7,car,504,133,"[480, 112, 48, 42]"
176,1,car,427,170,"[396, 146, 63, 49]"
176,2,car,204,240,"[167, 208, 74, 64]"
176,3,car,393,197,"[357, 171, 72, 52]"
176,9,car,437,117,"[411, 96, 53, 42]"
176,15,car,830,165,"[798, 139, 64, 52]"
176,18,car,845,129,"[817, 105, 56, 48]"
176,32,car,328,319,"[282, 283, 92, 73]"
176,58,car,1128,294,"[1078, 255, 101, 78]"
176,71,car,1000,228,"[959, 194, 82, 68]"
176,16,car,941,117,"[914, 96, 54, 43]"
176,77,car,182,484,"[113, 434, 138, 101]"
176,79,car,895,85,"[870, 64, 51, 42]"
176,112,truck,279,609,"[106, 505, 347, 208]"
176,116,car,529,620,"[407, 555, 245, 131]"
176,131,car,1030,28,"[1013, 15, 35, 26]"
176,10,truck,291,152,"[234, 86, 114, 132]"
176,17,truck,178,126,"[119, 49, 118, 154]"
176,132,car,1265,467,"[1250, 410, 30, 115]"
176,133,car,703,53,"[679, 36, 49, 34]"
176,7,car,505,132,"[481, 111, 48, 43]"
176,80,car,709,47,"[681, 26, 56, 42]"
176,97,car,840,26,"[817, 7, 47, 38]"
176,99,car,712,42,"[688, 25, 48, 35]"
177,1,car,428,170,"[397, 146, 63, 48]"
177,2,car,205,234,"[162, 197, 86, 74]"
177,3,car,393,196,"[357, 170, 73, 53]"
177,9,car,439,117,"[414, 97, 50, 40]"
177,15,car,829,165,"[798, 140, 63, 51]"
177,18,car,845,129,"[818, 106, 55, 47]"
177,32,car,328,317,"[283, 281, 91, 73]"
177,58,car,1131,295,"[1081, 257, 100, 77]"
177,71,car,1001,228,"[960, 194, 82, 69]"
177,16,car,940,117,"[913, 96, 55, 43]"
177,77,car,180,482,"[111, 432, 138, 101]"
177,79,car,894,85,"[869, 64, 51, 43]"
177,112,truck,275,607,"[104, 502, 342, 211]"
177,116,car,524,616,"[407, 552, 235, 129]"
177,10,truck,292,152,"[235, 86, 114, 132]"
177,17,truck,179,125,"[120, 49, 118, 153]"
177,80,car,710,47,"[683, 26, 55, 43]"
177,99,car,714,40,"[692, 24, 44, 32]"
178,1,car,429,169,"[398, 145, 62, 48]"
178,2,car,206,230,"[161, 190, 91, 81]"
178,3,car,395,196,"[359, 170, 72, 52]"
178,9,car,440,116,"[415, 96, 51, 41]"
178,15,car,829,166,"[798, 140, 63, 52]"
178,18,car,845,130,"[818, 108, 55, 45]"
178,32,car,328,316,"[283, 280, 90, 72]"
178,58,car,1134,296,"[1083, 257, 103, 78]"
178,71,car,1002,229,"[961, 195, 82, 68]"
178,16,car,940,118,"[913, 96, 55, 44]"
178,77,car,177,479,"[109, 429, 137, 101]"
178,79,car,893,85,"[868, 64, 51, 43]"
178,112,truck,270,606,"[101, 499, 339, 214]"
178,116,car,521,612,"[408, 549, 226, 127]"
178,10,truck,292,151,"[235, 86, 114, 131]"
178,17,truck,179,125,"[120, 49, 119, 153]"
178,80,car,710,47,"[684, 26, 53, 42]"
178,99,car,718,38,"[698, 24, 40, 28]"
179,1,car,430,168,"[399, 144, 62, 48]"
179,2,car,207,230,"[163, 191, 89, 79]"
179,3,car,395,195,"[360, 169, 71, 52]"
179,9,car,441,116,"[416, 96, 50, 40]"
179,15,car,829,166,"[797, 140, 65, 53]"
179,18,car,844,131,"[817, 109, 54, 45]"
179,32,car,327,315,"[282, 279, 91, 73]"
179,58,car,1138,297,"[1087, 258, 103, 79]"
179,71,car,1003,229,"[962, 195, 82, 68]"
179,16,car,940,118,"[913, 96, 55, 45]"
179,77,car,177,476,"[109, 426, 136, 100]"
179,79,car,892,86,"[866, 64, 52, 44]"
179,112,truck,269,604,"[100, 495, 338, 218]"
179,116,car,517,608,"[408, 545, 218, 126]"
179,10,truck,293,150,"[236, 85, 114, 131]"
179,17,truck,181,124,"[122, 48, 118, 153]"
179,80,car,712,47,"[686, 26, 53, 42]"
179,97,car,840,27,"[815, 7, 50, 40]"
180,1,car,430,168,"[400, 144, 61, 48]"
180,2,car,208,231,"[165, 192, 87, 78]"
180,3,car,396,193,"[360, 167, 72, 52]"
180,9,car,442,115,"[416, 94, 52, 42]"
180,15,car,829,167,"[797, 141, 65, 53]"
180,18,car,843,131,"[817, 109, 53, 44]"
180,32,car,327,313,"[281, 276, 92, 74]"
180,58,car,1142,299,"[1090, 259, 104, 80]"
180,71,car,1005,230,"[964, 196, 82, 68]"
180,16,car,939,118,"[912, 96, 55, 45]"
180,77,car,175,474,"[109, 425, 133, 98]"
180,79,car,891,86,"[865, 64, 53, 45]"
180,112,truck,262,603,"[96, 493, 332, 220]"
180,116,car,513,604,"[407, 542, 212, 125]"
180,10,truck,294,150,"[237, 84, 114, 132]"
180,17,truck,182,124,"[123, 48, 118, 152]"
180,80,car,716,44,"[691, 25, 51, 39]"
180,97,car,838,27,"[812, 7, 53, 41]"
180,122,car,828,30,"[811, 13, 35, 35]"
180,133,car,712,48,"[682, 27, 60, 42]"
180,7,car,508,130,"[486, 110, 44, 40]"
181,1,car,431,167,"[401, 143, 61, 48]"
181,2,car,209,232,"[168, 196, 82, 73]"
181,3,car,397,193,"[362, 168, 70, 50]"
181,9,car,443,115,"[417, 94, 52, 42]"
181,15,car,830,169,"[798, 143, 64, 53]"
181,18,car,843,132,"[817, 110, 53, 44]"
181,32,car,326,312,"[281, 275, 91, 74]"
181,58,car,1144,300,"[1092, 260, 105, 81]"
181,71,car,1007,231,"[966, 198, 82, 67]"
181,16,car,939,119,"[912, 97, 54, 44]"
181,77,car,174,471,"[107, 422, 134, 98]"
181,79,car,890,87,"[864, 65, 53, 45]"
181,112,truck,264,599,"[101, 489, 327, 221]"
181,116,car,508,600,"[406, 539, 205, 123]"
181,10,truck,295,150,"[238, 84, 114, 132]"
181,17,truck,183,124,"[124, 48, 119, 152]"
181,80,car,714,47,"[689, 27, 50, 40]"
181,97,car,839,27,"[812, 7, 54, 41]"
181,133,car,717,46,"[685, 24, 64, 44]"
181,129,car,720,40,"[701, 24, 39, 32]"
182,1,car,433,167,"[402, 143, 62, 48]"
182,2,car,210,233,"[170, 197, 80, 72]"
182,3,car,398,192,"[363, 167, 70, 50]"
182,9,car,444,114,"[418, 93, 53, 43]"
182,15,car,830,170,"[798, 144, 64, 53]"
182,18,car,843,132,"[817, 110, 52, 44]"
182,32,car,327,311,"[282, 274, 90, 74]"
182,58,car,1147,302,"[1095, 262, 104, 80]"
182,71,car,1008,232,"[967, 199, 82, 67]"
182,16,car,939,119,"[912, 97, 54, 45]"
182,77,car,173,468,"[107, 420, 133, 97]"
182,79,car,889,87,"[863, 65, 53, 45]"
182,112,truck,258,595,"[96, 483, 324, 225]"
182,116,car,505,596,"[405, 535, 200, 123]"
182,10,truck,296,149,"[239, 83, 114, 132]"
182,17,truck,184,123,"[125, 47, 119, 152]"
182,80,car,713,48,"[689, 29, 48, 39]"
182,97,car,840,28,"[813, 7, 55, 42]"
182,133,car,720,45,"[690, 24, 61, 43]"
182,129,car,724,37,"[705, 23, 38, 29]"
182,122,car,834,29,"[816, 11, 37, 36]"
183,1,car,433,166,"[403, 143, 61, 47]"
183,2,car,210,233,"[171, 198, 79, 70]"
183,3,car,399,191,"[365, 166, 68, 50]"
183,9,car,446,114,"[420, 93, 53, 42]"
183,15,car,830,171,"[798, 145, 64, 53]"
183,18,car,843,133,"[816, 111, 54, 45]"
183,32,car,328,310,"[284, 274, 88, 72]"
183,58,car,1150,303,"[1097, 262, 107, 82]"
183,71,car,1009,234,"[968, 200, 82, 68]"
183,16,car,938,120,"[912, 98, 53, 44]"
183,77,car,172,466,"[106, 418, 132, 97]"
183,79,car,888,88,"[862, 66, 53, 45]"
183,112,truck,253,594,"[93, 481, 321, 227]"
183,116,car,502,592,"[404, 531, 196, 123]"
183,10,truck,297,149,"[240, 83, 114, 132]"
183,17,truck,186,122,"[127, 47, 118, 151]"
183,80,car,714,47,"[690, 27, 48, 40]"
183,97,car,842,27,"[816, 7, 53, 41]"
183,133,car,723,44,"[693, 23, 61, 43]"
183,129,car,724,38,"[704, 23, 41, 31]"
183,122,car,834,28,"[816, 11, 36, 35]"
184,1,car,434,166,"[404, 143, 60, 46]"
184,2,car,211,233,"[172, 198, 79, 70]"
184,3,car,399,190,"[365, 165, 69, 50]"
184,9,car,448,113,"[422, 92, 52, 42]"
184,15,car,830,172,"[798, 146, 64, 52]"
184,18,car,843,134,"[815, 111, 56, 47]"
184,32,car,327,308,"[284, 273, 87, 71]"
184,58,car,1153,305,"[1100, 264, 107, 82]"
184,71,car,1010,235,"[968, 201, 84, 69]"
184,16,car,938,120,"[912, 99, 53, 43]"
184,77,car,170,464,"[105, 416, 131, 97]"
184,79,car,887,89,"[861, 66, 53, 46]"
184,112,truck,250,592,"[94, 479, 313, 227]"
184,116,car,498,589,"[403, 528, 191, 122]"
184,10,truck,298,148,"[241, 82, 114, 132]"
184,17,truck,187,122,"[128, 47, 118, 150]"
184,80,car,714,46,"[691, 26, 46, 40]"
184,97,car,843,26,"[817, 6, 53, 41]"
184,133,car,725,41,"[697, 22, 56, 39]"
184,122,car,835,29,"[817, 13, 36, 33]"
185,1,car,435,165,"[405, 142, 60, 46]"
185,2,car,212,232,"[174, 198, 77, 68]"
185,3,car,400,189,"[366, 164, 69, 51]"
185,9,car,449,113,"[423, 92, 52, 42]"
185,15,car,830,172,"[798, 146, 64, 53]"
185,18,car,842,135,"[814, 111, 57, 48]"
185,32,car,327,308,"[284, 273, 87, 70]"
185,58,car,1156,307,"[1102, 266, 108, 82]"
185,71,car,1011,236,"[969, 201, 84, 70]"
185,16,car,938,121,"[912, 100, 53, 43]"
185,77,car,169,462,"[105, 414, 129, 96]"
185,79,car,886,89,"[860, 67, 53, 45]"
185,112,truck,251,591,"[96, 477, 311, 229]"
185,116,car,495,585,"[402, 525, 187, 121]"
185,10,truck,300,147,"[243, 82, 114, 131]"
185,17,truck,187,121,"[128, 46, 119, 151]"
185,97,car,843,26,"[817, 6, 53, 41]"
185,133,car,725,43,"[697, 23, 57, 40]"
185,136,car,171,450,"[111, 416, 121, 68]"
185,131,car,1018,30,"[999, 16, 39, 29]"
186,1,car,435,164,"[405, 141, 61, 46]"
186,2,car,214,231,"[176, 198, 76, 67]"
186,3,car,401,188,"[367, 163, 69, 51]"
186,9,car,450,113,"[424, 92, 52, 42]"
186,15,car,830,172,"[798, 146, 64, 53]"
186,18,car,842,135,"[814, 111, 57, 48]"
186,32,car,328,307,"[285, 272, 86, 70]"
186,58,car,1159,308,"[1105, 267, 109, 82]"
186,71,car,1012,236,"[970, 202, 85, 69]"
186,16,car,938,121,"[912, 100, 52, 43]"
186,77,car,169,460,"[105, 412, 129, 96]"
186,79,car,885,89,"[859, 66, 53, 46]"
186,112,truck,249,592,"[95, 476, 308, 232]"
186,116,car,491,582,"[400, 522, 183, 120]"
186,10,truck,301,147,"[245, 81, 113, 132]"
186,17,truck,188,121,"[129, 46, 119, 151]"
186,97,car,844,26,"[817, 6, 54, 41]"
186,133,car,726,44,"[697, 24, 58, 41]"
186,137,car,938,52,"[918, 37, 40, 31]"
187,1,car,437,163,"[406, 140, 62, 47]"
187,2,car,214,231,"[177, 198, 75, 66]"
187,3,car,403,187,"[368, 162, 70, 51]"
187,9,car,451,112,"[425, 91, 53, 43]"
187,15,car,830,173,"[798, 147, 65, 53]"
187,18,car,841,134,"[813, 111, 57, 47]"
187,32,car,327,305,"[284, 270, 87, 71]"
187,58,car,1162,308,"[1109, 268, 107, 81]"
187,71,car,1014,237,"[972, 202, 84, 70]"
187,16,car,938,122,"[912, 101, 52, 42]"
187,77,car,168,458,"[104, 410, 128, 96]"
187,79,car,884,90,"[858, 67, 53, 46]"
187,112,truck,248,591,"[95, 473, 306, 236]"
187,116,car,487,578,"[398, 518, 179, 120]"
187,10,truck,302,147,"[247, 83, 111, 128]"
187,17,truck,190,121,"[131, 46, 118, 150]"
187,133,car,726,45,"[697, 24, 59, 42]"
187,137,car,937,53,"[917, 37, 41, 32]"
188,1,car,439,163,"[408, 140, 62, 46]"
188,2,car,215,230,"[178, 197, 75, 66]"
188,3,car,404,187,"[370, 161, 69, 52]"
188,9,car,453,111,"[427, 90, 52, 43]"
188,15,car,830,174,"[798, 147, 65, 54]"
188,18,car,841,134,"[813, 111, 56, 47]"
188,32,car,328,303,"[285, 268, 86, 71]"
188,58,car,1173,309,"[1120, 269, 106, 81]"
188,71,car,1015,238,"[974, 204, 83, 68]"
188,16,car,938,122,"[912, 101, 52, 42]"
188,77,car,167,455,"[104, 408, 127, 95]"
188,79,car,884,90,"[858, 68, 53, 45]"
188,112,truck,249,589,"[97, 470, 304, 239]"
188,116,car,484,574,"[396, 515, 176, 119]"
188,10,truck,303,146,"[248, 83, 110, 127]"
188,17,truck,192,120,"[133, 46, 118, 149]"
188,137,car,936,53,"[915, 37, 42, 33]"
188,138,bus,1068,35,"[1038, 2, 60, 66]"
189,1,car,439,162,"[409, 139, 61, 46]"
189,2,car,217,229,"[179, 196, 76, 66]"
189,3,car,406,186,"[371, 161, 70, 51]"
189,9,car,454,111,"[429, 90, 50, 42]"
189,15,car,830,175,"[797, 148, 67, 54]"
189,18,car,841,134,"[813, 111, 56, 47]"
189,32,car,328,302,"[285, 268, 86, 69]"
189,58,car,1178,311,"[1125, 270, 106, 82]"
189,71,car,1017,239,"[976, 205, 83, 68]"
189,16,car,937,122,"[911, 101, 53, 43]"
189,77,car,167,451,"[105, 405, 124, 92]"
189,79,car,884,91,"[858, 68, 53, 46]"
189,112,truck,242,586,"[94, 467, 297, 239]"
189,116,car,480,570,"[395, 512, 171, 117]"
189,10,truck,304,146,"[249, 83, 110, 126]"
189,17,truck,193,120,"[135, 46, 117, 149]"
189,137,car,936,53,"[914, 36, 44, 34]"
189,138,bus,1067,35,"[1037, 2, 60, 66]"
189,139,car,736,700,"[631, 683, 210, 34]"
189,122,car,844,30,"[825, 13, 38, 35]"
189,133,car,728,44,"[700, 24, 56, 40]"
190,1,car,440,161,"[410, 138, 61, 47]"
190,2,car,218,228,"[180, 195, 77, 66]"
190,3,car,407,185,"[373, 160, 68, 51]"
190,9,car,455,110,"[430, 90, 51, 41]"
190,15,car,830,175,"[797, 148, 67, 55]"
190,18,car,840,136,"[812, 112, 57, 48]"
190,32,car,328,301,"[285, 266, 86, 70]"
190,58,car,1181,313,"[1129, 272, 105, 82]"
190,71,car,1019,239,"[978, 206, 82, 67]"
190,16,car,937,123,"[911, 102, 53, 42]"
190,77,car,165,450,"[103, 404, 125, 93]"
190,79,car,883,91,"[857, 69, 52, 45]"
190,112,truck,239,583,"[94, 464, 291, 238]"
190,116,car,477,567,"[394, 510, 167, 115]"
190,10,truck,304,145,"[250, 83, 109, 125]"
190,17,truck,194,120,"[136, 46, 117, 149]"
190,137,car,935,53,"[913, 36, 44, 35]"
190,138,bus,1065,35,"[1035, 2, 61, 67]"
190,139,car,729,697,"[605, 677, 249, 40]"
190,140,bus,240,583,"[124, 465, 233, 237]"
190,122,car,846,30,"[826, 12, 40, 37]"
190,133,car,729,44,"[701, 24, 56, 40]"
191,1,car,441,161,"[411, 138, 61, 46]"
191,2,car,219,228,"[181, 195, 76, 66]"
191,3,car,408,185,"[374, 160, 68, 50]"
191,9,car,457,110,"[431, 90, 52, 41]"
191,15,car,830,176,"[797, 149, 67, 55]"
191,18,car,840,136,"[811, 112, 58, 49]"
191,32,car,328,300,"[286, 266, 85, 69]"
191,58,car,1183,314,"[1131, 273, 105, 83]"
191,71,car,1020,241,"[978, 207, 85, 68]"
191,16,car,937,123,"[911, 103, 52, 41]"
191,77,car,163,448,"[100, 401, 126, 94]"
191,79,car,882,91,"[856, 69, 52, 45]"
191,116,car,475,563,"[393, 506, 165, 115]"
191,10,truck,305,145,"[251, 83, 109, 124]"
191,17,truck,196,120,"[138, 47, 116, 147]"
191,137,car,933,53,"[912, 37, 42, 33]"
191,138,bus,1065,36,"[1035, 3, 60, 66]"
191,139,car,722,694,"[580, 671, 284, 47]"
191,140,truck,239,581,"[122, 462, 235, 239]"
191,122,car,847,29,"[827, 11, 41, 36]"
191,133,car,731,43,"[704, 23, 55, 41]"
192,1,car,442,160,"[411, 137, 62, 46]"
192,2,car,219,227,"[182, 195, 75, 64]"
192,3,car,408,184,"[375, 160, 66, 49]"
192,9,car,458,110,"[433, 90, 51, 41]"
192,15,car,831,177,"[797, 149, 68, 56]"
192,18,car,839,138,"[811, 114, 57, 48]"
192,32,car,328,299,"[286, 265, 85, 69]"
192,58,car,1185,315,"[1132, 273, 106, 85]"
192,71,car,1021,242,"[979, 208, 85, 68]"
192,16,car,937,124,"[911, 103, 52, 42]"
192,77,car,161,446,"[99, 400, 125, 93]"
192,79,car,881,92,"[855, 70, 52, 44]"
192,116,car,472,559,"[390, 502, 164, 115]"
192,10,truck,306,143,"[251, 80, 110, 126]"
192,17,truck,196,120,"[138, 47, 117, 147]"
192,137,car,932,53,"[911, 36, 42, 34]"
192,138,bus,1064,38,"[1036, 7, 57, 62]"
192,139,car,713,692,"[558, 667, 310, 51]"
192,140,truck,236,578,"[119, 459, 234, 239]"
192,122,car,848,28,"[828, 9, 41, 38]"
192,133,car,732,43,"[706, 24, 53, 39]"
192,112,bus,235,578,"[92, 459, 287, 239]"
193,1,car,443,160,"[413, 137, 60, 46]"
193,2,car,220,226,"[183, 195, 74, 63]"
193,3,car,409,184,"[376, 160, 66, 48]"
193,9,car,460,109,"[435, 89, 51, 41]"
193,15,car,831,177,"[797, 149, 69, 57]"
193,18,car,838,138,"[810, 114, 57, 49]"
193,32,car,329,298,"[287, 264, 85, 69]"
193,58,car,1187,317,"[1134, 275, 107, 85]"
193,71,car,1023,243,"[980, 209, 86, 69]"
193,16,car,937,124,"[911, 104, 52, 41]"
193,77,car,160,444,"[98, 398, 125, 93]"
193,79,car,879,92,"[854, 71, 51, 43]"
193,116,car,470,556,"[389, 499, 162, 114]"
193,10,truck,306,143,"[252, 81, 109, 124]"
193,17,truck,197,120,"[139, 47, 117, 146]"
193,137,car,931,53,"[911, 37, 41, 33]"
193,138,bus,1064,38,"[1036, 7, 57, 62]"
193,139,car,704,689,"[537, 661, 334, 57]"
193,140,truck,234,577,"[115, 456, 238, 243]"
193,136,car,163,432,"[103, 398, 120, 68]"
194,1,car,444,159,"[414, 137, 61, 45]"
194,2,car,221,226,"[184, 195, 74, 63]"
194,3,car,410,184,"[377, 160, 66, 48]"
194,9,car,461,109,"[436, 89, 51, 41]"
194,15,car,831,177,"[797, 149, 69, 57]"
194,18,car,838,139,"[810, 116, 56, 47]"
194,32,car,329,297,"[286, 262, 86, 70]"
194,58,car,1190,319,"[1136, 276, 109, 86]"
194,71,car,1024,243,"[981, 209, 86, 69]"
194,16,car,936,125,"[910, 104, 53, 42]"
194,79,car,878,93,"[853, 71, 51, 44]"
194,116,car,468,552,"[388, 495, 160, 114]"
194,10,truck,308,141,"[253, 79, 110, 125]"
194,17,truck,198,119,"[140, 46, 117, 147]"
194,137,car,931,54,"[911, 39, 40, 31]"
194,138,bus,1063,40,"[1036, 11, 55, 59]"
194,139,car,692,687,"[516, 657, 353, 61]"
194,140,truck,239,575,"[119, 453, 240, 244]"
194,136,car,162,432,"[98, 396, 129, 72]"
194,122,car,850,27,"[830, 9, 41, 37]"
195,1,car,445,159,"[415, 136, 60, 46]"
195,2,car,222,226,"[186, 195, 73, 62]"
195,3,car,410,184,"[377, 160, 66, 48]"
195,9,car,462,109,"[437, 89, 51, 41]"
195,15,car,832,179,"[798, 151, 68, 56]"
195,18,car,837,140,"[810, 117, 55, 46]"
195,32,car,329,295,"[286, 260, 86, 70]"
195,58,car,1192,320,"[1137, 277, 111, 87]"
195,71,car,1025,244,"[982, 210, 86, 69]"
195,16,car,936,125,"[910, 104, 53, 43]"
195,79,car,877,93,"[851, 71, 53, 45]"
195,116,car,464,549,"[386, 493, 157, 113]"
195,10,truck,309,141,"[254, 78, 110, 126]"
195,17,truck,200,119,"[141, 45, 118, 148]"
195,137,car,928,54,"[909, 39, 39, 31]"
195,139,car,685,685,"[494, 651, 383, 68]"
195,140,truck,232,570,"[114, 450, 236, 241]"
195,141,car,310,701,"[213, 684, 194, 35]"
195,122,car,851,29,"[832, 12, 38, 35]"
195,77,car,161,440,"[99, 393, 125, 94]"
196,1,car,445,158,"[416, 136, 59, 44]"
196,2,car,223,225,"[187, 194, 72, 62]"
196,3,car,410,183,"[377, 159, 67, 48]"
196,9,car,464,108,"[439, 88, 50, 41]"
196,15,car,832,180,"[799, 152, 67, 56]"
196,18,car,837,138,"[810, 116, 54, 45]"
196,32,car,328,294,"[286, 259, 85, 70]"
196,58,car,1196,322,"[1141, 278, 111, 88]"
196,71,car,1026,244,"[984, 210, 85, 69]"
196,16,car,936,126,"[909, 104, 54, 44]"
196,79,car,877,93,"[851, 71, 52, 45]"
196,116,car,460,546,"[383, 490, 155, 112]"
196,10,truck,309,140,"[254, 78, 110, 125]"
196,17,truck,201,119,"[143, 45, 117, 148]"
196,137,car,926,55,"[907, 40, 39, 30]"
196,139,car,678,681,"[474, 644, 409, 75]"
196,140,truck,230,566,"[114, 447, 233, 238]"
196,141,car,308,699,"[199, 679, 219, 40]"
196,77,car,161,439,"[98, 392, 126, 94]"
196,136,car,162,424,"[105, 392, 115, 64]"
197,1,car,446,157,"[417, 135, 58, 44]"
197,2,car,223,225,"[187, 194, 73, 62]"
197,3,car,411,182,"[378, 158, 66, 49]"
197,9,car,465,108,"[440, 88, 50, 40]"
197,15,car,832,181,"[799, 154, 67, 54]"
197,18,car,836,139,"[810, 117, 53, 45]"
197,32,car,329,292,"[287, 258, 84, 69]"
197,58,car,1199,323,"[1144, 281, 110, 85]"
197,71,car,1027,245,"[984, 211, 87, 69]"
197,16,car,936,126,"[909, 104, 54, 44]"
197,79,car,876,94,"[849, 71, 54, 46]"
197,116,car,458,542,"[382, 487, 152, 111]"
197,10,truck,310,141,"[256, 79, 108, 124]"
197,17,truck,202,118,"[144, 45, 116, 147]"
197,137,car,925,55,"[906, 41, 38, 29]"
197,139,car,675,679,"[466, 640, 418, 79]"
197,140,truck,233,564,"[117, 445, 233, 238]"
197,141,car,307,696,"[187, 675, 240, 43]"
197,77,car,159,436,"[97, 389, 125, 95]"
197,136,car,162,420,"[107, 390, 110, 61]"
197,138,bus,1058,44,"[1034, 18, 49, 52]"
198,1,car,447,156,"[418, 134, 58, 44]"
198,2,car,224,224,"[188, 193, 73, 62]"
198,3,car,413,182,"[380, 158, 66, 48]"
198,9,car,466,107,"[441, 87, 50, 40]"
198,15,car,833,182,"[800, 155, 67, 54]"
198,18,car,837,140,"[810, 118, 54, 45]"
198,32,car,329,292,"[287, 258, 84, 68]"
198,58,car,1202,324,"[1146, 281, 112, 87]"
198,71,car,1029,246,"[986, 211, 87, 70]"
198,16,car,935,127,"[908, 105, 55, 44]"
198,79,car,875,94,"[848, 71, 54, 46]"
198,116,car,455,539,"[379, 484, 152, 111]"
198,10,truck,311,140,"[257, 78, 109, 125]"
198,17,truck,202,118,"[144, 45, 117, 146]"
198,139,car,671,677,"[463, 636, 417, 82]"
198,140,truck,236,561,"[120, 444, 232, 235]"
198,141,car,308,695,"[176, 671, 264, 48]"
198,77,car,158,434,"[97, 388, 123, 93]"
198,136,car,160,419,"[104, 388, 113, 62]"
199,1,car,448,155,"[419, 134, 58, 43]"
199,2,car,225,223,"[188, 192, 75, 63]"
199,3,car,413,181,"[381, 157, 65, 48]"
199,9,car,467,106,"[442, 86, 50, 41]"
199,15,car,833,183,"[800, 156, 67, 54]"
199,18,car,837,141,"[810, 119, 54, 45]"
199,32,car,329,291,"[287, 257, 84, 68]"
199,58,car,1205,326,"[1150, 283, 111, 87]"
199,71,car,1031,247,"[988, 212, 87, 71]"
199,16,car,935,127,"[908, 105, 55, 44]"
199,79,car,874,94,"[848, 71, 53, 46]"
199,116,car,452,537,"[377, 482, 151, 110]"
199,10,truck,312,139,"[258, 77, 109, 125]"
199,17,truck,204,118,"[146, 45, 116, 146]"
199,139,car,665,674,"[452, 630, 427, 88]"
199,140,truck,233,558,"[118, 442, 230, 232]"
199,141,car,302,692,"[164, 667, 276, 51]"
199,77,car,156,433,"[95, 386, 123, 94]"
199,136,car,159,419,"[101, 387, 117, 64]"
200,1,car,450,155,"[421, 133, 58, 44]"
200,2,car,227,222,"[189, 190, 76, 64]"
200,3,car,414,180,"[382, 156, 65, 48]"
200,9,car,468,107,"[443, 87, 50, 40]"
200,15,car,833,185,"[800, 158, 67, 54]"
200,18,car,836,141,"[809, 119, 54, 45]"
200,32,car,329,290,"[288, 257, 82, 67]"
200,58,car,1208,328,"[1152, 285, 113, 87]"
200,71,car,1034,248,"[990, 213, 88, 71]"
200,16,car,935,127,"[908, 105, 54, 45]"
200,79,car,874,94,"[847, 72, 54, 45]"
200,116,car,450,534,"[376, 480, 148, 109]"
200,10,truck,313,139,"[259, 77, 108, 124]"
200,17,truck,204,117,"[146, 45, 116, 145]"
200,139,car,657,670,"[438, 623, 439, 95]"
200,140,truck,232,553,"[118, 438, 229, 230]"
200,141,car,294,690,"[149, 663, 291, 54]"
200,77,car,156,431,"[96, 385, 120, 92]"
200,136,car,158,417,"[101, 386, 115, 63]"
200,137,car,922,57,"[903, 42, 39, 30]"
200,138,bus,1055,44,"[1030, 17, 51, 54]"
201,1,car,451,155,"[422, 133, 58, 44]"
201,2,car,228,221,"[191, 190, 74, 63]"
201,3,car,416,179,"[384, 156, 64, 47]"
201,9,car,471,107,"[446, 87, 50, 40]"
201,15,car,833,186,"[800, 159, 67, 54]"
201,18,car,836,143,"[808, 120, 56, 46]"
201,32,car,329,289,"[289, 256, 81, 66]"
201,58,car,1213,329,"[1156, 285, 114, 89]"
201,71,car,1036,249,"[992, 213, 89, 73]"
201,16,car,934,128,"[907, 106, 55, 44]"
201,79,car,873,95,"[847, 73, 52, 44]"
201,116,car,447,530,"[374, 476, 147, 109]"
201,10,truck,314,138,"[260, 76, 109, 125]"
201,17,truck,205,117,"[147, 44, 117, 146]"
201,139,car,652,669,"[433, 620, 438, 98]"
201,140,truck,231,549,"[116, 435, 231, 229]"
201,141,car,290,687,"[136, 658, 308, 59]"
201,77,car,156,429,"[97, 384, 118, 90]"
201,137,car,921,57,"[901, 42, 40, 30]"
201,138,bus,1054,43,"[1028, 16, 53, 55]"
202,1,car,453,154,"[423, 131, 61, 47]"
202,2,car,229,220,"[191, 188, 76, 64]"
202,3,car,417,179,"[385, 155, 65, 48]"
202,9,car,471,106,"[446, 86, 51, 40]"
202,15,car,833,187,"[800, 161, 67, 53]"
202,18,car,834,142,"[807, 120, 55, 45]"
202,32,car,329,288,"[289, 255, 81, 66]"
202,58,car,1217,331,"[1159, 286, 117, 90]"
202,71,car,1037,250,"[993, 214, 89, 73]"
202,16,car,934,128,"[907, 106, 54, 44]"
202,79,car,872,94,"[847, 73, 51, 43]"
202,116,car,445,527,"[373, 473, 145, 108]"
202,10,truck,315,138,"[262, 76, 107, 125]"
202,17,truck,207,116,"[149, 44, 116, 145]"
202,139,car,647,666,"[429, 615, 437, 103]"
202,140,truck,222,546,"[108, 432, 228, 228]"
202,141,car,286,685,"[125, 654, 322, 63]"
202,77,car,155,427,"[96, 382, 119, 90]"
202,137,car,919,57,"[899, 42, 40, 30]"
202,136,truck,156,423,"[83, 382, 147, 83]"
203,1,car,455,153,"[424, 129, 62, 49]"
203,2,car,231,219,"[193, 186, 77, 66]"
203,3,car,418,177,"[386, 154, 65, 47]"
203,9,car,472,106,"[447, 86, 50, 40]"
203,15,car,834,187,"[800, 160, 68, 55]"
203,32,car,329,287,"[289, 254, 81, 66]"
203,58,car,1220,333,"[1162, 288, 116, 90]"
203,71,car,1039,251,"[995, 216, 88, 71]"
203,16,car,934,129,"[907, 107, 55, 44]"
203,79,car,871,95,"[846, 74, 51, 43]"
203,116,car,445,524,"[374, 472, 142, 105]"
203,10,truck,316,138,"[263, 76, 107, 125]"
203,17,truck,209,116,"[151, 44, 116, 145]"
203,139,car,640,664,"[423, 611, 435, 107]"
203,140,truck,219,543,"[106, 430, 226, 226]"
203,141,car,279,683,"[109, 649, 340, 68]"
203,77,car,154,424,"[96, 380, 117, 88]"
203,137,car,917,57,"[897, 42, 40, 30]"
203,131,car,997,34,"[977, 19, 41, 31]"
204,1,car,454,153,"[425, 131, 59, 45]"
204,2,car,232,219,"[194, 187, 77, 64]"
204,3,car,419,177,"[387, 153, 65, 48]"
204,9,car,474,104,"[449, 84, 50, 41]"
204,15,car,834,187,"[800, 160, 68, 55]"
204,32,car,330,286,"[290, 253, 80, 66]"
204,58,car,1222,334,"[1164, 289, 116, 90]"
204,71,car,1040,252,"[997, 216, 87, 72]"
204,16,car,934,130,"[907, 108, 55, 45]"
204,79,car,870,95,"[845, 74, 51, 43]"
204,116,car,443,521,"[373, 469, 140, 105]"
204,10,truck,318,138,"[264, 76, 108, 124]"
204,17,truck,210,116,"[152, 43, 117, 146]"
204,139,car,637,662,"[422, 607, 430, 111]"
204,140,truck,224,540,"[111, 428, 226, 224]"
204,141,car,275,681,"[101, 645, 348, 72]"
204,77,car,154,422,"[96, 379, 116, 87]"
204,137,car,915,57,"[895, 42, 41, 31]"
204,147,car,961,51,"[935, 24, 53, 54]"
204,131,car,997,34,"[977, 19, 41, 31]"
204,136,truck,154,422,"[78, 378, 152, 88]"
205,1,car,456,153,"[427, 131, 58, 45]"
205,2,car,233,218,"[195, 186, 77, 65]"
205,3,car,420,176,"[388, 153, 65, 47]"
205,9,car,475,104,"[450, 84, 51, 41]"
205,15,car,834,189,"[800, 162, 68, 54]"
205,32,car,330,285,"[290, 252, 81, 66]"
205,58,car,1222,336,"[1165, 290, 115, 92]"
205,71,car,1042,253,"[999, 218, 87, 70]"
205,16,car,934,131,"[906, 108, 56, 47]"
205,79,car,869,96,"[843, 75, 53, 43]"
205,116,car,439,518,"[369, 465, 141, 106]"
205,10,truck,318,137,"[265, 75, 107, 125]"
205,17,truck,212,116,"[154, 44, 116, 145]"
205,139,car,631,660,"[417, 603, 428, 115]"
205,140,truck,214,538,"[103, 427, 223, 222]"
205,141,car,270,679,"[92, 641, 356, 76]"
205,77,car,153,421,"[95, 377, 117, 88]"
205,137,car,914,58,"[894, 43, 41, 30]"
205,136,truck,153,420,"[79, 377, 148, 87]"
206,1,car,456,152,"[427, 130, 59, 45]"
206,2,car,234,218,"[196, 186, 76, 64]"
206,3,car,422,175,"[390, 152, 64, 47]"
206,9,car,477,104,"[452, 84, 51, 41]"
206,15,car,834,190,"[800, 163, 68, 55]"
206,32,car,330,285,"[290, 252, 81, 66]"
206,58,car,1224,337,"[1168, 291, 112, 92]"
206,71,car,1044,253,"[1001, 218, 87, 71]"
206,16,car,934,132,"[906, 109, 56, 46]"
206,79,car,869,95,"[842, 73, 54, 45]"
206,116,car,437,515,"[367, 462, 141, 106]"
206,10,truck,320,137,"[266, 75, 108, 124]"
206,17,truck,213,116,"[155, 44, 116, 144]"
206,139,car,623,658,"[411, 598, 424, 120]"
206,140,truck,209,536,"[98, 425, 222, 222]"
206,141,car,267,677,"[86, 637, 363, 80]"
206,77,car,152,418,"[94, 374, 117, 88]"
206,137,car,914,58,"[893, 43, 42, 31]"
206,138,bus,1052,46,"[1025, 19, 54, 55]"
206,147,truck,959,50,"[932, 22, 55, 57]"
207,1,car,457,151,"[428, 129, 58, 45]"
207,2,car,234,217,"[197, 185, 75, 64]"
207,3,car,423,175,"[391, 152, 64, 46]"
207,9,car,478,104,"[453, 84, 51, 40]"
207,15,car,834,190,"[799, 162, 71, 57]"
207,32,car,331,284,"[291, 251, 81, 66]"
207,58,car,1224,338,"[1169, 293, 111, 91]"
207,71,car,1046,254,"[1002, 218, 88, 72]"
207,16,car,935,132,"[907, 109, 56, 47]"
207,79,car,869,95,"[841, 72, 56, 46]"
207,116,car,434,511,"[365, 459, 139, 105]"
207,10,truck,321,136,"[267, 74, 108, 125]"
207,17,truck,213,115,"[155, 43, 117, 145]"
207,139,car,617,655,"[405, 592, 424, 127]"
207,140,truck,209,532,"[99, 422, 221, 220]"
207,141,car,265,675,"[80, 632, 370, 86]"
207,77,car,152,415,"[94, 372, 116, 87]"
207,137,car,913,59,"[893, 44, 41, 30]"
207,148,truck,1052,46,"[1023, 21, 59, 51]"
207,138,bus,1052,47,"[1025, 20, 54, 54]"
207,147,truck,959,50,"[931, 21, 56, 58]"
208,1,car,457,150,"[428, 128, 59, 45]"
208,2,car,235,216,"[198, 184, 75, 64]"
208,3,car,425,174,"[393, 151, 64, 47]"
208,9,car,480,103,"[455, 83, 50, 41]"
208,15,car,835,191,"[800, 163, 71, 57]"
208,32,car,331,284,"[291, 251, 81, 66]"
208,58,car,1226,340,"[1172, 294, 108, 92]"
208,71,car,1047,255,"[1003, 220, 88, 71]"
208,16,car,934,133,"[906, 109, 57, 48]"
208,79,car,868,95,"[840, 72, 56, 47]"
208,116,car,431,508,"[362, 456, 139, 105]"
208,10,truck,322,136,"[268, 74, 108, 125]"
208,17,truck,215,115,"[157, 43, 116, 144]"
208,139,car,613,653,"[404, 588, 418, 131]"
208,140,truck,209,529,"[99, 419, 220, 220]"
208,141,car,263,673,"[76, 628, 375, 90]"
208,77,car,152,411,"[96, 369, 112, 85]"
208,137,car,912,59,"[891, 44, 42, 30]"
208,148,truck,1051,47,"[1022, 21, 59, 52]"
208,138,bus,1051,47,"[1024, 20, 55, 55]"
208,147,truck,958,49,"[930, 20, 57, 59]"
208,18,car,833,151,"[799, 123, 68, 56]"
208,136,car,154,402,"[99, 370, 110, 65]"
209,1,car,458,150,"[429, 128, 59, 45]"
209,2,car,236,214,"[199, 182, 74, 64]"
209,3,car,425,174,"[393, 151, 64, 46]"
209,9,car,481,103,"[456, 83, 51, 40]"
209,15,car,836,193,"[801, 165, 70, 56]"
209,32,car,332,283,"[292, 250, 81, 66]"
209,58,car,1227,342,"[1174, 296, 106, 93]"
209,71,car,1049,257,"[1005, 221, 88, 72]"
209,16,car,935,133,"[907, 110, 56, 47]"
209,79,car,867,96,"[839, 73, 57, 47]"
209,116,car,430,505,"[361, 453, 138, 105]"
209,10,truck,323,136,"[269, 74, 108, 124]"
209,17,truck,215,113,"[157, 42, 116, 143]"
209,139,car,607,651,"[402, 584, 411, 135]"
209,140,truck,212,526,"[101, 416, 222, 221]"
209,141,car,260,671,"[73, 624, 374, 94]"
209,77,car,152,409,"[97, 368, 110, 83]"
209,137,car,911,58,"[890, 43, 42, 30]"
209,138,bus,1049,47,"[1021, 20, 56, 55]"
209,147,truck,958,49,"[930, 20, 56, 59]"
209,18,car,832,152,"[798, 124, 69, 57]"
209,136,car,153,399,"[102, 369, 103, 60]"
210,1,car,459,149,"[430, 127, 59, 45]"
210,2,car,237,212,"[198, 179, 78, 67]"
210,3,car,426,173,"[394, 150, 65, 47]"
210,9,car,483,102,"[457, 82, 52, 41]"
210,15,car,837,194,"[802, 166, 70, 56]"
210,32,car,332,281,"[292, 248, 81, 66]"
210,58,car,1228,344,"[1177, 298, 103, 93]"
210,71,car,1051,258,"[1007, 222, 89, 72]"
210,16,car,934,133,"[907, 110, 55, 47]"
210,79,car,866,97,"[839, 74, 55, 46]"
210,116,car,427,503,"[358, 450, 139, 106]"
210,10,truck,324,136,"[270, 74, 108, 124]"
210,17,truck,217,113,"[160, 42, 115, 142]"
210,139,car,603,649,"[403, 580, 401, 138]"
210,140,truck,211,523,"[102, 414, 219, 218]"
210,141,car,258,669,"[74, 621, 369, 96]"
210,77,car,152,409,"[95, 367, 114, 85]"
210,137,car,909,58,"[889, 43, 41, 30]"
210,18,car,832,154,"[798, 125, 69, 58]"
210,136,car,153,395,"[103, 367, 100, 57]"
211,1,car,461,149,"[432, 127, 58, 45]"
211,2,car,238,211,"[199, 177, 78, 68]"
211,3,car,427,173,"[395, 150, 64, 46]"
211,9,car,484,102,"[459, 81, 51, 42]"
211,15,car,837,194,"[802, 166, 70, 57]"
211,32,car,332,279,"[292, 246, 81, 66]"
211,58,car,1230,345,"[1180, 299, 100, 93]"
211,71,car,1053,258,"[1008, 223, 90, 71]"
211,16,car,934,134,"[906, 111, 56, 47]"
211,79,car,865,97,"[838, 74, 55, 47]"
211,116,car,426,500,"[358, 448, 136, 104]"
211,10,truck,324,135,"[270, 73, 109, 125]"
211,17,truck,217,112,"[160, 41, 115, 143]"
211,139,car,599,647,"[403, 576, 393, 143]"
211,140,truck,210,520,"[101, 412, 218, 216]"
211,141,car,255,667,"[72, 617, 367, 100]"
211,77,car,151,408,"[93, 365, 117, 87]"
211,137,car,908,58,"[888, 44, 40, 29]"
211,18,car,832,153,"[799, 125, 67, 57]"
211,136,car,153,393,"[104, 365, 98, 56]"
211,133,car,770,39,"[742, 18, 57, 43]"
211,147,truck,956,50,"[928, 20, 57, 60]"
212,1,car,462,149,"[433, 127, 58, 45]"
212,2,car,239,211,"[202, 179, 74, 64]"
212,3,car,429,173,"[397, 150, 64, 46]"
212,9,car,485,101,"[460, 81, 51, 41]"
212,15,car,838,195,"[803, 168, 70, 55]"
212,32,car,332,277,"[292, 244, 81, 67]"
212,58,car,1232,347,"[1184, 300, 96, 94]"
212,71,car,1054,259,"[1010, 223, 89, 72]"
212,16,car,933,134,"[906, 111, 55, 47]"
212,79,car,865,99,"[838, 76, 54, 46]"
212,116,car,423,497,"[357, 446, 133, 102]"
212,10,truck,325,135,"[271, 73, 109, 124]"
212,17,truck,220,113,"[162, 42, 116, 142]"
212,139,car,594,645,"[404, 573, 381, 145]"
212,140,truck,206,518,"[99, 411, 215, 214]"
212,141,car,251,665,"[67, 613, 368, 104]"
212,77,car,151,406,"[93, 363, 117, 87]"
212,137,car,906,60,"[886, 46, 41, 28]"
212,18,car,832,154,"[799, 126, 66, 56]"
212,136,car,152,391,"[101, 363, 103, 57]"
212,133,car,773,39,"[746, 17, 55, 44]"
212,147,truck,955,50,"[927, 20, 57, 61]"
213,1,car,463,149,"[434, 127, 58, 44]"
213,2,car,240,210,"[203, 178, 74, 64]"
213,3,car,430,172,"[399, 149, 63, 46]"
213,9,car,486,101,"[462, 81, 49, 40]"
213,15,car,838,196,"[804, 169, 69, 55]"
213,32,car,332,276,"[293, 244, 79, 65]"
213,58,car,1233,349,"[1187, 302, 93, 94]"
213,71,car,1056,260,"[1012, 224, 89, 72]"
213,16,car,933,134,"[906, 111, 55, 47]"
213,79,car,864,100,"[837, 77, 54, 46]"
213,116,car,422,494,"[356, 444, 132, 101]"
213,10,truck,326,135,"[272, 73, 109, 124]"
213,17,truck,220,112,"[163, 41, 115, 142]"
213,139,car,589,644,"[401, 569, 376, 150]"
213,140,truck,211,517,"[103, 410, 216, 214]"
213,141,car,249,663,"[68, 609, 363, 108]"
213,77,car,150,404,"[94, 362, 113, 84]"
213,137,car,905,60,"[885, 45, 41, 30]"
213,18,car,832,154,"[800, 127, 64, 54]"
213,136,car,151,390,"[99, 361, 105, 58]"
213,133,car,775,39,"[748, 17, 55, 44]"
214,1,car,463,148,"[435, 126, 57, 44]"
214,2,car,242,209,"[206, 178, 73, 63]"
214,3,car,431,171,"[399, 148, 65, 47]"
214,9,car,488,100,"[464, 81, 48, 39]"
214,15,car,839,197,"[805, 170, 69, 54]"
214,32,car,333,276,"[293, 243, 80, 66]"
214,58,car,1235,351,"[1190, 304, 90, 94]"
214,71,car,1058,261,"[1013, 225, 90, 72]"
214,16,car,933,135,"[906, 112, 54, 46]"
214,79,car,863,101,"[837, 78, 53, 46]"
214,116,car,420,491,"[355, 441, 131, 101]"
214,10,truck,327,135,"[273, 73, 109, 124]"
214,17,truck,221,112,"[164, 41, 115, 142]"
214,139,car,584,641,"[401, 565, 366, 153]"
214,140,truck,208,515,"[100, 408, 216, 214]"
214,141,car,246,661,"[66, 606, 361, 111]"
214,77,car,152,397,"[101, 360, 102, 75]"
214,137,car,904,60,"[883, 45, 43, 30]"
214,18,car,831,154,"[799, 127, 64, 54]"
214,133,car,776,39,"[750, 17, 53, 44]"
214,138,bus,1045,49,"[1018, 23, 55, 53]"
214,147,car,952,51,"[924, 22, 56, 59]"
215,1,car,464,146,"[435, 124, 58, 45]"
215,2,car,244,209,"[208, 178, 72, 62]"
215,3,car,432,170,"[400, 147, 64, 47]"
215,9,car,488,100,"[465, 81, 47, 38]"
215,15,car,841,198,"[806, 171, 70, 55]"
215,32,car,333,274,"[294, 242, 78, 65]"
215,58,car,1237,352,"[1194, 305, 86, 94]"
215,71,car,1060,261,"[1014, 225, 93, 73]"
215,16,car,933,135,"[906, 112, 54, 47]"
215,79,car,862,101,"[836, 78, 53, 46]"
215,116,car,420,490,"[356, 440, 129, 100]"
215,10,truck,328,133,"[275, 72, 106, 123]"
215,17,truck,222,111,"[164, 40, 116, 142]"
215,139,car,580,639,"[402, 561, 357, 156]"
215,140,truck,207,512,"[99, 405, 217, 214]"
215,141,car,242,659,"[62, 601, 361, 117]"
215,77,car,152,399,"[97, 359, 111, 80]"
215,137,car,903,59,"[881, 44, 44, 31]"
215,18,car,831,155,"[799, 127, 65, 56]"
215,138,bus,1044,50,"[1017, 25, 54, 51]"
215,147,car,950,52,"[923, 23, 55, 59]"
215,136,car,151,387,"[98, 358, 107, 58]"
216,1,car,465,145,"[437, 123, 57, 45]"
216,2,car,245,207,"[208, 175, 74, 64]"
216,3,car,432,169,"[400, 146, 65, 47]"
216,9,car,489,99,"[466, 80, 47, 39]"
216,15,car,841,199,"[805, 171, 72, 57]"
216,32,car,333,273,"[295, 242, 77, 63]"
216,58,car,1238,353,"[1197, 306, 83, 95]"
216,71,car,1062,263,"[1015, 226, 94, 74]"
216,16,car,933,136,"[906, 113, 54, 46]"
216,79,car,862,102,"[835, 79, 54, 46]"
216,116,car,418,487,"[354, 437, 129, 101]"
216,10,truck,329,133,"[276, 72, 106, 122]"
216,17,truck,223,111,"[165, 40, 116, 142]"
216,139,car,576,635,"[403, 556, 347, 158]"
216,140,truck,201,509,"[94, 402, 215, 214]"
216,141,car,239,657,"[60, 597, 358, 121]"
216,77,car,150,397,"[95, 357, 111, 80]"
216,137,car,901,60,"[879, 45, 44, 31]"
216,18,car,831,156,"[798, 127, 67, 59]"
216,138,bus,1043,50,"[1016, 25, 55, 51]"
216,147,car,950,53,"[923, 25, 54, 57]"
216,136,car,151,385,"[98, 356, 106, 58]"
217,1,car,466,145,"[438, 123, 57, 44]"
217,2,car,245,206,"[208, 174, 74, 65]"
217,3,car,433,169,"[400, 145, 66, 48]"
217,9,car,490,100,"[466, 80, 49, 40]"
217,15,car,841,200,"[805, 172, 73, 57]"
217,32,car,333,272,"[295, 241, 76, 63]"
217,58,car,1240,355,"[1201, 308, 79, 94]"
217,71,car,1064,264,"[1017, 227, 95, 75]"
217,16,car,933,136,"[906, 113, 54, 47]"
217,79,car,861,102,"[835, 79, 53, 46]"
217,116,car,415,484,"[351, 434, 129, 100]"
217,10,truck,330,132,"[277, 72, 106, 121]"
217,17,truck,224,110,"[166, 39, 116, 142]"
217,139,car,572,632,"[403, 552, 338, 161]"
217,140,truck,200,505,"[93, 399, 214, 213]"
217,141,car,236,655,"[58, 592, 357, 126]"
217,137,car,901,60,"[878, 44, 46, 33]"
217,18,car,830,157,"[797, 128, 67, 59]"
217,138,bus,1042,50,"[1014, 23, 57, 54]"
217,136,car,150,383,"[97, 355, 107, 57]"
218,1,car,467,145,"[439, 123, 57, 44]"
218,2,car,246,207,"[210, 176, 72, 62]"
218,3,car,434,168,"[402, 145, 65, 47]"
218,9,car,493,99,"[468, 79, 50, 40]"
218,15,car,842,201,"[805, 172, 74, 58]"
218,32,car,334,271,"[296, 240, 76, 62]"
218,58,car,1242,356,"[1204, 309, 76, 94]"
218,71,car,1066,265,"[1020, 228, 93, 75]"
218,16,car,933,137,"[906, 114, 54, 46]"
218,79,car,861,102,"[834, 79, 54, 46]"
218,116,car,413,481,"[349, 432, 128, 99]"
218,10,truck,331,132,"[279, 72, 105, 120]"
218,17,truck,225,110,"[167, 39, 116, 143]"
218,139,car,567,629,"[403, 547, 329, 164]"
218,140,truck,201,503,"[95, 397, 212, 212]"
218,141,car,235,653,"[61, 589, 349, 129]"
218,137,car,900,60,"[877, 44, 47, 33]"
218,18,car,830,159,"[797, 129, 67, 60]"
218,138,bus,1042,50,"[1013, 23, 58, 54]"
218,136,car,150,382,"[96, 353, 108, 58]"
218,147,car,949,54,"[922, 25, 54, 58]"
219,1,car,469,144,"[442, 123, 55, 43]"
219,2,car,247,205,"[209, 172, 76, 66]"
219,3,car,435,168,"[403, 145, 65, 47]"
219,9,car,495,99,"[470, 79, 50, 41]"
219,15,car,842,201,"[806, 173, 73, 57]"
219,32,car,334,270,"[296, 239, 76, 63]"
219,58,car,1244,359,"[1209, 312, 71, 94]"
219,71,car,1068,266,"[1022, 230, 93, 73]"
219,16,car,932,138,"[905, 115, 55, 46]"
219,79,car,860,102,"[833, 79, 55, 47]"
219,116,car,411,479,"[348, 430, 127, 99]"
219,10,truck,332,131,"[280, 72, 105, 119]"
219,17,truck,226,111,"[168, 39, 117, 144]"
219,139,car,562,625,"[405, 544, 315, 162]"
219,140,truck,205,501,"[98, 395, 215, 213]"
219,141,car,232,651,"[60, 585, 345, 133]"
219,137,car,899,61,"[876, 45, 46, 33]"
219,18,car,830,159,"[797, 129, 66, 60]"
219,138,bus,1041,49,"[1011, 22, 60, 55]"
219,136,car,150,380,"[96, 352, 108, 57]"
219,147,car,948,54,"[922, 25, 53, 58]"
220,1,car,470,144,"[443, 124, 55, 41]"
220,2,car,248,202,"[208, 167, 81, 71]"
220,3,car,437,167,"[405, 144, 64, 47]"
220,9,car,496,98,"[471, 78, 50, 41]"
220,15,car,843,202,"[807, 174, 72, 57]"
220,32,car,334,269,"[296, 238, 77, 63]"
220,58,car,1247,361,"[1214, 315, 66, 93]"
220,71,car,1070,267,"[1024, 230, 92, 74]"
220,16,car,932,138,"[905, 115, 55, 46]"
220,79,car,859,102,"[832, 79, 55, 47]"
220,116,car,411,476,"[348, 427, 126, 98]"
220,10,truck,334,131,"[282, 72, 104, 118]"
220,17,truck,227,111,"[169, 39, 117, 144]"
220,139,car,557,621,"[406, 540, 303, 162]"
220,140,truck,208,498,"[101, 393, 214, 211]"
220,141,car,230,649,"[59, 580, 343, 138]"
220,137,car,897,62,"[874, 46, 47, 33]"
220,18,car,830,159,"[798, 130, 64, 58]"
220,138,truck,1041,49,"[1011, 21, 61, 56]"
220,136,car,150,380,"[95, 351, 110, 58]"
221,1,car,472,143,"[444, 122, 56, 43]"
221,2,car,249,201,"[208, 164, 83, 74]"
221,3,car,438,167,"[406, 144, 64, 47]"
221,9,car,497,98,"[472, 77, 50, 42]"
221,15,car,843,204,"[806, 175, 74, 58]"
221,32,car,335,269,"[296, 237, 79, 64]"
221,58,car,1248,364,"[1217, 317, 63, 94]"
221,71,car,1072,268,"[1026, 231, 92, 74]"
221,16,car,932,139,"[905, 116, 55, 46]"
221,79,car,858,102,"[831, 79, 55, 47]"
221,116,car,409,473,"[347, 425, 124, 97]"
221,10,truck,335,130,"[283, 71, 105, 119]"
221,17,truck,228,110,"[170, 39, 117, 143]"
221,139,car,553,618,"[407, 537, 293, 162]"
221,140,truck,200,496,"[94, 392, 212, 209]"
221,141,car,228,648,"[61, 579, 334, 139]"
221,137,car,896,63,"[873, 46, 47, 34]"
221,18,car,829,160,"[797, 131, 65, 58]"
221,136,car,148,378,"[95, 350, 107, 56]"
222,1,car,473,143,"[446, 122, 55, 42]"
222,2,car,251,201,"[212, 167, 78, 69]"
222,3,car,439,167,"[407, 143, 65, 48]"
222,15,car,843,205,"[806, 176, 74, 58]"
222,32,car,335,268,"[296, 236, 79, 64]"
222,58,car,1250,365,"[1221, 318, 59, 95]"
222,71,car,1073,269,"[1026, 231, 94, 76]"
222,16,car,932,139,"[905, 116, 55, 47]"
222,79,car,858,103,"[831, 80, 54, 47]"
222,116,car,406,471,"[345, 423, 123, 97]"
222,10,truck,336,130,"[283, 70, 106, 120]"
222,17,truck,229,110,"[171, 38, 117, 144]"
222,139,car,549,614,"[407, 533, 284, 162]"
222,140,truck,194,494,"[90, 390, 209, 208]"
222,141,car,226,646,"[62, 575, 328, 143]"
222,18,car,829,160,"[798, 132, 63, 57]"
222,136,car,149,376,"[97, 349, 105, 54]"
223,1,car,474,142,"[447, 121, 55, 42]"
223,2,car,252,199,"[212, 163, 80, 72]"
223,3,car,440,166,"[408, 143, 64, 47]"
223,15,car,843,206,"[806, 177, 74, 58]"
223,32,car,335,266,"[296, 234, 79, 64]"
223,58,car,1252,366,"[1225, 319, 55, 95]"
223,71,car,1073,270,"[1026, 231, 95, 78]"
223,16,car,932,139,"[904, 115, 57, 48]"
223,79,car,857,104,"[830, 81, 55, 46]"
223,116,car,405,468,"[344, 421, 122, 95]"
223,10,truck,337,129,"[284, 70, 106, 118]"
223,17,truck,230,109,"[173, 38, 115, 142]"
223,139,car,545,608,"[409, 528, 272, 160]"
223,140,truck,191,492,"[88, 389, 206, 206]"
223,141,car,223,644,"[61, 571, 324, 147]"
223,18,car,829,160,"[798, 133, 62, 55]"
223,136,car,149,374,"[97, 347, 105, 54]"
223,158,car,783,34,"[757, 16, 52, 37]"
223,9,car,497,97,"[474, 78, 47, 39]"
224,1,car,475,141,"[447, 120, 57, 43]"
224,2,car,252,196,"[211, 159, 83, 75]"
224,3,car,440,166,"[408, 142, 65, 48]"
224,15,car,844,207,"[807, 178, 74, 59]"
224,32,car,336,264,"[297, 233, 78, 63]"
224,58,car,1254,368,"[1228, 320, 52, 96]"
224,71,car,1074,271,"[1027, 233, 95, 77]"
224,16,car,932,140,"[904, 116, 57, 48]"
224,79,car,856,104,"[829, 81, 55, 47]"
224,116,car,404,465,"[344, 418, 120, 95]"
224,10,truck,337,128,"[284, 68, 107, 121]"
224,17,truck,231,108,"[173, 37, 116, 143]"
224,139,car,541,603,"[410, 524, 263, 159]"
224,140,truck,189,489,"[89, 388, 201, 203]"
224,141,car,220,642,"[60, 566, 321, 152]"
224,18,car,829,161,"[798, 134, 62, 55]"
224,136,car,149,374,"[94, 346, 110, 56]"
224,158,car,785,35,"[758, 16, 54, 38]"
224,9,car,498,97,"[476, 78, 45, 38]"
224,138,bus,1038,49,"[1008, 21, 60, 57]"
224,137,car,893,63,"[869, 46, 49, 34]"
225,1,car,476,141,"[448, 120, 57, 42]"
225,2,car,253,195,"[212, 157, 83, 77]"
225,3,car,442,165,"[410, 141, 64, 48]"
225,15,car,845,208,"[808, 179, 74, 58]"
225,32,car,336,264,"[298, 233, 77, 62]"
225,71,car,1075,272,"[1028, 234, 94, 77]"
225,16,car,932,140,"[904, 116, 57, 49]"
225,79,car,855,105,"[827, 82, 56, 47]"
225,116,car,402,463,"[342, 416, 120, 94]"
225,10,truck,339,128,"[285, 68, 108, 120]"
225,17,truck,232,107,"[174, 36, 116, 143]"
225,139,car,538,601,"[411, 522, 255, 159]"
225,140,truck,189,488,"[89, 387, 200, 202]"
225,141,car,218,640,"[61, 563, 315, 155]"
225,18,car,828,162,"[798, 135, 61, 54]"
225,136,car,149,371,"[95, 344, 108, 55]"
225,158,car,785,35,"[757, 15, 57, 40]"
225,9,car,500,96,"[478, 78, 44, 37]"
225,138,bus,1037,49,"[1007, 21, 61, 57]"
225,137,car,891,64,"[868, 47, 47, 34]"
226,1,car,477,141,"[449, 120, 56, 42]"
226,2,car,254,196,"[215, 159, 79, 74]"
226,3,car,443,165,"[411, 141, 65, 48]"
226,15,car,845,209,"[809, 180, 73, 58]"
226,32,car,336,263,"[298, 232, 77, 63]"
226,71,car,1076,273,"[1030, 235, 92, 77]"
226,16,car,932,141,"[904, 117, 57, 48]"
226,79,car,854,105,"[826, 82, 57, 47]"
226,116,car,400,460,"[340, 413, 121, 95]"
226,10,truck,340,127,"[287, 68, 106, 118]"
226,17,truck,233,107,"[175, 36, 116, 143]"
226,139,car,533,597,"[410, 519, 246, 156]"
226,140,truck,186,484,"[88, 384, 197, 201]"
226,141,car,216,639,"[62, 560, 309, 159]"
226,18,car,829,162,"[798, 135, 62, 55]"
226,136,car,149,368,"[98, 342, 102, 52]"
226,158,car,786,32,"[762, 15, 49, 34]"
226,9,car,500,96,"[478, 77, 44, 38]"
226,138,car,1038,50,"[1007, 21, 62, 58]"
226,137,car,890,64,"[866, 47, 48, 34]"
226,159,car,1266,368,"[1253, 321, 27, 94]"
226,160,truck,1039,49,"[1006, 20, 66, 58]"
227,1,car,477,140,"[449, 120, 57, 41]"
227,2,car,255,199,"[219, 165, 73, 68]"
227,3,car,445,164,"[414, 141, 62, 47]"
227,15,car,847,209,"[810, 180, 74, 59]"
227,32,car,337,262,"[298, 231, 78, 63]"
227,71,car,1077,273,"[1032, 235, 91, 77]"
227,16,car,932,142,"[904, 118, 57, 48]"
227,79,car,853,106,"[825, 82, 57, 48]"
227,116,car,400,459,"[340, 411, 120, 96]"
227,10,truck,342,125,"[289, 66, 106, 119]"
227,17,truck,234,107,"[176, 36, 117, 143]"
227,139,car,529,592,"[412, 516, 235, 153]"
227,140,truck,186,482,"[89, 383, 195, 199]"
227,141,car,215,637,"[63, 556, 304, 162]"
227,18,car,828,163,"[797, 135, 63, 56]"
227,136,car,147,366,"[96, 340, 102, 52]"
227,158,car,788,30,"[765, 15, 46, 31]"
227,9,car,501,95,"[479, 76, 45, 39]"
227,138,bus,1036,49,"[1005, 20, 63, 59]"
227,137,car,889,64,"[864, 47, 50, 35]"
227,159,car,1268,374,"[1257, 331, 23, 87]"
227,160,truck,1038,49,"[1005, 20, 66, 59]"
228,1,car,478,140,"[450, 119, 57, 42]"
228,2,car,257,200,"[223, 168, 69, 64]"
228,3,car,446,163,"[416, 141, 60, 45]"
228,15,car,847,210,"[810, 181, 74, 58]"
228,32,car,337,261,"[298, 229, 79, 64]"
228,71,car,1078,275,"[1033, 236, 90, 78]"
228,16,car,932,142,"[904, 118, 56, 48]"
228,79,car,853,106,"[824, 82, 58, 49]"
228,116,car,398,456,"[339, 409, 119, 95]"
228,10,truck,343,125,"[290, 66, 107, 119]"
228,17,truck,235,107,"[177, 35, 116, 144]"
228,139,car,526,588,"[411, 511, 231, 154]"
228,140,truck,185,481,"[88, 382, 195, 199]"
228,141,car,213,635,"[66, 553, 295, 164]"
228,18,car,828,164,"[798, 137, 61, 54]"
228,136,car,148,364,"[96, 338, 104, 52]"
228,9,car,504,95,"[481, 75, 47, 41]"
228,137,car,888,64,"[863, 46, 51, 36]"
229,1,car,479,139,"[451, 118, 57, 42]"
229,2,car,258,198,"[223, 165, 71, 66]"
229,3,car,446,162,"[417, 140, 59, 44]"
229,15,car,848,210,"[811, 181, 75, 59]"
229,32,car,337,260,"[299, 229, 77, 62]"
229,71,car,1083,275,"[1038, 236, 90, 79]"
229,16,car,932,143,"[904, 119, 56, 48]"
229,79,car,852,107,"[824, 83, 57, 48]"
229,116,car,397,454,"[338, 407, 119, 94]"
229,10,truck,344,125,"[291, 66, 107, 119]"
229,17,truck,236,107,"[178, 35, 116, 144]"
229,139,car,523,584,"[412, 508, 223, 152]"
229,140,truck,184,478,"[89, 380, 190, 196]"
229,141,car,210,632,"[68, 550, 285, 164]"
229,18,car,828,164,"[798, 138, 60, 53]"
229,136,car,148,362,"[98, 337, 101, 50]"
229,9,car,505,94,"[482, 74, 46, 41]"
229,137,car,887,64,"[862, 46, 50, 36]"
229,147,car,941,57,"[914, 28, 55, 59]"
229,158,car,791,31,"[768, 15, 47, 32]"
229,138,truck,1036,49,"[1004, 19, 65, 60]"
230,1,car,481,138,"[452, 117, 58, 43]"
230,2,car,259,198,"[225, 166, 69, 64]"
230,3,car,447,162,"[418, 140, 59, 44]"
230,15,car,850,210,"[813, 181, 75, 59]"
230,32,car,337,258,"[299, 227, 77, 62]"
230,71,car,1089,277,"[1043, 237, 93, 80]"
230,16,car,932,143,"[904, 119, 56, 48]"
230,79,car,851,107,"[822, 82, 59, 50]"
230,116,car,396,452,"[337, 405, 119, 94]"
230,10,truck,345,125,"[292, 66, 106, 118]"
230,17,truck,237,106,"[179, 34, 116, 144]"
230,139,car,520,580,"[410, 504, 221, 153]"
230,140,truck,183,473,"[88, 375, 190, 196]"
230,141,car,208,629,"[71, 549, 274, 161]"
230,18,car,828,165,"[798, 139, 60, 53]"
230,136,car,148,359,"[100, 336, 97, 47]"
230,137,car,886,64,"[861, 47, 50, 35]"
230,161,car,915,18,"[888, 0, 54, 37]"
230,147,car,941,57,"[914, 28, 54, 59]"
230,158,car,792,31,"[768, 15, 49, 33]"
230,138,bus,1034,49,"[1002, 20, 65, 59]"
231,1,car,481,138,"[453, 117, 57, 42]"
231,2,car,260,198,"[227, 168, 67, 61]"
231,3,car,448,161,"[418, 139, 60, 44]"
231,15,car,851,212,"[813, 183, 76, 59]"
231,32,car,338,257,"[299, 226, 78, 63]"
231,71,car,1094,278,"[1048, 239, 93, 79]"
231,16,car,932,143,"[904, 119, 56, 49]"
231,79,car,851,107,"[822, 82, 58, 50]"
231,116,car,394,449,"[335, 402, 118, 94]"
231,10,truck,346,124,"[293, 65, 106, 119]"
231,17,truck,239,106,"[181, 34, 116, 144]"
231,139,car,515,575,"[408, 500, 214, 151]"
231,140,truck,182,470,"[87, 372, 190, 196]"
231,141,car,206,626,"[74, 546, 265, 161]"
231,18,car,829,165,"[799, 139, 60, 53]"
231,136,car,147,358,"[98, 334, 99, 48]"
231,137,car,884,65,"[860, 48, 49, 34]"
231,147,car,941,58,"[914, 29, 54, 58]"
231,138,bus,1032,49,"[1000, 20, 65, 59]"
232,1,car,483,137,"[454, 116, 58, 43]"
232,2,car,262,198,"[228, 168, 68, 61]"
232,3,car,449,160,"[419, 138, 60, 44]"
232,15,car,852,214,"[814, 184, 77, 60]"
232,32,car,338,256,"[299, 225, 78, 63]"
232,71,car,1097,279,"[1051, 240, 93, 79]"
232,16,car,932,144,"[903, 119, 58, 50]"
232,79,car,851,108,"[822, 83, 58, 50]"
232,116,car,392,446,"[334, 400, 117, 93]"
232,10,truck,346,124,"[293, 65, 106, 119]"
232,17,truck,240,106,"[182, 34, 116, 144]"
232,139,car,512,573,"[407, 498, 210, 150]"
232,140,truck,181,467,"[86, 368, 191, 198]"
232,141,car,204,623,"[76, 542, 257, 162]"
232,18,car,829,166,"[798, 139, 62, 55]"
232,136,car,146,356,"[96, 332, 100, 49]"
232,137,car,883,66,"[859, 49, 49, 34]"
232,147,car,940,58,"[913, 29, 54, 59]"
232,138,truck,1033,49,"[1001, 20, 65, 59]"
232,165,car,1033,50,"[1000, 21, 66, 58]"
232,161,car,918,18,"[893, 1, 50, 34]"
233,1,car,484,136,"[455, 115, 58, 43]"
233,2,car,263,198,"[229, 167, 68, 62]"
233,3,car,451,159,"[421, 138, 60, 43]"
233,15,car,852,214,"[814, 184, 77, 60]"
233,32,car,338,255,"[300, 224, 77, 63]"
233,71,car,1099,280,"[1052, 241, 95, 79]"
233,16,car,932,145,"[903, 120, 59, 50]"
233,79,car,850,108,"[821, 83, 58, 50]"
233,116,car,391,444,"[334, 398, 115, 92]"
233,10,truck,347,124,"[294, 65, 106, 119]"
233,17,truck,242,105,"[184, 34, 116, 143]"
233,139,car,510,568,"[408, 494, 205, 148]"
233,140,truck,184,466,"[89, 367, 191, 198]"
233,141,car,202,620,"[78, 540, 249, 161]"
233,18,car,829,167,"[798, 139, 62, 56]"
233,136,car,145,355,"[95, 330, 101, 50]"
233,137,car,882,67,"[858, 50, 49, 34]"
233,147,car,941,57,"[912, 27, 58, 61]"
233,166,truck,942,58,"[911, 27, 63, 62]"
233,161,car,919,18,"[895, 1, 48, 34]"
234,1,car,485,136,"[457, 115, 57, 42]"
234,2,car,264,197,"[231, 168, 66, 59]"
234,3,car,452,159,"[422, 137, 61, 44]"
234,15,car,852,215,"[814, 185, 77, 61]"
234,32,car,339,255,"[301, 224, 77, 62]"
234,71,car,1101,281,"[1054, 242, 95, 79]"
234,16,car,932,145,"[903, 120, 59, 51]"
234,79,car,849,109,"[821, 84, 57, 50]"
234,116,car,390,441,"[333, 396, 115, 91]"
234,10,truck,348,123,"[295, 64, 106, 119]"
234,17,truck,242,105,"[185, 34, 115, 143]"
234,139,car,508,565,"[407, 491, 202, 149]"
234,140,truck,186,466,"[89, 365, 195, 203]"
234,141,car,200,616,"[80, 536, 241, 161]"
234,18,car,829,167,"[798, 140, 63, 55]"
234,136,car,145,353,"[97, 330, 97, 47]"
234,137,car,881,66,"[857, 49, 49, 35]"
234,147,truck,942,58,"[913, 28, 58, 61]"
234,166,car,942,57,"[911, 27, 62, 61]"
234,158,car,800,31,"[777, 16, 46, 31]"
234,138,truck,1031,50,"[998, 20, 66, 61]"
235,1,car,486,135,"[457, 114, 58, 43]"
235,2,car,265,197,"[232, 167, 67, 60]"
235,3,car,454,158,"[424, 136, 61, 45]"
235,15,car,853,216,"[815, 186, 77, 60]"
235,32,car,340,254,"[301, 223, 78, 62]"
235,71,car,1104,282,"[1057, 243, 95, 79]"
235,16,car,932,146,"[903, 120, 59, 52]"
235,79,car,849,109,"[821, 84, 56, 50]"
235,116,car,389,439,"[333, 394, 113, 91]"
235,10,truck,349,123,"[297, 64, 105, 118]"
235,17,truck,243,106,"[186, 35, 115, 142]"
235,139,car,504,561,"[407, 489, 195, 145]"
235,140,truck,181,462,"[87, 364, 188, 196]"
235,141,car,198,612,"[82, 533, 232, 159]"
235,18,car,829,169,"[797, 141, 64, 56]"
235,136,car,146,352,"[97, 329, 99, 47]"
235,137,car,880,67,"[855, 50, 50, 35]"
235,147,truck,940,59,"[911, 29, 58, 61]"
235,166,car,940,59,"[910, 29, 60, 60]"
235,167,car,642,76,"[615, 49, 55, 54]"
235,158,car,801,32,"[777, 16, 48, 32]"
235,138,truck,1030,50,"[997, 19, 67, 62]"
236,1,car,486,135,"[458, 114, 57, 42]"
236,2,car,265,196,"[232, 166, 67, 60]"
236,3,car,455,158,"[425, 136, 61, 45]"
236,15,car,853,217,"[815, 187, 77, 60]"
236,32,car,340,253,"[302, 222, 77, 63]"
236,71,car,1107,284,"[1059, 244, 96, 80]"
236,16,car,932,146,"[903, 121, 59, 51]"
236,79,car,848,109,"[820, 85, 56, 49]"
236,116,car,388,437,"[332, 393, 112, 89]"
236,10,truck,350,123,"[298, 64, 104, 118]"
236,17,truck,244,105,"[187, 34, 115, 142]"
236,139,car,500,559,"[403, 486, 194, 146]"
236,140,truck,179,458,"[87, 362, 185, 192]"
236,141,car,196,608,"[82, 529, 228, 159]"
236,18,car,829,170,"[797, 142, 64, 56]"
236,136,car,145,351,"[96, 328, 99, 47]"
236,137,car,879,67,"[855, 50, 48, 35]"
236,147,truck,939,60,"[910, 30, 58, 61]"
236,166,car,938,59,"[908, 29, 61, 60]"
236,167,car,643,77,"[615, 49, 57, 56]"
236,158,car,803,33,"[777, 16, 52, 34]"
237,1,car,487,134,"[459, 113, 57, 42]"
237,2,car,266,195,"[233, 165, 67, 60]"
237,3,car,457,157,"[426, 135, 62, 45]"
237,15,car,854,218,"[816, 188, 77, 60]"
237,32,car,341,252,"[302, 221, 78, 63]"
237,71,car,1109,285,"[1060, 245, 98, 80]"
237,16,car,932,148,"[903, 122, 59, 52]"
237,79,car,847,109,"[819, 85, 56, 49]"
237,116,car,386,435,"[331, 391, 111, 89]"
237,10,truck,351,122,"[300, 64, 103, 116]"
237,17,truck,245,105,"[188, 34, 115, 142]"
237,139,car,498,555,"[405, 485, 187, 141]"
237,140,truck,178,456,"[87, 361, 182, 190]"
237,141,car,195,605,"[83, 525, 224, 160]"
237,18,car,828,170,"[797, 143, 63, 55]"
237,136,car,145,349,"[95, 326, 100, 47]"
237,137,car,878,68,"[854, 51, 49, 34]"
237,147,car,938,59,"[909, 28, 59, 63]"
237,166,truck,938,58,"[907, 27, 62, 62]"
237,167,car,644,77,"[615, 48, 59, 59]"
237,158,car,803,34,"[777, 16, 53, 36]"
237,138,car,1027,51,"[994, 20, 67, 62]"
238,1,car,488,133,"[460, 112, 56, 42]"
238,2,car,268,195,"[235, 166, 66, 58]"
238,3,car,457,157,"[427, 135, 61, 45]"
238,15,car,855,219,"[816, 189, 78, 61]"
238,32,car,341,251,"[303, 220, 77, 62]"
238,71,car,1113,286,"[1064, 246, 98, 80]"
238,16,car,933,148,"[904, 122, 58, 52]"
238,79,car,846,110,"[819, 86, 55, 49]"
238,116,car,386,434,"[330, 389, 112, 90]"
238,10,truck,352,121,"[301, 64, 103, 115]"
238,17,truck,246,105,"[189, 34, 115, 142]"
238,139,car,495,553,"[402, 482, 186, 143]"
238,140,truck,177,455,"[86, 360, 182, 190]"
238,141,car,194,601,"[86, 522, 216, 158]"
238,18,car,829,170,"[797, 143, 64, 55]"
238,136,car,145,347,"[96, 325, 98, 45]"
238,137,car,877,68,"[852, 51, 50, 35]"
238,147,truck,938,59,"[908, 28, 60, 63]"
238,166,car,937,58,"[906, 27, 63, 63]"
238,167,car,645,76,"[618, 49, 55, 55]"
238,158,car,805,34,"[777, 15, 57, 39]"
238,138,car,1026,51,"[993, 20, 66, 62]"
239,1,car,489,133,"[461, 112, 56, 42]"
239,2,car,269,195,"[236, 167, 66, 57]"
239,3,car,458,157,"[428, 135, 61, 45]"
239,15,car,856,221,"[816, 190, 80, 62]"
239,32,car,342,250,"[304, 219, 77, 62]"
239,71,car,1114,287,"[1065, 247, 99, 80]"
239,16,car,933,149,"[904, 123, 58, 52]"
239,79,car,846,110,"[818, 86, 56, 49]"
239,116,car,385,432,"[329, 387, 113, 90]"
239,10,truck,353,121,"[302, 63, 102, 116]"
239,17,truck,248,105,"[191, 34, 114, 142]"
239,139,car,492,547,"[402, 478, 180, 139]"
239,140,truck,175,453,"[85, 358, 181, 190]"
239,141,car,192,598,"[87, 520, 211, 157]"
239,18,car,829,171,"[797, 144, 64, 55]"
239,136,car,145,345,"[97, 323, 96, 45]"
239,137,car,875,68,"[850, 51, 51, 35]"
239,147,truck,937,59,"[908, 28, 59, 63]"
239,166,car,936,59,"[905, 28, 63, 63]"
239,167,car,647,76,"[620, 49, 55, 55]"
239,158,car,807,35,"[777, 15, 60, 41]"
239,138,car,1026,51,"[993, 20, 66, 62]"
240,1,car,491,132,"[463, 111, 56, 42]"
240,2,car,269,195,"[237, 167, 65, 57]"
240,3,car,459,156,"[429, 134, 61, 45]"
240,15,car,857,222,"[817, 191, 80, 62]"
240,32,car,343,248,"[305, 218, 76, 61]"
240,71,car,1116,288,"[1067, 248, 98, 80]"
240,16,car,933,149,"[904, 123, 58, 52]"
240,79,car,845,111,"[817, 87, 56, 48]"
240,116,car,384,429,"[329, 385, 111, 89]"
240,10,truck,354,120,"[303, 63, 102, 115]"
240,17,truck,249,105,"[192, 34, 114, 142]"
240,139,car,489,545,"[399, 475, 180, 140]"
240,140,truck,174,452,"[84, 357, 181, 190]"
240,141,car,190,595,"[87, 517, 207, 156]"
240,18,car,828,171,"[797, 144, 63, 55]"
240,136,car,145,344,"[96, 322, 98, 45]"
240,137,car,874,68,"[849, 50, 50, 36]"
240,147,truck,936,60,"[907, 29, 59, 63]"
240,166,car,935,60,"[905, 30, 61, 61]"
240,167,car,649,75,"[622, 48, 54, 55]"
240,158,car,808,35,"[778, 14, 60, 42]"
240,138,truck,1024,51,"[992, 20, 65, 63]"
241,1,car,492,131,"[464, 110, 56, 43]"
241,2,car,271,194,"[238, 165, 66, 58]"
241,3,car,460,156,"[431, 134, 59, 44]"
241,15,car,858,223,"[818, 192, 80, 63]"
241,32,car,344,247,"[306, 217, 76, 61]"
241,71,car,1119,289,"[1070, 250, 98, 79]"
241,16,car,933,149,"[904, 124, 58, 51]"
241,79,car,845,111,"[817, 87, 56, 49]"
241,116,car,383,427,"[329, 383, 109, 88]"
241,10,truck,355,120,"[305, 63, 101, 114]"
241,17,truck,250,104,"[194, 33, 113, 142]"
241,139,car,488,541,"[398, 471, 180, 141]"
241,140,truck,174,449,"[84, 355, 180, 189]"
241,141,car,189,592,"[89, 515, 200, 155]"
241,18,car,829,172,"[797, 145, 64, 55]"
241,136,car,144,343,"[95, 321, 98, 45]"
241,137,car,872,68,"[847, 50, 51, 36]"
241,147,truck,936,61,"[907, 31, 58, 61]"
241,166,car,935,61,"[905, 31, 60, 60]"
241,167,car,649,73,"[624, 48, 51, 51]"
241,158,car,810,34,"[782, 14, 57, 41]"
241,138,car,1024,52,"[992, 21, 65, 62]"
241,169,car,814,28,"[791, 13, 46, 31]"
242,1,car,492,132,"[465, 111, 55, 42]"
242,2,car,272,193,"[239, 164, 67, 58]"
242,3,car,462,155,"[433, 134, 59, 43]"
242,15,car,859,224,"[819, 193, 80, 62]"
242,32,car,344,247,"[307, 217, 75, 60]"
242,71,car,1122,291,"[1072, 251, 100, 80]"
242,16,car,933,149,"[905, 124, 57, 51]"
242,79,car,844,112,"[817, 88, 55, 49]"
242,116,car,382,424,"[328, 381, 108, 87]"
242,10,truck,356,120,"[306, 63, 101, 114]"
242,17,truck,251,103,"[195, 33, 113, 141]"
242,139,car,483,537,"[393, 465, 181, 144]"
242,140,truck,174,446,"[85, 352, 179, 189]"
242,141,car,187,589,"[90, 513, 194, 153]"
242,18,car,829,173,"[797, 146, 64, 55]"
242,136,car,145,342,"[97, 320, 96, 44]"
242,137,car,870,68,"[845, 50, 51, 37]"
242,147,car,935,61,"[906, 31, 58, 61]"
242,166,truck,935,62,"[906, 32, 59, 60]"
242,167,car,650,72,"[626, 47, 49, 50]"
242,138,car,1023,51,"[991, 20, 65, 63]"
242,169,car,815,28,"[793, 13, 45, 31]"
243,1,car,493,132,"[466, 112, 54, 41]"
243,2,car,273,192,"[240, 163, 67, 59]"
243,3,car,464,155,"[434, 133, 60, 44]"
243,15,car,859,224,"[819, 193, 81, 63]"
243,32,car,345,246,"[308, 216, 74, 61]"
243,71,car,1124,292,"[1074, 251, 101, 82]"
243,16,car,933,150,"[905, 125, 57, 50]"
243,79,car,844,113,"[816, 89, 56, 49]"
243,116,car,381,422,"[328, 379, 106, 86]"
243,10,truck,357,119,"[307, 63, 101, 113]"
243,17,truck,253,102,"[196, 32, 114, 141]"
243,139,car,479,533,"[390, 462, 179, 143]"
243,140,truck,174,446,"[84, 350, 181, 192]"
243,141,car,185,586,"[89, 510, 192, 152]"
243,18,car,829,174,"[797, 146, 64, 56]"
243,136,car,144,340,"[97, 318, 95, 44]"
243,137,car,870,68,"[845, 50, 50, 37]"
243,147,truck,934,62,"[905, 31, 58, 62]"
243,166,car,933,60,"[902, 28, 63, 65]"
243,167,car,652,71,"[628, 47, 48, 48]"
243,138,car,1024,52,"[991, 20, 66, 64]"
243,169,car,817,30,"[793, 14, 48, 32]"
244,1,car,494,132,"[466, 111, 56, 43]"
244,2,car,274,191,"[239, 160, 70, 62]"
244,3,car,464,154,"[433, 132, 62, 44]"
244,15,car,860,225,"[820, 194, 80, 63]"
244,32,car,345,245,"[308, 215, 75, 61]"
244,71,car,1127,293,"[1077, 253, 100, 81]"
244,16,car,933,151,"[905, 126, 57, 50]"
244,79,car,844,114,"[815, 89, 58, 50]"
244,116,car,380,421,"[327, 378, 106, 86]"
244,10,truck,358,119,"[307, 62, 102, 114]"
244,17,truck,253,102,"[197, 31, 113, 142]"
244,139,car,477,530,"[389, 460, 176, 141]"
244,140,truck,174,445,"[84, 349, 181, 193]"
244,141,car,184,583,"[91, 509, 186, 149]"
244,18,car,829,174,"[797, 147, 64, 55]"
244,136,car,144,337,"[98, 317, 92, 41]"
244,137,car,869,69,"[844, 51, 50, 37]"
244,147,truck,933,62,"[904, 30, 58, 64]"
244,166,car,932,60,"[900, 27, 64, 66]"
244,167,car,653,73,"[627, 46, 52, 54]"
244,138,truck,1023,52,"[990, 20, 66, 64]"
244,169,car,819,28,"[796, 13, 46, 31]"
245,1,car,494,131,"[468, 111, 53, 41]"
245,2,car,275,191,"[241, 161, 69, 60]"
245,3,car,464,152,"[434, 130, 61, 45]"
245,15,car,860,226,"[820, 195, 81, 63]"
245,32,car,346,244,"[309, 214, 74, 60]"
245,71,car,1129,294,"[1079, 254, 101, 81]"
245,16,car,933,151,"[905, 127, 57, 49]"
245,79,car,844,115,"[815, 90, 58, 50]"
245,116,car,379,418,"[326, 375, 107, 87]"
245,10,truck,359,118,"[308, 62, 102, 113]"
245,17,truck,255,101,"[199, 31, 113, 141]"
245,139,car,474,526,"[387, 456, 174, 141]"
245,140,truck,174,444,"[85, 349, 178, 191]"
245,141,car,182,580,"[91, 506, 183, 148]"
245,18,car,828,175,"[797, 148, 63, 55]"
245,136,car,143,336,"[98, 316, 91, 40]"
245,137,car,867,70,"[843, 52, 49, 36]"
245,147,car,932,61,"[902, 29, 60, 65]"
245,167,car,654,74,"[627, 46, 54, 56]"
245,169,car,820,27,"[796, 11, 49, 33]"
245,172,car,730,701,"[643, 686, 175, 30]"
246,2,car,277,191,"[244, 162, 67, 58]"
246,3,car,465,152,"[434, 130, 62, 45]"
246,15,car,862,228,"[821, 196, 82, 64]"
246,32,car,346,243,"[310, 214, 73, 59]"
246,71,car,1131,295,"[1082, 256, 99, 79]"
246,16,car,933,152,"[905, 127, 57, 50]"
246,79,car,843,115,"[814, 90, 59, 51]"
246,116,car,378,416,"[324, 372, 109, 89]"
246,10,truck,360,118,"[309, 62, 102, 113]"
246,17,truck,257,100,"[202, 31, 111, 138]"
246,139,car,472,525,"[387, 456, 170, 138]"
246,140,truck,173,442,"[85, 348, 177, 189]"
246,141,car,181,576,"[91, 502, 181, 149]"
246,18,car,828,176,"[797, 149, 63, 54]"
246,136,car,144,334,"[99, 314, 91, 41]"
246,137,car,866,70,"[842, 53, 48, 35]"
246,147,car,931,62,"[902, 30, 59, 64]"
246,167,car,654,73,"[630, 47, 49, 52]"
246,169,car,821,28,"[796, 11, 50, 34]"
246,172,car,720,699,"[621, 682, 198, 34]"
246,138,truck,1021,53,"[988, 21, 66, 64]"
247,2,car,279,191,"[246, 162, 66, 58]"
247,3,car,466,151,"[436, 128, 61, 46]"
247,15,car,863,229,"[822, 197, 82, 64]"
247,32,car,347,242,"[311, 213, 73, 59]"
247,71,car,1134,296,"[1084, 256, 100, 81]"
247,16,car,933,153,"[905, 128, 57, 50]"
247,79,car,843,116,"[814, 91, 58, 51]"
247,116,car,377,414,"[324, 370, 107, 88]"
247,10,truck,361,118,"[310, 62, 102, 112]"
247,17,truck,258,100,"[203, 32, 110, 136]"
247,139,car,468,522,"[385, 455, 167, 135]"
247,140,truck,173,440,"[83, 344, 180, 193]"
247,141,car,180,573,"[91, 499, 178, 148]"
247,18,car,828,177,"[797, 150, 63, 54]"
247,136,car,144,333,"[99, 314, 90, 39]"
247,137,car,865,71,"[841, 54, 48, 35]"
247,147,car,930,62,"[901, 30, 59, 64]"
247,167,car,656,72,"[632, 47, 48, 51]"
247,169,car,821,29,"[796, 12, 51, 34]"
247,172,car,711,696,"[594, 676, 235, 40]"
247,138,truck,1019,52,"[986, 20, 67, 65]"
248,2,car,280,191,"[247, 163, 66, 56]"
248,3,car,467,150,"[437, 128, 61, 45]"
248,15,car,865,230,"[824, 198, 82, 64]"
248,32,car,348,241,"[312, 212, 72, 59]"
248,71,car,1136,297,"[1086, 257, 101, 81]"
248,16,car,934,153,"[905, 128, 58, 51]"
248,79,car,841,116,"[812, 91, 59, 51]"
248,116,car,377,412,"[324, 369, 106, 86]"
248,10,truck,362,118,"[311, 62, 102, 112]"
248,17,truck,259,100,"[204, 32, 110, 136]"
248,139,car,468,519,"[387, 453, 162, 132]"
248,140,truck,173,437,"[85, 342, 177, 190]"
248,141,car,178,569,"[91, 496, 175, 147]"
248,18,car,828,178,"[796, 151, 65, 55]"
248,136,car,142,332,"[98, 312, 89, 40]"
248,137,car,863,71,"[840, 54, 47, 35]"
248,147,car,929,62,"[901, 31, 57, 63]"
248,167,car,656,73,"[633, 48, 47, 50]"
248,169,car,822,29,"[797, 12, 51, 35]"
248,172,car,701,694,"[573, 672, 256, 44]"
248,138,truck,1019,52,"[985, 19, 68, 67]"
249,2,car,281,190,"[248, 161, 67, 58]"
249,3,car,469,150,"[439, 127, 61, 46]"
249,15,car,866,231,"[825, 200, 82, 63]"
249,32,car,347,240,"[311, 211, 73, 59]"
249,71,car,1140,299,"[1089, 258, 103, 82]"
249,16,car,934,154,"[905, 129, 58, 51]"
249,79,car,841,117,"[812, 91, 59, 52]"
249,116,car,376,410,"[324, 368, 105, 85]"
249,10,truck,362,117,"[312, 62, 101, 111]"
249,17,truck,259,99,"[204, 31, 111, 137]"
249,139,car,466,514,"[384, 447, 165, 135]"
249,140,truck,172,431,"[88, 341, 169, 181]"
249,141,car,176,566,"[90, 493, 173, 146]"
249,18,car,828,179,"[796, 151, 65, 56]"
249,136,car,143,330,"[97, 309, 93, 42]"
249,137,car,862,71,"[839, 54, 47, 35]"
249,147,car,928,63,"[900, 32, 57, 63]"
249,167,car,656,73,"[633, 48, 46, 50]"
249,169,car,823,29,"[797, 12, 53, 35]"
249,172,car,693,692,"[551, 667, 285, 50]"
249,138,truck,1017,54,"[985, 22, 65, 64]"
250,2,car,282,184,"[245, 152, 74, 65]"
250,3,car,469,150,"[439, 128, 61, 45]"
250,15,car,868,232,"[827, 201, 82, 63]"
250,32,car,347,239,"[311, 210, 73, 59]"
250,71,car,1144,300,"[1092, 259, 104, 82]"
250,16,car,934,155,"[905, 130, 58, 51]"
250,79,car,841,117,"[811, 91, 60, 52]"
250,116,car,375,408,"[324, 366, 103, 84]"
250,10,truck,364,117,"[314, 61, 101, 112]"
250,17,truck,260,99,"[205, 31, 111, 137]"
250,139,car,464,511,"[382, 444, 164, 134]"
250,140,truck,171,428,"[89, 340, 165, 176]"
250,141,car,174,563,"[89, 491, 171, 145]"
250,18,car,828,180,"[796, 152, 65, 56]"
250,136,car,144,329,"[98, 308, 93, 42]"
250,137,car,861,71,"[837, 54, 48, 35]"
250,147,car,926,63,"[898, 32, 57, 63]"
250,167,car,657,73,"[635, 49, 45, 49]"
250,169,car,824,30,"[796, 11, 56, 38]"
250,172,car,686,690,"[531, 662, 311, 56]"
250,138,truck,1017,53,"[984, 20, 66, 66]"
251,2,car,282,182,"[244, 148, 77, 68]"
251,3,car,470,150,"[441, 128, 59, 45]"
251,15,car,868,234,"[827, 202, 83, 64]"
251,32,car,348,239,"[312, 210, 73, 59]"
251,71,car,1146,301,"[1094, 260, 104, 83]"
251,16,car,934,157,"[906, 132, 57, 50]"
251,79,car,840,118,"[810, 92, 60, 52]"
251,116,car,374,406,"[323, 365, 103, 83]"
251,10,truck,365,116,"[314, 60, 102, 113]"
251,17,truck,261,99,"[206, 31, 111, 136]"
251,139,car,464,509,"[383, 442, 162, 134]"
251,140,truck,173,428,"[88, 337, 170, 182]"
251,141,car,173,561,"[89, 489, 169, 144]"
251,18,car,828,181,"[796, 154, 65, 55]"
251,136,car,145,328,"[98, 307, 94, 42]"
251,137,car,859,72,"[836, 55, 47, 34]"
251,147,car,925,64,"[897, 32, 57, 64]"
251,169,car,825,30,"[797, 11, 56, 38]"
251,172,car,681,687,"[512, 656, 338, 62]"
251,138,truck,1016,53,"[983, 20, 66, 66]"
252,2,car,283,184,"[248, 152, 71, 64]"
252,3,car,472,150,"[443, 128, 58, 44]"
252,15,car,869,234,"[827, 202, 84, 65]"
252,32,car,349,239,"[312, 209, 74, 60]"
252,71,car,1148,302,"[1096, 261, 104, 83]"
252,16,car,934,157,"[906, 133, 57, 49]"
252,79,car,839,118,"[809, 92, 60, 52]"
252,116,car,373,404,"[322, 363, 102, 83]"
252,10,truck,366,115,"[315, 59, 102, 113]"
252,17,truck,262,98,"[207, 30, 111, 137]"
252,139,car,459,506,"[378, 439, 162, 135]"
252,140,truck,172,427,"[85, 334, 175, 187]"
252,141,car,173,558,"[91, 487, 165, 142]"
252,18,car,828,182,"[796, 155, 65, 54]"
252,136,car,143,326,"[97, 305, 93, 42]"
252,137,car,857,73,"[835, 57, 45, 32]"
252,147,car,925,64,"[896, 32, 58, 64]"
252,169,car,828,32,"[798, 11, 60, 42]"
252,172,car,677,684,"[501, 651, 352, 67]"
252,138,truck,1014,51,"[980, 17, 69, 69]"
253,2,car,284,185,"[251, 155, 67, 60]"
253,3,car,472,148,"[443, 126, 59, 45]"
253,15,car,869,236,"[827, 203, 85, 66]"
253,32,car,350,239,"[313, 209, 74, 60]"
253,71,car,1151,304,"[1098, 262, 106, 84]"
253,16,car,934,158,"[906, 134, 57, 48]"
253,79,car,838,119,"[809, 93, 59, 52]"
253,116,car,372,403,"[320, 361, 104, 84]"
253,10,truck,367,115,"[316, 59, 102, 112]"
253,17,truck,262,98,"[207, 30, 111, 136]"
253,139,car,456,503,"[376, 437, 161, 133]"
253,140,truck,170,426,"[84, 333, 173, 187]"
253,141,car,171,555,"[90, 485, 163, 141]"
253,18,car,828,183,"[796, 156, 65, 54]"
253,136,car,143,324,"[97, 304, 92, 41]"
253,137,car,856,74,"[832, 57, 48, 34]"
253,147,car,924,64,"[895, 31, 58, 66]"
253,169,car,830,32,"[800, 11, 61, 43]"
253,172,car,669,682,"[486, 646, 367, 72]"
253,138,truck,1013,50,"[978, 14, 71, 72]"
254,2,car,285,186,"[254, 159, 63, 55]"
254,3,car,474,148,"[445, 126, 58, 45]"
254,15,car,870,236,"[828, 204, 85, 65]"
254,32,car,350,237,"[314, 208, 73, 59]"
254,71,car,1153,305,"[1100, 263, 106, 84]"
254,16,car,935,158,"[906, 134, 58, 49]"
254,79,car,837,119,"[808, 94, 59, 51]"
254,116,car,371,399,"[319, 357, 104, 85]"
254,10,truck,368,114,"[318, 59, 101, 111]"
254,17,truck,263,97,"[208, 30, 111, 135]"
254,139,car,454,499,"[373, 431, 163, 137]"
254,140,truck,169,424,"[83, 332, 172, 184]"
254,141,car,170,552,"[89, 482, 162, 140]"
254,18,car,828,183,"[796, 156, 65, 55]"
254,136,car,145,323,"[100, 303, 90, 40]"
254,137,car,854,75,"[831, 58, 47, 34]"
254,147,car,923,64,"[895, 32, 57, 64]"
254,172,car,663,679,"[474, 641, 378, 77]"
254,138,truck,1013,50,"[979, 15, 69, 71]"
255,2,car,286,185,"[254, 157, 65, 57]"
255,3,car,475,147,"[446, 125, 59, 45]"
255,15,car,872,237,"[830, 205, 84, 65]"
255,32,car,351,235,"[315, 206, 72, 59]"
255,71,car,1156,306,"[1103, 264, 106, 84]"
255,16,car,935,158,"[906, 134, 58, 49]"
255,79,car,837,119,"[808, 94, 59, 51]"
255,116,car,370,397,"[318, 355, 104, 85]"
255,10,truck,369,114,"[318, 59, 102, 111]"
255,17,truck,264,97,"[209, 30, 110, 134]"
255,139,car,451,495,"[372, 429, 159, 133]"
255,140,truck,169,424,"[83, 331, 173, 186]"
255,141,car,168,549,"[88, 480, 160, 139]"
255,18,car,828,183,"[796, 156, 65, 55]"
255,136,car,146,321,"[103, 302, 87, 39]"
255,137,car,853,75,"[830, 58, 47, 34]"
255,147,car,922,64,"[894, 32, 57, 64]"
255,172,car,658,678,"[463, 637, 390, 82]"
255,138,truck,1013,52,"[980, 19, 66, 67]"
256,2,car,288,184,"[256, 156, 65, 57]"
256,3,car,477,147,"[448, 125, 58, 45]"
256,15,car,873,239,"[832, 207, 83, 64]"
256,32,car,352,234,"[316, 205, 72, 58]"
256,71,car,1161,307,"[1109, 265, 105, 84]"
256,16,car,935,158,"[906, 134, 58, 49]"
256,79,car,836,120,"[807, 95, 59, 51]"
256,116,car,368,395,"[317, 353, 103, 84]"
256,10,truck,370,114,"[319, 58, 103, 112]"
256,17,truck,265,97,"[210, 30, 110, 134]"
256,139,car,450,493,"[371, 427, 158, 133]"
256,140,truck,169,421,"[84, 329, 171, 185]"
256,141,car,166,547,"[87, 478, 159, 139]"
256,18,car,828,184,"[795, 156, 66, 56]"
256,136,car,147,319,"[103, 300, 88, 39]"
256,137,car,853,76,"[829, 59, 48, 34]"
256,147,car,922,64,"[894, 32, 57, 64]"
256,172,car,653,676,"[457, 633, 393, 86]"
256,138,truck,1012,53,"[980, 21, 64, 65]"
257,2,car,289,183,"[257, 155, 65, 57]"
257,3,car,478,146,"[449, 124, 58, 45]"
257,15,car,874,239,"[833, 207, 83, 65]"
257,32,car,352,233,"[316, 204, 73, 58]"
257,71,car,1169,308,"[1118, 267, 103, 83]"
257,16,car,935,160,"[906, 135, 59, 50]"
257,79,car,836,120,"[807, 95, 59, 51]"
257,116,car,368,393,"[317, 352, 102, 82]"
257,10,truck,372,114,"[321, 58, 102, 112]"
257,17,truck,266,96,"[211, 29, 111, 134]"
257,139,car,446,492,"[369, 426, 155, 132]"
257,140,truck,169,419,"[84, 327, 170, 184]"
257,141,car,165,543,"[86, 474, 159, 139]"
257,18,car,828,184,"[794, 156, 68, 57]"
257,136,car,146,318,"[103, 299, 87, 38]"
257,137,car,851,76,"[827, 59, 49, 35]"
257,147,truck,921,64,"[893, 31, 57, 66]"
257,172,car,648,672,"[449, 627, 398, 91]"
257,138,truck,1011,54,"[979, 22, 64, 64]"
258,2,car,290,183,"[258, 155, 65, 56]"
258,3,car,479,146,"[450, 124, 58, 45]"
258,15,car,875,240,"[834, 208, 83, 65]"
258,32,car,352,232,"[316, 203, 73, 58]"
258,71,car,1173,310,"[1122, 268, 102, 84]"
258,16,car,934,160,"[904, 135, 61, 51]"
258,79,car,835,121,"[806, 96, 59, 51]"
258,116,car,367,392,"[317, 351, 101, 82]"
258,10,truck,373,114,"[322, 58, 102, 112]"
258,17,truck,267,96,"[212, 29, 111, 134]"
258,139,car,444,489,"[368, 425, 153, 129]"
258,140,truck,168,417,"[84, 326, 168, 182]"
258,141,car,164,541,"[86, 472, 157, 138]"
258,18,car,828,185,"[794, 157, 68, 57]"
258,136,car,145,317,"[102, 298, 86, 38]"
258,137,car,849,76,"[825, 59, 49, 35]"
258,147,truck,921,64,"[893, 32, 56, 65]"
258,172,car,642,670,"[442, 622, 400, 96]"
258,138,truck,1010,54,"[978, 22, 64, 65]"
259,2,car,291,182,"[259, 154, 65, 56]"
259,3,car,479,146,"[451, 125, 57, 43]"
259,15,car,877,241,"[835, 209, 84, 64]"
259,32,car,353,231,"[317, 202, 73, 59]"
259,71,car,1175,311,"[1124, 269, 102, 84]"
259,16,car,935,160,"[904, 134, 62, 53]"
259,79,car,834,122,"[806, 97, 57, 50]"
259,116,car,367,390,"[317, 350, 100, 81]"
259,10,truck,374,113,"[323, 58, 102, 111]"
259,17,truck,268,96,"[212, 29, 112, 134]"
259,139,car,442,487,"[367, 423, 151, 128]"
259,140,truck,167,418,"[83, 326, 169, 184]"
259,141,car,163,538,"[86, 470, 154, 137]"
259,18,car,828,186,"[794, 158, 68, 56]"
259,137,car,848,77,"[824, 59, 49, 36]"
259,147,truck,920,65,"[892, 32, 56, 66]"
259,172,car,636,668,"[438, 618, 397, 100]"
259,138,truck,1009,53,"[976, 20, 66, 67]"
260,2,car,293,181,"[259, 152, 68, 58]"
260,3,car,481,145,"[453, 124, 56, 43]"
260,15,car,878,242,"[835, 210, 86, 65]"
260,32,car,354,231,"[318, 202, 73, 58]"
260,71,car,1178,312,"[1128, 271, 101, 83]"
260,16,car,935,161,"[904, 135, 63, 53]"
260,79,car,834,123,"[806, 98, 57, 50]"
260,116,car,366,388,"[317, 348, 99, 81]"
260,10,truck,375,114,"[324, 58, 102, 112]"
260,17,truck,269,95,"[214, 29, 111, 133]"
260,139,car,441,484,"[366, 420, 151, 128]"
260,140,truck,167,415,"[83, 324, 169, 183]"
260,141,car,162,536,"[85, 468, 154, 137]"
260,18,car,828,187,"[795, 160, 67, 55]"
260,137,car,848,77,"[823, 59, 50, 36]"
260,147,truck,919,65,"[891, 32, 57, 67]"
260,172,car,630,666,"[432, 614, 397, 104]"
260,138,truck,1008,55,"[976, 23, 64, 64]"
260,136,car,146,314,"[104, 296, 84, 36]"
261,2,car,294,179,"[259, 149, 70, 60]"
261,3,car,482,144,"[453, 123, 58, 43]"
261,15,car,879,243,"[835, 210, 88, 67]"
261,32,car,355,230,"[319, 201, 73, 58]"
261,71,car,1181,314,"[1131, 272, 100, 84]"
261,16,car,935,162,"[904, 136, 63, 53]"
261,79,car,834,124,"[805, 99, 58, 50]"
261,116,car,366,386,"[318, 347, 97, 79]"
261,10,truck,376,113,"[325, 58, 102, 111]"
261,17,truck,271,95,"[216, 29, 111, 133]"
261,139,car,440,481,"[365, 418, 150, 127]"
261,140,truck,167,412,"[85, 322, 165, 180]"
261,141,car,161,533,"[83, 464, 156, 139]"
261,18,car,828,188,"[795, 160, 67, 56]"
261,137,car,847,76,"[822, 58, 50, 37]"
261,147,truck,918,66,"[890, 33, 57, 66]"
261,172,car,625,664,"[428, 610, 394, 108]"
261,138,truck,1007,55,"[975, 23, 64, 64]"
261,136,car,145,313,"[101, 294, 89, 38]"
262,2,car,294,178,"[259, 147, 71, 62]"
262,3,car,483,143,"[455, 122, 57, 43]"
262,15,car,880,244,"[836, 211, 89, 67]"
262,32,car,356,229,"[320, 201, 72, 56]"
262,71,car,1182,315,"[1132, 273, 101, 85]"
262,16,car,935,163,"[904, 136, 63, 54]"
262,79,car,834,124,"[805, 99, 58, 50]"
262,116,car,365,385,"[317, 345, 97, 80]"
262,10,truck,376,113,"[326, 57, 101, 112]"
262,17,truck,272,95,"[217, 29, 111, 133]"
262,139,car,436,478,"[362, 416, 148, 125]"
262,140,truck,166,409,"[84, 320, 165, 179]"
262,141,car,160,531,"[83, 462, 154, 138]"
262,18,car,828,189,"[794, 161, 68, 56]"
262,137,car,846,76,"[822, 58, 49, 36]"
262,172,car,620,662,"[423, 605, 395, 114]"
262,138,truck,1006,56,"[976, 26, 61, 61]"
262,136,car,146,311,"[101, 292, 90, 38]"
263,2,car,295,177,"[260, 146, 70, 62]"
263,3,car,485,142,"[456, 120, 58, 44]"
263,15,car,881,246,"[837, 212, 89, 68]"
263,32,car,357,228,"[321, 200, 72, 57]"
263,71,car,1183,316,"[1132, 274, 102, 85]"
263,16,car,936,164,"[905, 137, 62, 54]"
263,79,car,833,124,"[804, 99, 59, 51]"
263,116,car,364,381,"[315, 341, 99, 81]"
263,10,truck,377,112,"[327, 57, 101, 110]"
263,17,truck,274,95,"[218, 28, 112, 134]"
263,139,car,434,475,"[360, 412, 149, 126]"
263,140,truck,166,407,"[84, 318, 164, 178]"
263,141,car,160,529,"[84, 461, 152, 136]"
263,18,car,828,189,"[794, 161, 68, 57]"
263,137,car,845,76,"[821, 59, 48, 35]"
263,172,car,615,659,"[419, 600, 392, 119]"
263,138,truck,1006,56,"[975, 25, 62, 62]"
263,136,car,146,310,"[101, 291, 90, 38]"
264,2,car,296,176,"[261, 145, 71, 62]"
264,3,car,485,141,"[456, 119, 59, 45]"
264,15,car,883,247,"[839, 213, 89, 68]"
264,32,car,357,227,"[322, 199, 71, 57]"
264,71,car,1184,317,"[1133, 274, 103, 86]"
264,16,car,936,164,"[905, 137, 63, 54]"
264,79,car,832,125,"[803, 100, 59, 51]"
264,116,car,365,380,"[316, 340, 98, 80]"
264,10,truck,378,111,"[328, 56, 101, 110]"
264,17,truck,276,94,"[220, 28, 112, 132]"
264,139,car,434,473,"[359, 409, 150, 128]"
264,140,truck,165,405,"[84, 316, 163, 178]"
264,141,car,159,526,"[85, 459, 149, 135]"
264,18,car,828,190,"[794, 162, 68, 57]"
264,137,car,844,77,"[819, 59, 50, 36]"
264,172,car,609,657,"[416, 596, 386, 123]"
264,138,truck,1006,54,"[974, 22, 64, 65]"
265,2,car,297,175,"[262, 143, 71, 64]"
265,3,car,486,141,"[456, 118, 61, 46]"
265,15,car,885,248,"[840, 214, 90, 68]"
265,32,car,358,226,"[322, 198, 72, 57]"
265,71,car,1187,318,"[1136, 275, 103, 86]"
265,16,car,937,164,"[906, 138, 63, 53]"
265,79,car,832,126,"[803, 100, 59, 52]"
265,116,car,364,378,"[316, 339, 97, 78]"
265,10,truck,379,111,"[329, 56, 100, 110]"
265,17,truck,277,94,"[221, 28, 112, 132]"
265,139,car,432,470,"[358, 407, 149, 127]"
265,140,truck,166,403,"[85, 315, 162, 177]"
265,141,car,159,523,"[85, 457, 148, 133]"
265,18,car,828,191,"[794, 163, 69, 56]"
265,137,car,843,77,"[819, 60, 48, 35]"
265,172,car,604,655,"[414, 591, 381, 128]"
265,138,truck,1005,56,"[974, 24, 63, 64]"
265,136,car,148,306,"[105, 288, 86, 36]"
266,2,car,298,174,"[263, 142, 71, 65]"
266,3,car,487,141,"[457, 118, 60, 46]"
266,15,car,885,250,"[841, 216, 89, 68]"
266,32,car,359,226,"[323, 198, 72, 57]"
266,71,car,1189,319,"[1137, 277, 105, 85]"
266,16,car,938,165,"[907, 139, 62, 52]"
266,79,car,832,125,"[803, 99, 59, 52]"
266,116,car,364,376,"[315, 337, 98, 79]"
266,10,truck,381,110,"[331, 56, 100, 109]"
266,17,truck,278,94,"[222, 28, 112, 132]"
266,139,car,430,467,"[358, 405, 145, 124]"
266,140,truck,165,399,"[84, 311, 163, 177]"
266,141,car,158,521,"[85, 456, 146, 131]"
266,18,car,829,192,"[794, 163, 70, 58]"
266,137,car,842,77,"[818, 60, 48, 35]"
266,172,car,600,652,"[414, 587, 372, 131]"
266,138,truck,1005,57,"[974, 26, 62, 62]"
267,2,car,299,175,"[265, 144, 69, 63]"
267,3,car,489,140,"[459, 117, 60, 47]"
267,15,car,886,251,"[842, 217, 89, 68]"
267,32,car,360,225,"[324, 197, 72, 57]"
267,71,car,1192,322,"[1139, 279, 106, 86]"
267,16,car,938,165,"[907, 139, 62, 53]"
267,79,car,832,125,"[802, 99, 60, 52]"
267,116,car,363,375,"[315, 336, 97, 79]"
267,10,truck,382,110,"[332, 56, 100, 109]"
267,17,truck,279,94,"[223, 28, 112, 132]"
267,139,car,430,464,"[359, 403, 142, 122]"
267,140,truck,166,391,"[82, 299, 169, 184]"
267,141,car,156,519,"[84, 454, 145, 130]"
267,18,car,830,193,"[795, 164, 70, 58]"
267,137,car,841,78,"[817, 61, 48, 35]"
267,172,car,595,650,"[413, 583, 364, 134]"
267,138,truck,1004,57,"[973, 26, 62, 62]"
267,147,car,914,68,"[887, 36, 54, 64]"
268,2,car,300,175,"[266, 144, 69, 62]"
268,3,car,490,140,"[460, 116, 60, 48]"
268,15,car,887,252,"[843, 219, 89, 67]"
268,32,car,360,225,"[324, 196, 72, 58]"
268,71,car,1194,323,"[1141, 281, 106, 85]"
268,16,car,938,166,"[907, 140, 62, 52]"
268,79,car,831,125,"[801, 99, 61, 53]"
268,116,car,362,373,"[312, 333, 100, 81]"
268,10,truck,383,110,"[333, 56, 100, 108]"
268,17,truck,280,93,"[224, 28, 112, 131]"
268,139,car,429,461,"[360, 402, 139, 119]"
268,140,truck,166,392,"[85, 304, 162, 177]"
268,141,car,155,516,"[83, 451, 145, 130]"
268,18,car,830,193,"[795, 165, 70, 57]"
268,137,car,839,78,"[815, 61, 49, 35]"
268,172,car,590,647,"[412, 579, 356, 137]"
268,138,bus,1003,58,"[972, 27, 63, 62]"
268,180,truck,1003,58,"[972, 27, 63, 62]"
268,147,car,913,68,"[886, 36, 54, 65]"
268,136,car,147,301,"[109, 286, 77, 31]"
269,2,car,302,171,"[265, 137, 74, 68]"
269,3,car,490,140,"[461, 117, 58, 46]"
269,15,car,889,253,"[845, 220, 89, 67]"
269,32,car,360,224,"[324, 195, 73, 58]"
269,71,car,1198,324,"[1145, 281, 107, 86]"
269,16,car,938,167,"[907, 141, 62, 52]"
269,79,car,830,125,"[800, 99, 61, 53]"
269,116,car,362,372,"[313, 332, 98, 80]"
269,10,truck,384,109,"[334, 55, 100, 109]"
269,17,truck,280,94,"[224, 28, 112, 132]"
269,139,car,428,460,"[358, 400, 140, 120]"
269,140,truck,166,391,"[87, 305, 158, 173]"
269,141,car,155,513,"[83, 448, 144, 130]"
269,18,car,830,194,"[795, 165, 70, 58]"
269,137,car,838,79,"[814, 61, 49, 36]"
269,172,car,585,645,"[412, 576, 346, 139]"
269,181,truck,1198,324,"[1141, 280, 114, 88]"
269,136,car,149,300,"[110, 284, 79, 33]"
270,2,car,303,170,"[267, 136, 72, 68]"
270,3,car,491,139,"[463, 117, 57, 45]"
270,15,car,892,254,"[848, 221, 89, 67]"
270,32,car,361,223,"[325, 194, 72, 58]"
270,71,car,1202,325,"[1148, 282, 109, 87]"
270,16,car,938,167,"[907, 141, 63, 53]"
270,79,car,830,126,"[799, 99, 62, 54]"
270,116,car,361,370,"[314, 332, 95, 77]"
270,10,truck,385,109,"[335, 55, 100, 108]"
270,17,truck,281,94,"[225, 28, 112, 132]"
270,139,car,426,456,"[357, 397, 139, 119]"
270,140,truck,165,391,"[86, 305, 159, 172]"
270,141,car,154,509,"[82, 444, 145, 131]"
270,18,car,831,195,"[796, 166, 70, 58]"
270,137,car,837,78,"[812, 60, 51, 37]"
270,172,car,581,641,"[416, 572, 330, 139]"
270,138,truck,1002,58,"[970, 26, 64, 64]"
270,147,car,912,70,"[886, 38, 53, 64]"
271,2,car,304,172,"[270, 140, 69, 64]"
271,3,car,493,139,"[465, 117, 56, 45]"
271,15,car,894,256,"[850, 223, 88, 67]"
271,32,car,362,222,"[326, 194, 72, 57]"
271,71,car,1206,326,"[1152, 283, 108, 87]"
271,16,car,938,168,"[907, 142, 63, 53]"
271,79,car,830,128,"[799, 101, 62, 54]"
271,116,car,361,369,"[314, 331, 94, 77]"
271,10,truck,386,108,"[336, 54, 101, 109]"
271,17,truck,282,93,"[226, 27, 113, 133]"
271,139,car,425,455,"[357, 396, 137, 118]"
271,140,truck,166,390,"[88, 305, 156, 170]"
271,141,car,154,508,"[83, 443, 142, 130]"
271,18,car,832,196,"[797, 168, 70, 56]"
271,137,car,837,78,"[811, 59, 52, 39]"
271,172,car,576,637,"[418, 568, 317, 139]"
271,138,truck,1002,58,"[970, 26, 65, 65]"
271,147,car,913,69,"[886, 37, 54, 65]"
271,136,car,150,299,"[110, 283, 81, 33]"
272,2,car,306,171,"[272, 139, 69, 65]"
272,3,car,494,140,"[466, 118, 56, 44]"
272,15,car,896,258,"[851, 224, 90, 68]"
272,32,car,362,222,"[327, 194, 71, 56]"
272,71,car,1210,328,"[1155, 285, 110, 87]"
272,16,car,939,169,"[908, 143, 63, 53]"
272,79,car,830,128,"[799, 101, 63, 55]"
272,116,car,360,368,"[313, 330, 95, 76]"
272,10,truck,387,108,"[337, 54, 101, 109]"
272,17,truck,284,93,"[228, 27, 112, 133]"
272,139,car,423,453,"[355, 395, 137, 117]"
272,140,truck,166,386,"[90, 304, 153, 165]"
272,141,car,152,505,"[81, 441, 143, 129]"
272,18,car,833,198,"[799, 170, 68, 56]"
272,137,car,836,78,"[810, 59, 52, 39]"
272,172,car,572,634,"[422, 565, 301, 138]"
272,138,truck,1001,58,"[968, 25, 67, 67]"
272,147,car,912,69,"[885, 37, 55, 65]"
272,182,car,695,61,"[671, 39, 49, 45]"
273,2,car,307,170,"[273, 138, 69, 65]"
273,3,car,495,139,"[466, 116, 58, 46]"
273,15,car,897,259,"[852, 225, 91, 68]"
273,32,car,364,221,"[329, 193, 70, 57]"
273,71,car,1213,330,"[1157, 285, 113, 90]"
273,16,car,940,170,"[908, 144, 64, 53]"
273,79,car,830,130,"[798, 102, 64, 56]"
273,116,car,359,366,"[312, 328, 95, 77]"
273,10,truck,388,108,"[338, 54, 101, 108]"
273,17,truck,286,93,"[230, 27, 112, 132]"
273,139,car,421,451,"[353, 393, 137, 116]"
273,140,truck,167,383,"[89, 300, 156, 167]"
273,141,car,152,504,"[82, 440, 140, 128]"
273,18,car,833,199,"[799, 171, 69, 56]"
273,137,car,834,79,"[809, 60, 51, 39]"
273,172,car,568,629,"[423, 561, 290, 137]"
273,138,truck,1001,59,"[968, 26, 67, 67]"
273,147,car,912,70,"[886, 38, 53, 64]"
273,182,car,696,61,"[671, 38, 50, 47]"
273,136,car,151,296,"[113, 281, 77, 31]"
274,2,car,308,169,"[273, 135, 71, 68]"
274,3,car,495,138,"[467, 115, 57, 47]"
274,15,car,898,259,"[852, 225, 93, 69]"
274,32,car,365,220,"[330, 193, 70, 55]"
274,71,car,1218,331,"[1161, 286, 114, 91]"
274,16,car,940,170,"[908, 144, 64, 53]"
274,79,car,830,131,"[798, 103, 64, 56]"
274,116,car,359,363,"[311, 325, 96, 77]"
274,10,truck,389,107,"[339, 53, 101, 109]"
274,17,truck,287,93,"[231, 27, 112, 132]"
274,139,car,417,449,"[348, 391, 138, 117]"
274,140,truck,166,384,"[87, 299, 159, 171]"
274,141,car,151,502,"[82, 439, 139, 126]"
274,18,car,833,200,"[798, 171, 71, 58]"
274,137,car,834,81,"[810, 63, 48, 36]"
274,172,car,564,624,"[424, 556, 280, 137]"
274,138,truck,1001,60,"[968, 27, 66, 66]"
274,147,truck,912,69,"[885, 37, 54, 65]"
274,182,car,698,62,"[674, 40, 48, 45]"
274,136,car,152,295,"[114, 280, 76, 30]"
275,2,car,310,167,"[275, 133, 70, 68]"
275,3,car,496,137,"[469, 115, 55, 45]"
275,15,car,900,260,"[854, 226, 92, 69]"
275,32,car,366,219,"[331, 191, 70, 56]"
275,71,car,1220,332,"[1164, 288, 113, 89]"
275,16,car,940,171,"[908, 144, 65, 54]"
275,79,car,829,131,"[798, 104, 63, 55]"
275,116,car,358,362,"[310, 323, 96, 78]"
275,10,truck,390,106,"[340, 52, 101, 109]"
275,17,truck,288,93,"[232, 27, 112, 132]"
275,139,car,415,447,"[346, 389, 138, 117]"
275,140,truck,166,383,"[88, 299, 156, 168]"
275,141,car,150,499,"[81, 436, 139, 127]"
275,18,car,834,201,"[798, 172, 72, 58]"
275,137,car,832,82,"[809, 65, 47, 35]"
275,172,car,559,620,"[425, 553, 268, 135]"
275,138,truck,999,59,"[966, 26, 67, 67]"
275,147,truck,911,69,"[884, 37, 55, 65]"
275,182,car,700,59,"[676, 37, 49, 45]"
275,136,car,154,292,"[115, 277, 79, 31]"
276,2,car,311,166,"[277, 132, 69, 68]"
276,3,car,497,137,"[471, 115, 53, 44]"
276,15,car,902,262,"[855, 227, 94, 70]"
276,32,car,366,218,"[331, 190, 71, 56]"
276,71,car,1223,334,"[1166, 289, 114, 90]"
276,16,car,941,171,"[909, 145, 64, 53]"
276,79,car,829,132,"[798, 105, 62, 55]"
276,116,car,358,360,"[310, 322, 96, 77]"
276,10,truck,391,106,"[341, 52, 101, 109]"
276,17,truck,288,92,"[233, 26, 111, 132]"
276,139,car,415,445,"[347, 387, 136, 117]"
276,140,truck,166,380,"[91, 299, 151, 162]"
276,141,car,150,496,"[80, 432, 141, 128]"
276,18,car,835,201,"[799, 172, 72, 58]"
276,137,car,832,81,"[808, 63, 48, 37]"
276,172,car,555,617,"[426, 550, 258, 134]"
276,138,truck,999,60,"[965, 26, 68, 68]"
276,147,truck,910,69,"[883, 36, 55, 66]"
276,182,car,703,59,"[678, 36, 50, 47]"
276,136,car,155,291,"[114, 276, 82, 31]"
276,185,car,910,70,"[883, 38, 55, 65]"
276,186,car,645,84,"[620, 66, 50, 37]"
277,2,car,312,166,"[278, 132, 69, 68]"
277,3,car,499,136,"[473, 115, 52, 43]"
277,15,car,903,263,"[856, 228, 94, 71]"
277,32,car,367,218,"[332, 190, 70, 56]"
277,71,car,1223,335,"[1167, 290, 113, 90]"
277,16,car,941,172,"[909, 145, 64, 54]"
277,79,car,829,133,"[798, 106, 62, 55]"
277,116,car,358,359,"[310, 321, 96, 77]"
277,10,truck,392,105,"[342, 51, 101, 109]"
277,17,truck,290,91,"[235, 26, 110, 131]"
277,139,car,415,441,"[348, 384, 134, 115]"
277,140,truck,166,379,"[91, 299, 151, 161]"
277,141,car,150,493,"[80, 429, 141, 129]"
277,18,car,835,202,"[799, 173, 72, 58]"
277,137,car,831,82,"[806, 64, 50, 37]"
277,172,car,551,613,"[427, 546, 249, 134]"
277,138,truck,999,60,"[965, 26, 68, 68]"
277,147,truck,910,69,"[882, 36, 56, 67]"
277,182,car,706,59,"[680, 35, 53, 49]"
277,136,car,155,291,"[114, 275, 83, 32]"
278,2,car,313,165,"[279, 132, 68, 67]"
278,3,car,499,135,"[473, 113, 53, 45]"
278,15,car,905,265,"[858, 230, 94, 70]"
278,32,car,368,217,"[333, 189, 70, 56]"
278,71,car,1224,336,"[1168, 290, 112, 93]"
278,16,car,941,173,"[909, 146, 64, 54]"
278,79,car,829,134,"[798, 107, 62, 54]"
278,116,car,357,358,"[310, 320, 95, 77]"
278,10,truck,393,106,"[343, 52, 101, 108]"
278,17,truck,291,91,"[236, 26, 110, 131]"
278,139,car,414,440,"[347, 383, 134, 115]"
278,140,truck,166,379,"[89, 298, 154, 162]"
278,141,car,150,492,"[80, 428, 140, 128]"
278,18,car,836,202,"[800, 173, 72, 58]"
278,137,car,830,82,"[805, 64, 50, 37]"
278,172,car,547,609,"[427, 543, 241, 132]"
278,138,truck,1000,58,"[964, 22, 72, 73]"
278,147,truck,909,69,"[881, 36, 56, 67]"
278,182,car,708,59,"[682, 35, 53, 49]"
278,136,car,155,289,"[113, 273, 84, 32]"
278,186,car,647,85,"[623, 67, 49, 36]"
279,2,car,314,164,"[280, 130, 68, 69]"
279,3,car,501,135,"[474, 113, 54, 45]"
279,15,car,906,267,"[860, 232, 93, 70]"
279,32,car,369,215,"[334, 188, 70, 55]"
279,71,car,1225,338,"[1170, 292, 110, 93]"
279,16,car,941,173,"[909, 146, 65, 54]"
279,79,car,827,134,"[797, 107, 61, 55]"
279,116,car,357,356,"[311, 319, 93, 75]"
279,10,truck,394,105,"[344, 51, 101, 109]"
279,17,truck,292,91,"[237, 25, 110, 132]"
279,139,car,413,437,"[346, 380, 134, 115]"
279,140,truck,166,376,"[90, 296, 152, 161]"
279,141,car,149,489,"[80, 426, 138, 127]"
279,18,car,836,203,"[800, 174, 73, 58]"
279,137,car,828,82,"[803, 64, 50, 37]"
279,172,car,543,605,"[426, 539, 234, 132]"
279,138,truck,999,57,"[963, 20, 72, 75]"
279,147,car,909,70,"[881, 36, 56, 68]"
279,182,car,709,59,"[683, 35, 53, 49]"
279,136,car,155,287,"[115, 272, 80, 30]"
279,187,car,678,701,"[600, 686, 157, 31]"
279,186,car,649,85,"[626, 68, 47, 35]"
280,2,car,314,164,"[281, 131, 67, 67]"
280,3,car,503,134,"[476, 112, 54, 45]"
280,15,car,909,267,"[863, 233, 93, 69]"
280,32,car,370,214,"[335, 187, 70, 55]"
280,71,car,1226,339,"[1172, 293, 108, 93]"
280,16,car,942,174,"[910, 147, 64, 54]"
280,79,car,827,135,"[796, 108, 62, 54]"
280,116,car,356,354,"[310, 316, 93, 76]"
280,10,truck,395,105,"[345, 51, 101, 109]"
280,17,truck,293,90,"[238, 25, 111, 131]"
280,139,car,412,435,"[346, 378, 132, 114]"
280,140,truck,165,371,"[93, 295, 145, 152]"
280,141,car,148,487,"[80, 425, 136, 125]"
280,18,car,836,204,"[800, 175, 73, 58]"
280,137,car,827,82,"[801, 63, 52, 39]"
280,172,car,539,600,"[426, 535, 226, 131]"
280,138,truck,998,55,"[960, 16, 76, 79]"
280,147,car,908,70,"[880, 36, 56, 68]"
280,182,car,710,59,"[684, 35, 52, 49]"
280,136,car,156,285,"[118, 271, 76, 28]"
280,187,car,672,700,"[586, 683, 172, 34]"
280,186,car,651,83,"[626, 65, 50, 37]"
281,2,car,316,165,"[283, 132, 66, 66]"
281,15,car,911,268,"[864, 234, 94, 69]"
281,32,car,371,213,"[336, 186, 70, 55]"
281,71,car,1227,341,"[1175, 295, 105, 93]"
281,16,car,942,175,"[910, 148, 65, 54]"
281,79,car,827,135,"[796, 108, 62, 54]"
281,116,car,356,352,"[310, 315, 93, 75]"
281,10,truck,397,105,"[347, 51, 100, 109]"
281,17,truck,294,90,"[239, 25, 110, 130]"
281,139,car,411,433,"[345, 376, 132, 114]"
281,140,truck,165,371,"[92, 295, 146, 152]"
281,141,car,147,485,"[80, 423, 135, 124]"
281,18,car,837,204,"[801, 175, 73, 59]"
281,137,car,825,83,"[800, 64, 51, 38]"
281,172,car,535,597,"[425, 532, 221, 130]"
281,138,truck,997,55,"[960, 16, 75, 79]"
281,182,car,711,58,"[686, 35, 50, 47]"
281,136,car,156,284,"[118, 270, 77, 28]"
281,187,car,662,697,"[564, 678, 197, 39]"
281,186,car,652,83,"[629, 65, 47, 36]"
282,2,car,317,164,"[285, 131, 65, 66]"
282,15,car,912,269,"[866, 235, 93, 69]"
282,32,car,372,212,"[337, 185, 70, 55]"
282,71,car,1228,342,"[1176, 295, 104, 94]"
282,16,car,944,176,"[911, 149, 66, 54]"
282,79,car,826,135,"[794, 108, 64, 55]"
282,116,car,356,351,"[310, 313, 93, 76]"
282,10,truck,398,105,"[349, 52, 98, 106]"
282,17,truck,295,90,"[240, 25, 110, 130]"
282,139,car,409,431,"[344, 375, 131, 113]"
282,140,truck,164,372,"[90, 295, 149, 155]"
282,141,car,147,483,"[81, 423, 132, 121]"
282,18,car,839,205,"[802, 176, 74, 59]"
282,137,car,824,84,"[799, 65, 51, 38]"
282,172,car,531,593,"[423, 528, 217, 130]"
282,138,truck,997,53,"[957, 10, 80, 86]"
282,182,car,712,58,"[688, 35, 48, 47]"
282,136,car,156,283,"[116, 269, 81, 29]"
282,187,car,655,695,"[546, 673, 219, 44]"
282,186,car,654,81,"[628, 61, 53, 40]"
282,147,car,906,72,"[879, 38, 55, 68]"
283,2,car,318,162,"[286, 129, 65, 67]"
283,15,car,914,271,"[867, 236, 94, 70]"
283,32,car,373,212,"[338, 185, 70, 55]"
283,71,car,1229,344,"[1179, 297, 101, 94]"
283,16,car,944,176,"[912, 149, 65, 55]"
283,79,car,826,135,"[794, 107, 64, 57]"
283,116,car,356,350,"[309, 312, 94, 76]"
283,10,truck,399,104,"[351, 52, 97, 105]"
283,17,truck,295,90,"[241, 25, 109, 130]"
283,139,car,407,428,"[341, 372, 132, 113]"
283,140,truck,165,371,"[89, 293, 152, 157]"
283,141,car,146,482,"[81, 422, 131, 120]"
283,18,car,839,207,"[802, 177, 75, 60]"
283,137,car,823,84,"[798, 65, 51, 38]"
283,172,car,528,589,"[422, 524, 212, 130]"
283,138,truck,997,56,"[960, 17, 74, 79]"
283,182,car,712,58,"[688, 36, 48, 45]"
283,136,car,156,283,"[115, 268, 83, 30]"
283,187,car,650,693,"[529, 669, 242, 48]"
283,186,car,656,78,"[626, 55, 60, 46]"
283,194,car,878,24,"[858, 3, 41, 42]"
283,147,car,906,72,"[878, 39, 56, 67]"
284,2,car,319,163,"[287, 130, 65, 66]"
284,15,car,915,273,"[868, 238, 95, 70]"
284,32,car,374,211,"[339, 184, 70, 55]"
284,71,car,1231,346,"[1182, 299, 98, 94]"
284,16,car,945,178,"[912, 150, 66, 56]"
284,79,car,825,135,"[793, 107, 65, 57]"
284,116,car,355,348,"[308, 310, 94, 76]"
284,10,truck,400,104,"[352, 52, 97, 104]"
284,17,truck,296,89,"[242, 25, 109, 129]"
284,139,car,404,425,"[339, 369, 131, 113]"
284,140,truck,164,368,"[89, 291, 151, 155]"
284,141,car,146,479,"[80, 419, 133, 121]"
284,18,car,840,208,"[803, 178, 74, 60]"
284,137,car,822,84,"[798, 66, 49, 36]"
284,172,car,524,585,"[422, 522, 204, 127]"
284,138,truck,996,53,"[956, 9, 80, 88]"
284,182,car,713,58,"[690, 36, 46, 45]"
284,136,car,156,282,"[114, 267, 84, 31]"
284,187,car,644,691,"[515, 665, 259, 52]"
284,194,car,880,23,"[859, 3, 42, 41]"
284,147,car,905,74,"[878, 41, 55, 66]"
285,2,car,320,162,"[287, 129, 66, 67]"
285,15,car,917,274,"[870, 238, 95, 72]"
285,32,car,374,211,"[339, 183, 71, 56]"
285,71,car,1232,347,"[1185, 300, 95, 94]"
285,16,car,945,179,"[912, 151, 67, 56]"
285,79,car,824,136,"[792, 108, 65, 57]"
285,116,car,354,346,"[307, 308, 95, 77]"
285,10,truck,401,104,"[353, 52, 97, 104]"
285,17,truck,298,89,"[244, 24, 109, 130]"
285,139,car,404,423,"[339, 367, 130, 113]"
285,140,truck,165,365,"[90, 288, 150, 154]"
285,141,car,146,477,"[80, 417, 132, 121]"
285,18,car,840,208,"[803, 178, 74, 60]"
285,137,car,821,84,"[797, 67, 48, 35]"
285,172,car,521,582,"[421, 519, 200, 126]"
285,138,truck,995,51,"[954, 5, 82, 92]"
285,182,car,714,59,"[691, 36, 47, 46]"
285,136,car,157,281,"[114, 265, 87, 32]"
285,187,car,639,687,"[494, 657, 291, 60]"
285,194,car,881,24,"[861, 4, 41, 40]"
285,147,car,905,77,"[880, 48, 50, 59]"
285,197,car,657,83,"[634, 65, 46, 36]"
285,186,car,659,76,"[628, 52, 63, 49]"
286,2,car,321,164,"[290, 132, 63, 64]"
286,15,car,920,275,"[872, 240, 96, 71]"
286,32,car,375,210,"[340, 183, 70, 55]"
286,71,car,1234,348,"[1189, 301, 91, 94]"
286,16,car,945,179,"[912, 152, 67, 55]"
286,79,car,824,137,"[792, 109, 65, 56]"
286,116,car,354,344,"[308, 306, 93, 76]"
286,10,truck,403,103,"[355, 51, 96, 104]"
286,17,truck,300,89,"[246, 24, 109, 130]"
286,139,car,402,422,"[337, 366, 131, 113]"
286,140,truck,165,363,"[88, 284, 154, 158]"
286,141,car,145,475,"[80, 415, 131, 120]"
286,18,car,840,208,"[803, 179, 74, 59]"
286,137,car,819,83,"[795, 65, 49, 37]"
286,172,car,517,578,"[419, 515, 197, 126]"
286,138,truck,994,55,"[957, 14, 74, 83]"
286,136,car,158,278,"[118, 264, 80, 29]"
286,187,car,634,683,"[476, 650, 317, 66]"
286,194,car,883,24,"[863, 4, 40, 40]"
286,147,car,904,77,"[878, 46, 53, 62]"
286,197,car,658,81,"[635, 64, 47, 35]"
287,2,car,322,165,"[292, 134, 61, 62]"
287,15,car,922,276,"[874, 240, 96, 72]"
287,32,car,376,210,"[341, 182, 70, 56]"
287,71,car,1235,349,"[1191, 302, 89, 95]"
287,16,car,946,180,"[913, 152, 67, 56]"
287,79,car,824,137,"[792, 109, 65, 57]"
287,116,car,354,342,"[308, 305, 92, 74]"
287,10,truck,404,102,"[356, 50, 96, 104]"
287,17,truck,302,88,"[247, 23, 110, 131]"
287,139,car,401,420,"[336, 364, 130, 113]"
287,140,truck,165,361,"[87, 280, 157, 162]"
287,141,car,145,474,"[80, 415, 130, 118]"
287,18,car,841,209,"[804, 180, 74, 59]"
287,137,car,818,84,"[794, 66, 49, 36]"
287,172,car,514,574,"[418, 512, 193, 125]"
287,138,bus,992,54,"[953, 9, 79, 91]"
287,136,car,159,277,"[121, 264, 76, 27]"
287,187,car,626,681,"[460, 646, 332, 71]"
287,147,car,902,75,"[875, 43, 55, 64]"
287,197,car,658,80,"[634, 62, 49, 37]"
287,198,truck,993,52,"[961, 6, 65, 92]"
287,182,car,720,58,"[695, 34, 50, 49]"
288,2,car,323,164,"[293, 133, 61, 62]"
288,15,car,923,277,"[874, 241, 99, 73]"
288,32,car,376,208,"[341, 180, 70, 57]"
288,71,car,1237,350,"[1194, 303, 86, 95]"
288,16,car,946,180,"[913, 153, 67, 55]"
288,79,car,824,138,"[792, 110, 64, 56]"
288,116,car,354,340,"[310, 304, 88, 72]"
288,10,truck,405,101,"[357, 50, 96, 103]"
288,17,truck,303,88,"[249, 23, 109, 131]"
288,139,car,399,418,"[335, 362, 129, 113]"
288,140,truck,167,356,"[87, 273, 161, 167]"
288,141,car,145,471,"[80, 412, 130, 119]"
288,18,car,841,210,"[804, 180, 75, 60]"
288,137,car,816,85,"[792, 67, 49, 36]"
288,172,car,511,570,"[417, 509, 188, 123]"
288,138,bus,992,54,"[952, 7, 80, 94]"
288,136,car,158,277,"[121, 264, 75, 26]"
288,187,car,619,679,"[445, 640, 348, 78]"
288,147,car,902,74,"[873, 41, 58, 67]"
288,197,car,661,78,"[634, 57, 54, 42]"
288,198,truck,992,52,"[960, 6, 65, 92]"
288,199,car,595,73,"[571, 54, 48, 38]"
288,200,truck,1242,350,"[1204, 302, 76, 96]"
289,2,car,324,162,"[294, 131, 61, 63]"
289,15,car,925,279,"[876, 242, 99, 74]"
289,32,car,377,208,"[342, 180, 70, 56]"
289,16,car,947,181,"[914, 154, 66, 55]"
289,79,car,824,139,"[793, 111, 63, 56]"
289,116,car,354,339,"[310, 304, 88, 70]"
289,10,truck,406,101,"[358, 50, 96, 103]"
289,17,truck,304,88,"[250, 23, 109, 131]"
289,139,car,399,416,"[335, 360, 128, 113]"
289,140,truck,170,355,"[89, 272, 162, 167]"
289,141,car,145,469,"[80, 410, 130, 118]"
289,18,car,843,211,"[806, 182, 74, 59]"
289,137,car,815,86,"[790, 68, 50, 36]"
289,172,car,507,566,"[415, 505, 185, 123]"
289,138,truck,991,56,"[955, 13, 73, 87]"
289,136,car,159,275,"[121, 262, 77, 27]"
289,187,car,613,678,"[435, 637, 356, 82]"
289,147,car,903,75,"[874, 42, 58, 67]"
289,198,bus,991,56,"[960, 12, 63, 89]"
289,200,car,1243,352,"[1206, 304, 74, 96]"
289,182,car,721,58,"[696, 33, 51, 50]"
290,2,car,325,161,"[295, 130, 61, 63]"
290,15,car,927,280,"[878, 244, 99, 73]"
290,32,car,378,207,"[343, 179, 70, 57]"
290,16,car,947,181,"[914, 154, 66, 55]"
290,79,car,824,139,"[793, 112, 62, 55]"
290,116,car,353,337,"[309, 302, 89, 71]"
290,10,truck,407,101,"[359, 50, 96, 103]"
290,17,truck,305,88,"[251, 23, 109, 131]"
290,139,car,396,414,"[334, 359, 125, 110]"
290,140,truck,169,355,"[89, 272, 161, 166]"
290,141,car,145,467,"[81, 408, 128, 118]"
290,18,car,843,212,"[806, 183, 74, 59]"
290,137,car,814,87,"[789, 69, 51, 37]"
290,172,car,504,563,"[413, 502, 183, 123]"
290,136,car,159,274,"[119, 260, 80, 28]"
290,187,car,607,675,"[424, 632, 366, 87]"
290,147,car,903,75,"[874, 41, 59, 68]"
290,198,truck,990,62,"[963, 24, 55, 77]"
290,200,car,1244,353,"[1208, 305, 72, 96]"
290,182,car,722,58,"[697, 33, 50, 50]"
291,2,car,325,159,"[294, 127, 63, 65]"
291,15,car,929,281,"[880, 245, 98, 73]"
291,32,car,378,206,"[343, 178, 70, 57]"
291,16,car,947,182,"[914, 155, 66, 55]"
291,79,car,823,139,"[792, 112, 62, 55]"
291,116,car,353,336,"[308, 300, 91, 72]"
291,10,truck,408,101,"[360, 50, 96, 102]"
291,17,truck,306,88,"[252, 23, 108, 131]"
291,139,car,395,411,"[332, 356, 127, 111]"
291,140,truck,169,352,"[88, 269, 162, 167]"
291,141,car,143,464,"[80, 407, 127, 115]"
291,18,car,844,214,"[807, 184, 74, 60]"
291,137,car,813,88,"[788, 70, 51, 37]"
291,172,car,500,560,"[410, 499, 181, 122]"
291,136,car,159,273,"[118, 259, 82, 29]"
291,187,car,602,672,"[416, 627, 372, 91]"
291,147,car,902,75,"[873, 41, 59, 68]"
291,198,bus,989,66,"[964, 31, 51, 71]"
291,200,car,1245,354,"[1210, 307, 70, 95]"
291,182,car,722,57,"[698, 32, 49, 50]"
291,202,bus,306,87,"[252, 22, 108, 130]"
291,138,truck,989,64,"[958, 28, 62, 72]"
292,2,car,326,158,"[294, 124, 65, 68]"
292,15,car,930,282,"[881, 246, 99, 73]"
292,32,car,378,205,"[344, 178, 69, 55]"
292,16,car,946,183,"[913, 155, 67, 56]"
292,79,car,822,139,"[791, 112, 63, 55]"
292,116,car,352,334,"[307, 298, 91, 73]"
292,10,truck,408,100,"[360, 49, 97, 102]"
292,17,truck,306,87,"[252, 22, 109, 131]"
292,139,car,394,409,"[332, 355, 125, 109]"
292,140,truck,164,349,"[87, 270, 155, 159]"
292,141,car,142,462,"[79, 405, 126, 114]"
292,18,car,844,215,"[807, 185, 74, 60]"
292,137,car,812,88,"[786, 70, 52, 37]"
292,172,car,497,556,"[408, 496, 178, 121]"
292,136,car,158,272,"[118, 258, 81, 28]"
292,187,car,595,669,"[406, 621, 379, 97]"
292,147,car,901,75,"[872, 42, 58, 67]"
292,200,car,1246,356,"[1212, 309, 68, 95]"
292,202,bus,306,87,"[252, 22, 109, 130]"
292,138,bus,988,60,"[953, 18, 70, 84]"
293,2,car,328,156,"[295, 122, 66, 69]"
293,15,car,932,283,"[883, 247, 98, 73]"
293,32,car,379,204,"[345, 177, 68, 55]"
293,16,car,947,183,"[913, 155, 68, 57]"
293,79,car,822,139,"[791, 112, 62, 55]"
293,116,car,351,334,"[306, 298, 91, 72]"
293,10,truck,410,99,"[362, 48, 96, 103]"
293,139,car,394,407,"[333, 354, 122, 106]"
293,140,truck,164,348,"[86, 268, 156, 160]"
293,141,car,141,459,"[78, 401, 127, 116]"
293,18,car,845,216,"[807, 186, 76, 60]"
293,137,car,811,89,"[785, 70, 52, 38]"
293,172,car,493,552,"[406, 493, 174, 119]"
293,136,car,157,271,"[118, 257, 79, 28]"
293,187,car,589,667,"[399, 616, 381, 102]"
293,147,car,900,75,"[871, 41, 58, 69]"
293,200,car,1248,357,"[1216, 311, 64, 93]"
293,138,bus,987,58,"[950, 15, 74, 87]"
293,205,truck,987,56,"[953, 13, 68, 86]"
293,197,car,667,78,"[642, 59, 50, 39]"
294,2,car,328,155,"[295, 121, 66, 69]"
294,15,car,934,285,"[885, 249, 98, 73]"
294,32,car,380,203,"[346, 176, 68, 55]"
294,16,car,948,184,"[914, 156, 68, 56]"
294,79,car,822,140,"[791, 113, 62, 54]"
294,116,car,351,331,"[307, 296, 89, 71]"
294,10,bus,410,100,"[362, 48, 97, 104]"
294,139,car,393,405,"[332, 352, 122, 106]"
294,140,truck,163,345,"[87, 267, 152, 156]"
294,141,car,141,456,"[78, 398, 126, 116]"
294,18,car,846,217,"[808, 187, 76, 60]"
294,137,car,809,90,"[783, 71, 53, 38]"
294,172,car,490,549,"[404, 490, 172, 119]"
294,136,car,159,269,"[121, 256, 77, 27]"
294,187,car,583,663,"[392, 610, 383, 107]"
294,147,car,900,77,"[871, 43, 58, 68]"
294,200,car,1248,360,"[1217, 312, 63, 96]"
294,205,bus,987,60,"[954, 19, 66, 83]"
294,17,truck,308,87,"[254, 22, 108, 130]"
295,2,car,330,155,"[298, 121, 64, 68]"
295,15,car,937,288,"[888, 252, 98, 72]"
295,32,car,380,203,"[347, 176, 67, 55]"
295,16,car,948,184,"[914, 156, 69, 57]"
295,79,car,822,141,"[791, 114, 62, 54]"
295,116,car,350,331,"[305, 295, 91, 72]"
295,10,bus,411,100,"[363, 49, 97, 102]"
295,139,car,392,403,"[332, 350, 121, 106]"
295,140,truck,164,343,"[88, 266, 152, 155]"
295,141,car,141,454,"[78, 396, 126, 116]"
295,18,car,846,217,"[808, 187, 77, 61]"
295,137,car,808,90,"[781, 71, 54, 39]"
295,172,car,487,547,"[402, 488, 170, 118]"
295,136,car,161,268,"[125, 256, 72, 25]"
295,187,car,578,662,"[388, 607, 381, 111]"
295,147,car,900,77,"[872, 44, 57, 67]"
295,200,car,1250,361,"[1220, 313, 60, 97]"
295,205,bus,986,62,"[954, 22, 64, 80]"
295,206,bus,309,85,"[256, 21, 107, 129]"
295,17,truck,310,86,"[256, 21, 108, 130]"
296,2,car,331,154,"[300, 121, 63, 67]"
296,15,car,939,289,"[890, 253, 99, 72]"
296,32,car,380,203,"[347, 176, 67, 54]"
296,16,car,949,185,"[914, 157, 70, 57]"
296,79,car,822,142,"[791, 115, 63, 55]"
296,116,car,350,329,"[305, 293, 91, 72]"
296,10,bus,412,100,"[364, 49, 97, 102]"
296,139,car,392,401,"[331, 348, 122, 107]"
296,140,truck,163,342,"[86, 263, 154, 158]"
296,141,car,140,452,"[78, 395, 125, 115]"
296,18,car,848,219,"[809, 188, 78, 62]"
296,137,car,807,90,"[780, 71, 54, 39]"
296,172,car,484,543,"[400, 484, 169, 118]"
296,136,car,160,267,"[125, 255, 71, 25]"
296,187,car,573,661,"[386, 604, 375, 114]"
296,147,car,899,77,"[871, 44, 57, 67]"
296,200,car,1251,363,"[1222, 314, 58, 98]"
296,205,bus,985,61,"[953, 20, 65, 82]"
296,206,bus,309,85,"[256, 21, 107, 128]"
296,17,truck,311,85,"[258, 21, 106, 129]"
297,2,car,332,156,"[302, 125, 60, 62]"
297,15,car,941,291,"[891, 254, 101, 74]"
297,32,car,382,203,"[348, 176, 68, 54]"
297,16,car,949,185,"[915, 157, 69, 57]"
297,79,car,822,143,"[790, 115, 64, 56]"
297,116,car,350,326,"[307, 291, 87, 70]"
297,10,truck,413,99,"[365, 48, 97, 103]"
297,139,car,391,398,"[331, 346, 120, 105]"
297,140,truck,162,341,"[84, 261, 156, 161]"
297,141,car,140,451,"[78, 394, 125, 114]"
297,18,car,849,220,"[809, 188, 80, 64]"
297,137,car,806,91,"[779, 72, 54, 39]"
297,172,car,482,540,"[399, 481, 167, 118]"
297,136,car,162,267,"[127, 255, 70, 24]"
297,187,car,568,659,"[382, 600, 373, 119]"
297,147,car,899,79,"[872, 48, 54, 63]"
297,200,car,1253,365,"[1226, 317, 54, 96]"
297,205,bus,985,61,"[952, 20, 66, 82]"
297,206,bus,311,85,"[258, 21, 106, 128]"
297,17,truck,311,85,"[258, 21, 107, 129]"
297,208,car,606,68,"[587, 51, 39, 35]"
297,197,car,672,76,"[647, 56, 51, 40]"
298,2,car,333,154,"[303, 122, 61, 64]"
298,15,car,944,292,"[893, 255, 102, 75]"
298,32,car,383,201,"[349, 174, 68, 55]"
298,16,car,950,186,"[916, 158, 68, 56]"
298,79,car,822,144,"[790, 116, 64, 57]"
298,116,car,350,325,"[307, 290, 87, 70]"
298,10,truck,414,98,"[366, 47, 97, 103]"
298,139,car,390,396,"[331, 344, 119, 105]"
298,140,truck,160,341,"[82, 259, 157, 164]"
298,141,car,140,448,"[78, 391, 125, 115]"
298,18,car,850,220,"[810, 189, 80, 63]"
298,137,car,805,91,"[779, 72, 53, 38]"
298,172,car,479,537,"[397, 479, 165, 116]"
298,136,car,163,266,"[127, 254, 73, 25]"
298,187,car,563,657,"[378, 595, 371, 124]"
298,147,car,899,79,"[872, 47, 54, 64]"
298,200,car,1254,366,"[1229, 318, 51, 97]"
298,205,bus,984,65,"[955, 28, 59, 74]"
298,17,truck,312,85,"[259, 21, 106, 128]"
298,208,car,607,68,"[588, 50, 39, 36]"
299,2,car,334,154,"[304, 122, 61, 64]"
299,15,car,947,294,"[895, 256, 104, 76]"
299,32,car,384,201,"[350, 173, 69, 56]"
299,16,car,951,187,"[917, 159, 69, 56]"
299,79,car,821,145,"[789, 117, 65, 57]"
299,116,car,351,324,"[307, 289, 88, 70]"
299,10,truck,415,98,"[367, 47, 97, 102]"
299,139,car,389,395,"[331, 344, 117, 103]"
299,140,truck,160,340,"[83, 260, 154, 161]"
299,141,car,140,447,"[78, 390, 125, 115]"
299,18,car,851,222,"[811, 190, 80, 64]"
299,137,car,805,91,"[779, 72, 52, 39]"
299,172,car,476,533,"[394, 475, 165, 117]"
299,136,car,164,265,"[129, 253, 71, 24]"
299,187,car,559,655,"[378, 592, 362, 126]"
299,200,car,1256,366,"[1232, 318, 48, 97]"
299,205,bus,984,68,"[956, 33, 57, 70]"
299,17,truck,314,84,"[261, 20, 106, 129]"
299,208,car,611,68,"[591, 50, 40, 36]"
300,2,car,336,155,"[307, 124, 58, 62]"
300,15,car,949,295,"[898, 258, 103, 75]"
300,32,car,387,200,"[353, 173, 68, 55]"
300,16,car,953,188,"[919, 160, 68, 57]"
300,79,car,822,146,"[789, 117, 66, 58]"
300,116,car,351,323,"[307, 288, 89, 71]"
300,10,truck,417,98,"[369, 47, 97, 102]"
300,139,car,388,393,"[330, 342, 117, 103]"
300,140,truck,161,337,"[84, 256, 155, 163]"
300,141,car,141,446,"[79, 389, 124, 114]"
300,18,car,851,223,"[812, 192, 79, 63]"
300,137,car,804,92,"[778, 73, 53, 38]"
300,172,car,474,530,"[393, 472, 163, 117]"
300,136,car,165,265,"[129, 253, 72, 24]"
300,187,car,555,653,"[377, 588, 356, 130]"
300,205,bus,985,68,"[957, 34, 56, 69]"
300,17,truck,316,84,"[264, 20, 105, 128]"
300,208,car,614,68,"[594, 50, 40, 36]"
300,147,car,899,79,"[871, 46, 56, 66]"
301,2,car,337,155,"[308, 125, 59, 61]"
301,15,car,953,297,"[901, 259, 104, 76]"
301,32,car,388,200,"[354, 172, 68, 56]"
301,16,car,954,189,"[920, 161, 69, 57]"
301,79,car,822,146,"[789, 117, 66, 58]"
301,116,car,351,323,"[307, 288, 88, 70]"
301,10,truck,419,98,"[370, 47, 98, 102]"
301,139,car,387,392,"[329, 341, 117, 103]"
301,140,truck,164,337,"[87, 256, 155, 162]"
301,141,car,141,444,"[79, 387, 124, 114]"
301,18,car,854,224,"[814, 193, 80, 63]"
301,137,car,804,92,"[777, 73, 54, 39]"
301,172,car,472,527,"[392, 470, 160, 115]"
301,136,car,165,264,"[130, 253, 71, 23]"
301,187,car,549,650,"[374, 584, 351, 133]"
301,205,bus,985,68,"[956, 34, 58, 69]"
301,17,bus,318,83,"[266, 20, 105, 127]"
301,208,car,615,68,"[596, 51, 39, 35]"
301,211,car,1268,368,"[1256, 321, 24, 94]"
301,212,truck,318,83,"[264, 20, 108, 127]"
301,213,car,569,104,"[543, 85, 52, 38]"
301,147,car,899,79,"[871, 46, 57, 67]"
302,2,car,338,155,"[310, 126, 57, 59]"
302,15,car,955,298,"[903, 260, 104, 76]"
302,32,car,389,198,"[355, 171, 69, 55]"
302,16,car,954,190,"[920, 162, 69, 57]"
302,79,car,822,146,"[789, 118, 66, 57]"
302,116,car,350,322,"[306, 287, 88, 70]"
302,10,truck,420,98,"[371, 47, 98, 102]"
302,139,car,386,391,"[328, 340, 117, 103]"
302,140,truck,162,335,"[85, 254, 154, 162]"
302,141,car,141,441,"[79, 384, 124, 115]"
302,18,car,854,225,"[814, 193, 80, 64]"
302,137,car,803,92,"[776, 72, 54, 40]"
302,172,car,469,523,"[390, 467, 158, 113]"
302,187,car,545,648,"[373, 580, 344, 137]"
302,205,bus,984,68,"[955, 33, 59, 70]"
302,17,truck,319,84,"[267, 20, 105, 128]"
302,208,car,616,68,"[597, 50, 39, 36]"
302,213,car,568,104,"[542, 85, 53, 39]"
302,147,car,898,80,"[870, 46, 57, 68]"
303,2,car,339,154,"[311, 125, 57, 59]"
303,15,car,957,299,"[905, 261, 105, 76]"
303,32,car,390,198,"[357, 171, 67, 54]"
303,16,car,954,191,"[920, 162, 69, 58]"
303,79,car,821,147,"[789, 119, 65, 57]"
303,116,car,350,320,"[307, 285, 87, 70]"
303,10,truck,421,97,"[373, 47, 97, 101]"
303,139,car,385,389,"[327, 338, 117, 103]"
303,140,truck,161,333,"[85, 252, 153, 162]"
303,141,car,140,439,"[79, 382, 123, 114]"
303,18,car,854,226,"[813, 194, 82, 64]"
303,137,car,801,91,"[774, 71, 55, 41]"
303,172,car,466,520,"[388, 464, 156, 113]"
303,187,car,539,646,"[370, 576, 338, 140]"
303,205,bus,983,68,"[954, 33, 59, 70]"
303,17,truck,320,83,"[268, 19, 105, 128]"
303,208,car,617,67,"[598, 50, 39, 35]"
303,213,car,569,106,"[542, 86, 55, 40]"
303,147,car,898,80,"[870, 46, 56, 68]"
304,2,car,340,153,"[312, 124, 57, 59]"
304,15,car,959,300,"[906, 262, 106, 77]"
304,32,car,391,197,"[358, 170, 66, 54]"
304,16,car,954,191,"[920, 163, 69, 57]"
304,79,car,820,147,"[788, 119, 65, 57]"
304,116,truck,349,318,"[306, 283, 87, 70]"
304,10,truck,422,96,"[374, 47, 96, 99]"
304,139,car,384,387,"[326, 336, 117, 103]"
304,140,truck,158,334,"[83, 254, 151, 160]"
304,141,car,140,437,"[79, 381, 122, 112]"
304,18,car,855,227,"[814, 194, 82, 66]"
304,137,car,800,92,"[773, 72, 54, 40]"
304,172,car,463,518,"[385, 462, 157, 113]"
304,187,car,535,644,"[370, 573, 330, 142]"
304,205,bus,983,67,"[953, 32, 60, 71]"
304,17,truck,321,82,"[269, 19, 104, 127]"
304,208,car,618,67,"[598, 49, 40, 36]"
304,147,car,897,80,"[869, 47, 57, 67]"
304,214,car,349,318,"[306, 283, 86, 71]"
305,2,car,342,152,"[312, 121, 60, 62]"
305,15,car,962,302,"[910, 264, 105, 77]"
305,32,car,392,196,"[359, 170, 66, 53]"
305,16,car,956,192,"[921, 163, 70, 59]"
305,79,car,820,148,"[788, 120, 65, 56]"
305,116,car,350,317,"[307, 283, 86, 69]"
305,10,truck,424,96,"[376, 47, 96, 98]"
305,139,car,384,385,"[325, 334, 118, 103]"
305,140,truck,159,332,"[85, 254, 148, 157]"
305,141,car,140,435,"[79, 379, 123, 113]"
305,18,car,856,228,"[815, 195, 82, 66]"
305,137,car,798,92,"[772, 72, 53, 40]"
305,172,car,461,516,"[384, 460, 155, 113]"
305,187,car,531,640,"[368, 567, 326, 147]"
305,17,truck,323,82,"[271, 19, 104, 127]"
305,208,car,620,66,"[600, 49, 40, 35]"
305,147,car,897,80,"[869, 47, 57, 67]"
305,214,truck,349,318,"[307, 283, 85, 70]"
305,215,car,936,46,"[917, 29, 39, 35]"
305,3,car,535,123,"[509, 103, 52, 41]"
306,2,car,342,151,"[312, 119, 61, 64]"
306,15,car,965,304,"[913, 266, 105, 77]"
306,32,car,393,197,"[360, 171, 66, 52]"
306,16,car,957,193,"[922, 164, 70, 58]"
306,79,car,821,149,"[788, 121, 66, 57]"
306,116,car,349,316,"[306, 282, 87, 69]"
306,10,truck,426,96,"[378, 47, 96, 98]"
306,139,car,382,383,"[325, 333, 115, 101]"
306,140,truck,159,334,"[88, 257, 143, 154]"
306,141,car,141,434,"[80, 378, 122, 112]"
306,18,car,858,229,"[817, 196, 82, 66]"
306,137,car,798,92,"[772, 73, 53, 39]"
306,172,car,460,514,"[383, 458, 154, 112]"
306,187,car,526,637,"[368, 563, 317, 148]"
306,17,truck,324,82,"[273, 20, 103, 125]"
306,208,car,620,66,"[601, 49, 39, 35]"
306,147,car,897,80,"[868, 46, 58, 69]"
306,214,truck,350,317,"[308, 282, 84, 70]"
306,215,car,936,46,"[917, 29, 39, 35]"
306,217,bus,324,82,"[271, 19, 107, 127]"
307,2,car,343,151,"[313, 119, 61, 64]"
307,15,car,967,306,"[914, 268, 106, 77]"
307,32,car,393,196,"[360, 169, 67, 54]"
307,16,car,957,194,"[923, 165, 69, 58]"
307,79,car,821,150,"[788, 121, 66, 58]"
307,116,car,349,315,"[306, 281, 86, 68]"
307,10,truck,427,96,"[379, 47, 96, 98]"
307,139,car,380,382,"[325, 333, 111, 98]"
307,140,truck,159,334,"[88, 258, 142, 153]"
307,141,car,141,431,"[80, 375, 122, 113]"
307,18,car,859,231,"[819, 199, 81, 64]"
307,137,car,797,94,"[771, 75, 52, 38]"
307,172,car,456,511,"[381, 456, 151, 110]"
307,187,car,522,633,"[369, 559, 306, 149]"
307,17,truck,325,82,"[274, 20, 103, 124]"
307,208,car,621,66,"[601, 49, 41, 35]"
307,147,car,896,80,"[868, 46, 57, 69]"
307,217,bus,325,82,"[272, 19, 107, 127]"
308,2,car,344,150,"[314, 118, 61, 64]"
308,15,car,969,308,"[916, 270, 107, 77]"
308,32,car,393,195,"[360, 168, 67, 54]"
308,16,car,958,195,"[923, 166, 70, 58]"
308,79,car,820,150,"[787, 121, 67, 59]"
308,116,car,349,312,"[308, 279, 83, 66]"
308,10,truck,427,95,"[379, 47, 96, 97]"
308,139,car,378,379,"[322, 330, 113, 98]"
308,140,truck,157,333,"[86, 256, 143, 154]"
308,141,car,140,429,"[79, 373, 122, 113]"
308,18,car,860,232,"[820, 200, 80, 64]"
308,137,car,796,94,"[770, 76, 52, 37]"
308,172,car,454,508,"[379, 453, 150, 110]"
308,187,car,517,629,"[371, 556, 293, 147]"
308,208,car,622,66,"[602, 48, 41, 36]"
308,147,car,895,81,"[867, 46, 57, 70]"
308,138,bus,980,59,"[944, 15, 73, 89]"
309,2,car,344,149,"[314, 117, 61, 64]"
309,15,car,972,310,"[919, 271, 107, 78]"
309,32,car,394,194,"[361, 168, 67, 53]"
309,16,car,958,195,"[924, 167, 69, 57]"
309,79,car,821,151,"[788, 122, 66, 58]"
309,116,car,349,312,"[306, 278, 87, 69]"
309,10,truck,427,95,"[379, 46, 97, 98]"
309,139,car,379,378,"[322, 328, 114, 100]"
309,140,truck,159,328,"[86, 249, 146, 159]"
309,141,car,139,427,"[79, 371, 121, 112]"
309,18,car,861,233,"[820, 201, 82, 65]"
309,137,car,794,94,"[768, 75, 53, 39]"
309,172,car,451,504,"[376, 449, 151, 111]"
309,187,car,513,625,"[373, 553, 280, 145]"
309,208,car,624,66,"[603, 48, 42, 36]"
309,147,car,895,81,"[866, 46, 58, 70]"
309,218,car,857,67,"[843, 47, 28, 40]"
309,138,bus,979,60,"[944, 17, 71, 87]"
309,17,truck,327,81,"[276, 20, 103, 123]"
310,2,car,346,148,"[316, 116, 61, 64]"
310,15,car,975,311,"[922, 272, 107, 78]"
310,32,car,395,194,"[362, 168, 66, 52]"
310,16,car,959,196,"[925, 168, 69, 57]"
310,79,car,821,151,"[788, 122, 67, 59]"
310,116,car,349,311,"[305, 276, 88, 70]"
310,10,truck,429,94,"[381, 45, 96, 98]"
310,139,car,378,376,"[321, 326, 115, 101]"
310,140,truck,159,330,"[88, 253, 142, 155]"
310,141,car,140,425,"[80, 369, 120, 112]"
310,18,car,863,234,"[822, 202, 82, 65]"
310,137,car,793,94,"[766, 75, 55, 39]"
310,172,car,449,501,"[374, 446, 151, 111]"
310,187,car,509,621,"[375, 549, 269, 145]"
310,208,car,625,66,"[604, 48, 42, 36]"
310,147,car,895,81,"[866, 46, 58, 70]"
310,218,car,857,67,"[843, 47, 28, 40]"
310,138,bus,979,60,"[944, 16, 71, 88]"
310,17,truck,328,81,"[277, 20, 103, 123]"
310,136,car,177,253,"[140, 241, 75, 24]"
311,2,car,348,147,"[318, 115, 61, 64]"
311,15,car,979,312,"[925, 273, 108, 78]"
311,32,car,395,194,"[363, 168, 65, 52]"
311,16,car,960,198,"[925, 169, 71, 58]"
311,79,car,822,152,"[788, 122, 68, 60]"
311,116,car,349,309,"[305, 274, 89, 71]"
311,10,truck,430,94,"[382, 45, 97, 98]"
311,139,car,378,375,"[322, 326, 113, 99]"
311,140,truck,160,331,"[92, 257, 137, 149]"
311,141,car,140,423,"[80, 368, 120, 111]"
311,18,car,864,235,"[823, 203, 83, 65]"
311,137,car,791,95,"[764, 75, 55, 40]"
311,172,car,447,498,"[372, 443, 150, 111]"
311,187,car,505,617,"[375, 545, 260, 144]"
311,208,car,627,65,"[607, 48, 41, 35]"
311,147,car,895,81,"[866, 45, 58, 72]"
311,17,truck,329,81,"[278, 20, 103, 123]"
311,136,car,178,252,"[140, 240, 76, 25]"
312,2,car,349,147,"[319, 115, 61, 64]"
312,15,car,981,313,"[927, 274, 109, 79]"
312,32,car,397,193,"[364, 167, 66, 52]"
312,16,car,961,198,"[925, 169, 72, 59]"
312,79,car,821,152,"[788, 122, 67, 60]"
312,116,car,349,308,"[305, 273, 88, 71]"
312,10,truck,431,93,"[383, 44, 97, 99]"
312,139,car,377,374,"[321, 325, 112, 98]"
312,140,truck,160,329,"[92, 255, 137, 149]"
312,141,car,139,421,"[80, 366, 119, 111]"
312,18,car,865,237,"[823, 204, 84, 66]"
312,137,car,791,95,"[765, 76, 53, 39]"
312,172,car,445,494,"[371, 439, 149, 111]"
312,187,car,501,613,"[375, 542, 252, 143]"
312,208,car,629,65,"[610, 48, 39, 35]"
312,147,car,894,82,"[866, 47, 57, 71]"
312,17,truck,330,81,"[279, 20, 103, 123]"
313,2,car,349,147,"[319, 115, 61, 64]"
313,15,car,983,315,"[928, 275, 111, 81]"
313,32,car,397,192,"[364, 166, 66, 52]"
313,16,car,961,199,"[925, 169, 72, 60]"
313,79,car,821,153,"[788, 124, 66, 59]"
313,116,car,348,307,"[305, 273, 87, 69]"
313,10,truck,432,93,"[384, 44, 97, 98]"
313,139,car,375,372,"[320, 323, 111, 98]"
313,140,truck,160,325,"[90, 249, 141, 153]"
313,141,car,139,420,"[80, 365, 118, 110]"
313,18,car,866,237,"[825, 205, 83, 65]"
313,137,car,790,96,"[763, 76, 54, 40]"
313,172,car,443,492,"[371, 438, 145, 108]"
313,187,car,497,609,"[375, 538, 244, 142]"
313,208,car,630,65,"[611, 48, 39, 35]"
313,147,car,893,83,"[864, 47, 59, 72]"
313,17,truck,331,81,"[279, 20, 104, 123]"
313,218,car,854,69,"[841, 49, 27, 40]"
313,138,bus,978,60,"[941, 13, 75, 94]"
314,2,car,350,146,"[320, 115, 61, 63]"
314,15,car,986,316,"[931, 276, 111, 81]"
314,32,car,397,191,"[365, 165, 65, 52]"
314,16,car,962,199,"[926, 170, 72, 59]"
314,79,car,820,154,"[788, 126, 65, 57]"
314,116,car,348,306,"[305, 271, 87, 71]"
314,10,truck,434,92,"[385, 43, 98, 99]"
314,139,car,374,369,"[319, 321, 111, 97]"
314,140,truck,160,326,"[93, 253, 135, 146]"
314,141,car,138,418,"[80, 364, 117, 109]"
314,18,car,867,238,"[825, 205, 84, 66]"
314,137,car,789,95,"[763, 76, 53, 38]"
314,172,car,441,488,"[368, 433, 147, 110]"
314,187,car,493,605,"[375, 535, 236, 140]"
314,208,car,632,66,"[612, 49, 40, 34]"
314,147,car,892,83,"[864, 47, 57, 72]"
314,17,truck,333,81,"[281, 20, 104, 123]"
314,218,car,853,69,"[840, 49, 27, 40]"
315,2,car,351,146,"[321, 114, 61, 64]"
315,15,car,990,318,"[934, 278, 112, 80]"
315,32,car,399,189,"[366, 163, 66, 52]"
315,16,car,963,200,"[927, 171, 72, 59]"
315,79,car,820,155,"[788, 127, 64, 56]"
315,116,car,348,305,"[305, 270, 87, 70]"
315,10,truck,435,92,"[386, 42, 98, 100]"
315,139,car,373,367,"[318, 318, 111, 99]"
315,140,truck,160,322,"[92, 248, 137, 149]"
315,141,car,139,416,"[80, 362, 118, 109]"
315,18,car,868,238,"[826, 205, 84, 66]"
315,137,car,788,95,"[762, 77, 53, 37]"
315,172,car,438,485,"[364, 429, 149, 112]"
315,187,car,489,599,"[376, 531, 227, 137]"
315,208,car,633,65,"[614, 48, 39, 34]"
315,147,car,892,83,"[863, 47, 58, 72]"
315,17,truck,334,81,"[282, 19, 104, 124]"
315,218,car,852,69,"[838, 50, 29, 39]"
315,197,car,702,65,"[674, 43, 56, 45]"
315,138,bus,980,56,"[940, 7, 80, 99]"
316,2,car,353,145,"[323, 114, 60, 63]"
316,15,car,993,319,"[937, 279, 112, 81]"
316,32,car,400,189,"[367, 163, 66, 52]"
316,16,car,964,201,"[929, 172, 71, 58]"
316,79,car,820,155,"[788, 127, 64, 57]"
316,116,car,348,303,"[306, 269, 85, 69]"
316,10,truck,436,91,"[387, 41, 99, 100]"
316,139,car,373,366,"[318, 317, 110, 98]"
316,140,truck,161,321,"[94, 248, 134, 147]"
316,141,car,139,415,"[80, 360, 119, 110]"
316,18,car,870,239,"[828, 206, 84, 66]"
316,137,car,788,95,"[762, 76, 53, 38]"
316,172,car,436,482,"[363, 427, 147, 111]"
316,187,car,486,596,"[375, 527, 222, 138]"
316,208,car,635,64,"[616, 48, 38, 33]"
316,147,car,892,83,"[864, 47, 57, 72]"
316,17,truck,335,80,"[283, 19, 104, 123]"
316,218,car,852,69,"[838, 50, 29, 39]"
316,197,car,703,66,"[678, 46, 51, 40]"
317,2,car,353,146,"[324, 115, 59, 62]"
317,15,car,996,322,"[940, 281, 113, 82]"
317,32,car,401,188,"[369, 163, 65, 51]"
317,16,car,965,201,"[930, 172, 71, 59]"
317,79,car,820,157,"[788, 129, 64, 57]"
317,116,car,348,301,"[306, 267, 84, 69]"
317,10,truck,438,91,"[389, 41, 99, 100]"
317,139,car,371,364,"[316, 315, 110, 98]"
317,140,truck,161,319,"[93, 244, 136, 150]"
317,141,car,139,414,"[81, 360, 117, 108]"
317,18,car,871,240,"[830, 208, 83, 64]"
317,137,car,787,96,"[760, 77, 54, 38]"
317,172,car,435,479,"[360, 422, 150, 114]"
317,187,car,482,592,"[374, 524, 216, 136]"
317,208,car,635,64,"[617, 48, 37, 32]"
317,147,car,892,83,"[864, 47, 56, 72]"
317,17,truck,337,80,"[285, 19, 104, 123]"
317,218,car,852,70,"[837, 50, 30, 40]"
317,197,car,704,65,"[679, 45, 50, 40]"
317,224,car,325,699,"[227, 682, 197, 34]"
317,225,truck,10,324,"[0, 253, 21, 143]"
317,138,bus,980,57,"[941, 8, 79, 99]"
318,2,car,354,145,"[326, 115, 57, 61]"
318,15,car,999,323,"[942, 283, 114, 81]"
318,32,car,402,188,"[370, 162, 65, 52]"
318,16,car,966,202,"[930, 172, 72, 60]"
318,79,car,819,158,"[787, 129, 65, 58]"
318,116,car,347,300,"[306, 266, 83, 68]"
318,10,truck,439,90,"[390, 41, 98, 99]"
318,139,car,370,362,"[315, 314, 110, 97]"
318,140,truck,160,317,"[93, 243, 135, 148]"
318,141,car,139,412,"[82, 359, 115, 107]"
318,18,car,872,241,"[830, 208, 85, 66]"
318,137,car,785,97,"[759, 78, 53, 38]"
318,172,car,432,476,"[358, 419, 149, 114]"
318,187,car,478,588,"[372, 521, 212, 135]"
318,208,car,637,63,"[618, 47, 38, 33]"
318,147,car,891,85,"[864, 51, 54, 68]"
318,17,truck,337,80,"[285, 19, 105, 123]"
318,218,car,851,70,"[836, 50, 31, 40]"
318,197,car,704,65,"[680, 46, 49, 38]"
318,224,car,322,697,"[213, 679, 219, 37]"
318,225,truck,10,323,"[0, 251, 21, 144]"
319,2,car,355,145,"[327, 115, 57, 61]"
319,15,car,1001,325,"[945, 285, 112, 81]"
319,32,car,403,187,"[370, 161, 66, 52]"
319,16,car,966,202,"[930, 172, 73, 61]"
319,79,car,818,159,"[786, 130, 65, 58]"
319,116,car,347,299,"[305, 265, 84, 68]"
319,10,truck,439,90,"[390, 41, 98, 99]"
319,139,car,368,360,"[314, 312, 109, 97]"
319,140,truck,160,315,"[93, 242, 134, 147]"
319,141,car,138,410,"[82, 358, 113, 104]"
319,18,car,873,242,"[830, 209, 86, 67]"
319,137,car,785,97,"[758, 78, 54, 39]"
319,172,car,430,474,"[357, 418, 146, 112]"
319,187,car,473,584,"[371, 518, 205, 133]"
319,208,car,637,63,"[618, 47, 38, 32]"
319,147,car,890,87,"[864, 56, 52, 63]"
319,17,truck,338,80,"[286, 19, 105, 123]"
319,218,car,850,70,"[835, 50, 31, 40]"
319,197,car,704,66,"[681, 48, 47, 37]"
319,224,car,319,693,"[187, 670, 264, 46]"
319,225,truck,10,321,"[0, 249, 21, 145]"
320,2,car,355,145,"[327, 115, 57, 60]"
320,15,car,1004,326,"[948, 286, 113, 81]"
320,32,car,403,185,"[371, 160, 64, 51]"
320,16,car,967,203,"[930, 172, 74, 62]"
320,79,car,818,159,"[785, 130, 66, 58]"
320,116,car,346,298,"[304, 264, 85, 69]"
320,10,truck,440,89,"[392, 40, 97, 99]"
320,139,car,367,358,"[313, 310, 108, 96]"
320,140,truck,161,313,"[93, 238, 136, 150]"
320,141,car,138,408,"[82, 356, 112, 104]"
320,18,car,873,243,"[830, 210, 87, 67]"
320,137,car,784,97,"[758, 78, 53, 38]"
320,172,car,429,473,"[359, 419, 140, 108]"
320,187,car,470,581,"[368, 514, 204, 134]"
320,208,car,638,62,"[619, 46, 39, 33]"
320,147,car,889,89,"[865, 60, 49, 59]"
320,17,truck,338,79,"[286, 18, 105, 123]"
320,218,car,849,69,"[833, 48, 33, 42]"
320,197,car,705,66,"[682, 48, 46, 36]"
320,224,car,315,690,"[163, 663, 305, 54]"
320,225,truck,10,319,"[0, 247, 21, 144]"
321,2,car,356,144,"[328, 114, 57, 60]"
321,15,car,1007,327,"[951, 287, 113, 81]"
321,32,car,403,185,"[372, 160, 63, 50]"
321,16,car,968,203,"[931, 173, 74, 61]"
321,79,car,817,159,"[785, 130, 65, 58]"
321,116,car,346,298,"[302, 261, 89, 74]"
321,10,truck,441,88,"[392, 38, 98, 100]"
321,139,car,364,356,"[311, 308, 107, 96]"
321,140,truck,161,310,"[93, 234, 137, 152]"
321,141,car,137,405,"[81, 353, 113, 104]"
321,18,car,874,244,"[831, 210, 87, 68]"
321,137,car,783,96,"[757, 77, 53, 39]"
321,172,car,427,469,"[359, 417, 136, 105]"
321,187,car,466,577,"[366, 510, 201, 134]"
321,208,car,640,62,"[620, 45, 41, 34]"
321,147,car,889,85,"[862, 52, 55, 67]"
321,17,truck,339,79,"[287, 18, 105, 122]"
321,218,car,848,69,"[832, 48, 33, 43]"
321,197,car,706,66,"[683, 48, 46, 37]"
321,224,car,314,688,"[154, 660, 320, 57]"
321,225,truck,10,318,"[0, 248, 21, 141]"
321,227,car,771,44,"[753, 24, 37, 40]"
321,228,bus,339,79,"[286, 18, 106, 122]"
322,2,car,357,143,"[328, 113, 58, 60]"
322,15,car,1010,329,"[953, 289, 114, 81]"
322,32,car,404,184,"[372, 159, 64, 50]"
322,16,car,968,204,"[931, 174, 74, 61]"
322,79,car,816,159,"[784, 130, 65, 59]"
322,116,car,346,295,"[303, 259, 87, 73]"
322,10,truck,441,86,"[392, 37, 98, 99]"
322,139,car,364,354,"[310, 306, 108, 97]"
322,140,truck,160,306,"[93, 232, 135, 149]"
322,141,car,136,404,"[80, 352, 113, 104]"
322,18,car,875,244,"[831, 210, 88, 68]"
322,137,car,783,96,"[757, 77, 52, 39]"
322,172,car,423,465,"[357, 414, 133, 103]"
322,187,car,461,573,"[364, 507, 195, 132]"
322,208,car,642,61,"[621, 44, 42, 35]"
322,147,car,888,84,"[860, 50, 56, 69]"
322,17,truck,340,78,"[288, 17, 104, 122]"
322,218,car,847,70,"[830, 49, 34, 42]"
322,197,car,706,66,"[683, 48, 46, 36]"
322,224,car,307,687,"[146, 658, 322, 59]"
322,225,truck,10,317,"[0, 247, 21, 140]"
322,227,car,773,44,"[754, 23, 39, 43]"
322,228,bus,339,78,"[287, 18, 105, 121]"
323,2,car,357,142,"[328, 112, 58, 61]"
323,15,car,1012,331,"[954, 290, 116, 83]"
323,32,car,404,183,"[373, 159, 63, 49]"
323,16,car,967,205,"[930, 175, 74, 61]"
323,79,car,815,160,"[782, 130, 67, 60]"
323,116,car,346,294,"[302, 258, 88, 73]"
323,10,truck,441,86,"[392, 37, 98, 98]"
323,139,car,363,353,"[310, 306, 106, 95]"
323,140,truck,160,305,"[94, 231, 133, 148]"
323,141,car,136,402,"[80, 351, 112, 102]"
323,18,car,876,245,"[832, 211, 88, 69]"
323,137,car,781,97,"[756, 79, 50, 37]"
323,172,car,420,463,"[354, 413, 132, 101]"
323,187,car,457,569,"[362, 504, 191, 131]"
323,208,car,644,63,"[621, 44, 47, 39]"
323,147,car,887,86,"[860, 53, 55, 66]"
323,17,truck,340,78,"[288, 17, 105, 122]"
323,218,car,845,70,"[828, 49, 35, 43]"
323,197,car,707,65,"[685, 47, 45, 36]"
323,224,car,300,685,"[136, 655, 329, 61]"
323,225,truck,11,315,"[1, 246, 20, 139]"
323,227,car,773,45,"[753, 23, 41, 45]"
323,228,bus,340,78,"[288, 17, 105, 122]"
324,2,car,358,141,"[329, 111, 58, 61]"
324,15,car,1016,333,"[957, 291, 118, 85]"
324,32,car,405,182,"[373, 157, 64, 51]"
324,16,car,968,206,"[931, 176, 74, 61]"
324,79,car,815,161,"[782, 131, 67, 60]"
324,116,car,346,294,"[302, 257, 88, 74]"
324,10,truck,442,85,"[393, 36, 98, 99]"
324,139,car,362,352,"[310, 305, 105, 94]"
324,140,truck,160,303,"[95, 230, 131, 146]"
324,141,car,136,401,"[80, 350, 112, 102]"
324,18,car,877,247,"[833, 213, 88, 68]"
324,137,car,779,97,"[754, 78, 51, 38]"
324,172,car,418,462,"[352, 412, 132, 100]"
324,187,car,454,566,"[360, 501, 189, 130]"
324,208,car,644,62,"[623, 44, 43, 36]"
324,147,car,887,86,"[859, 52, 56, 68]"
324,17,truck,342,77,"[290, 17, 104, 121]"
324,218,car,844,70,"[826, 49, 36, 43]"
324,224,car,297,684,"[128, 652, 339, 64]"
324,225,truck,10,314,"[0, 245, 21, 139]"
324,227,car,773,46,"[753, 23, 41, 46]"
324,228,bus,341,77,"[289, 17, 105, 121]"
325,2,car,359,141,"[330, 110, 59, 62]"
325,15,car,1019,335,"[960, 292, 119, 86]"
325,32,car,406,182,"[374, 157, 65, 51]"
325,16,car,969,207,"[932, 177, 75, 61]"
325,79,car,816,161,"[783, 131, 66, 60]"
325,116,car,346,292,"[304, 257, 84, 71]"
325,10,truck,443,85,"[394, 36, 98, 99]"
325,139,car,362,350,"[310, 304, 105, 93]"
325,140,truck,161,304,"[96, 232, 131, 145]"
325,141,car,136,399,"[80, 348, 112, 102]"
325,18,car,878,248,"[834, 214, 89, 69]"
325,137,car,780,98,"[755, 79, 50, 38]"
325,172,car,416,459,"[348, 407, 136, 104]"
325,187,car,452,564,"[359, 499, 187, 130]"
325,208,car,645,61,"[625, 45, 41, 33]"
325,147,car,887,87,"[860, 55, 54, 65]"
325,218,car,844,71,"[826, 50, 36, 43]"
325,224,car,293,682,"[117, 648, 352, 69]"
325,225,truck,11,314,"[1, 247, 21, 135]"
325,227,car,775,45,"[754, 23, 42, 45]"
325,197,car,711,63,"[686, 43, 50, 40]"
326,2,car,361,140,"[332, 109, 59, 62]"
326,15,car,1024,337,"[965, 294, 118, 86]"
326,32,car,408,181,"[376, 156, 64, 51]"
326,16,car,971,207,"[934, 177, 74, 61]"
326,79,car,817,161,"[784, 131, 66, 60]"
326,116,car,346,291,"[305, 256, 83, 70]"
326,10,truck,445,85,"[396, 36, 98, 98]"
326,139,car,362,349,"[310, 303, 104, 93]"
326,140,truck,163,304,"[97, 231, 133, 146]"
326,141,car,137,397,"[81, 346, 112, 103]"
326,18,car,880,249,"[836, 215, 89, 69]"
326,137,car,780,98,"[755, 79, 51, 38]"
326,172,car,415,456,"[348, 405, 134, 103]"
326,187,car,450,560,"[359, 496, 183, 129]"
326,208,car,647,60,"[627, 44, 41, 33]"
326,147,car,887,86,"[859, 52, 56, 68]"
326,218,car,843,71,"[825, 50, 37, 43]"
326,224,car,291,680,"[111, 644, 360, 72]"
326,225,truck,12,313,"[2, 247, 20, 132]"
326,227,car,776,45,"[755, 22, 43, 46]"
326,233,bus,445,85,"[396, 36, 99, 99]"
326,197,car,717,60,"[688, 37, 58, 47]"
326,17,truck,344,77,"[292, 16, 105, 123]"
327,2,car,363,138,"[333, 107, 60, 63]"
327,15,car,1027,339,"[969, 297, 117, 84]"
327,32,car,409,181,"[377, 156, 64, 51]"
327,16,car,972,208,"[936, 178, 73, 61]"
327,79,car,818,162,"[785, 132, 66, 60]"
327,116,car,347,289,"[306, 255, 82, 69]"
327,10,truck,446,85,"[397, 36, 98, 98]"
327,139,car,361,348,"[309, 302, 104, 92]"
327,140,truck,165,303,"[98, 229, 134, 148]"
327,141,car,137,395,"[81, 344, 112, 103]"
327,18,car,882,250,"[838, 216, 89, 69]"
327,137,car,780,99,"[754, 79, 52, 40]"
327,172,car,414,453,"[347, 402, 134, 103]"
327,187,car,447,556,"[358, 493, 179, 127]"
327,208,car,649,59,"[628, 43, 42, 33]"
327,147,car,887,86,"[858, 52, 58, 69]"
327,218,car,843,72,"[825, 51, 37, 42]"
327,224,car,287,677,"[107, 640, 360, 75]"
327,225,truck,12,312,"[2, 247, 20, 131]"
327,227,car,778,43,"[758, 22, 40, 43]"
327,233,bus,447,85,"[398, 36, 98, 98]"
327,197,car,721,58,"[691, 34, 60, 49]"
327,236,car,1040,36,"[1016, 21, 48, 31]"
327,17,truck,346,77,"[294, 16, 104, 123]"
327,205,truck,968,76,"[938, 43, 61, 67]"
328,2,car,364,139,"[335, 108, 58, 62]"
328,15,car,1031,340,"[972, 298, 118, 85]"
328,32,car,409,181,"[377, 155, 65, 52]"
328,16,car,973,209,"[937, 179, 73, 61]"
328,79,car,817,163,"[784, 133, 67, 60]"
328,116,car,346,288,"[305, 254, 83, 69]"
328,10,truck,448,84,"[399, 35, 98, 98]"
328,139,car,361,346,"[310, 301, 102, 91]"
328,140,truck,162,303,"[96, 230, 133, 146]"
328,141,car,137,394,"[81, 343, 112, 102]"
328,18,car,884,251,"[840, 217, 88, 69]"
328,137,car,779,99,"[754, 79, 51, 40]"
328,172,car,412,451,"[346, 401, 133, 101]"
328,187,car,443,553,"[354, 489, 179, 128]"
328,208,car,650,58,"[630, 42, 41, 33]"
328,147,car,887,87,"[857, 51, 60, 72]"
328,218,car,843,72,"[825, 51, 37, 42]"
328,224,car,283,674,"[101, 635, 365, 79]"
328,225,truck,12,312,"[2, 246, 20, 132]"
328,227,car,779,41,"[761, 22, 36, 38]"
328,233,bus,448,85,"[399, 36, 98, 98]"
328,197,car,723,57,"[693, 32, 60, 51]"
328,236,car,1039,36,"[1014, 20, 50, 32]"
328,17,truck,347,77,"[295, 16, 105, 123]"
328,205,truck,968,76,"[937, 41, 63, 70]"
329,2,car,365,138,"[336, 108, 58, 61]"
329,15,car,1034,342,"[975, 300, 118, 85]"
329,32,car,410,180,"[377, 154, 66, 52]"
329,16,car,974,210,"[937, 180, 74, 61]"
329,79,car,817,164,"[783, 134, 68, 60]"
329,116,car,346,288,"[304, 253, 85, 71]"
329,10,truck,449,84,"[400, 35, 98, 98]"
329,139,car,359,344,"[309, 300, 101, 89]"
329,140,truck,164,301,"[96, 226, 136, 150]"
329,141,car,137,393,"[81, 342, 112, 102]"
329,18,car,885,253,"[841, 219, 88, 68]"
329,137,car,778,99,"[753, 79, 51, 41]"
329,172,car,411,449,"[344, 398, 134, 102]"
329,187,car,440,550,"[352, 486, 177, 128]"
329,208,car,651,57,"[631, 41, 40, 33]"
329,147,car,886,86,"[856, 49, 61, 74]"
329,218,car,842,72,"[824, 51, 37, 42]"
329,224,car,281,674,"[94, 632, 374, 84]"
329,225,truck,12,312,"[1, 246, 22, 133]"
329,233,bus,449,85,"[400, 36, 98, 98]"
329,197,car,723,57,"[694, 32, 59, 51]"
329,236,car,1037,35,"[1012, 19, 51, 33]"
329,17,truck,348,77,"[296, 16, 104, 123]"
329,205,truck,968,76,"[936, 42, 64, 69]"
329,238,bus,347,78,"[295, 17, 105, 122]"
330,2,car,365,138,"[337, 108, 56, 60]"
330,15,car,1037,344,"[978, 301, 119, 86]"
330,32,car,410,179,"[377, 153, 66, 52]"
330,16,car,975,211,"[938, 180, 75, 62]"
330,79,car,817,165,"[783, 135, 68, 61]"
330,116,car,345,289,"[302, 252, 87, 74]"
330,10,truck,449,83,"[400, 34, 99, 99]"
330,139,car,358,342,"[308, 298, 101, 89]"
330,140,truck,165,300,"[97, 225, 136, 151]"
330,141,car,136,391,"[80, 339, 113, 104]"
330,18,car,886,254,"[842, 220, 89, 68]"
330,137,car,778,99,"[752, 78, 52, 43]"
330,172,car,409,446,"[342, 394, 135, 105]"
330,187,car,438,547,"[350, 483, 176, 128]"
330,208,car,652,58,"[631, 41, 42, 34]"
330,147,car,886,86,"[856, 49, 61, 75]"
330,218,car,840,72,"[822, 52, 37, 41]"
330,224,car,279,672,"[89, 627, 381, 90]"
330,225,truck,12,310,"[1, 244, 22, 133]"
330,197,car,725,57,"[695, 31, 61, 53]"
330,17,truck,349,77,"[297, 16, 104, 123]"
330,205,truck,968,77,"[936, 43, 64, 68]"
330,238,bus,348,78,"[296, 17, 105, 122]"
331,2,car,366,137,"[338, 108, 56, 59]"
331,15,car,1041,346,"[981, 303, 120, 86]"
331,32,car,411,178,"[378, 152, 66, 52]"
331,16,car,976,212,"[938, 181, 76, 62]"
331,79,car,816,166,"[783, 136, 67, 60]"
331,116,car,346,288,"[302, 251, 88, 75]"
331,10,truck,451,83,"[402, 34, 98, 98]"
331,139,car,358,340,"[307, 296, 102, 89]"
331,140,truck,166,299,"[97, 223, 138, 152]"
331,141,car,136,389,"[80, 337, 113, 104]"
331,18,car,888,255,"[844, 221, 88, 68]"
331,137,car,777,100,"[753, 80, 49, 41]"
331,172,car,409,444,"[342, 392, 135, 105]"
331,187,car,433,543,"[347, 480, 173, 127]"
331,147,car,886,86,"[855, 48, 62, 76]"
331,218,car,840,73,"[821, 52, 38, 42]"
331,224,car,275,669,"[86, 623, 379, 93]"
331,225,truck,12,309,"[1, 242, 22, 135]"
331,17,truck,350,77,"[298, 15, 105, 124]"
331,205,truck,967,77,"[935, 43, 65, 68]"
332,2,car,367,137,"[339, 108, 56, 58]"
332,15,car,1045,348,"[984, 305, 122, 86]"
332,32,car,412,177,"[380, 152, 64, 51]"
332,16,car,976,212,"[939, 182, 75, 61]"
332,79,car,816,166,"[783, 136, 67, 61]"
332,116,car,346,287,"[302, 250, 88, 75]"
332,10,truck,451,82,"[402, 33, 99, 99]"
332,139,car,357,339,"[306, 294, 102, 90]"
332,140,truck,167,297,"[98, 221, 139, 153]"
332,141,car,136,387,"[80, 336, 113, 103]"
332,18,car,890,256,"[846, 222, 88, 68]"
332,137,car,776,100,"[752, 79, 49, 42]"
332,172,car,407,441,"[342, 391, 131, 101]"
332,187,car,430,540,"[345, 478, 171, 125]"
332,147,car,886,86,"[855, 49, 62, 75]"
332,218,car,839,73,"[819, 52, 40, 43]"
332,224,car,273,666,"[86, 619, 374, 95]"
332,225,truck,12,307,"[1, 240, 22, 135]"
332,17,truck,351,77,"[299, 15, 105, 124]"
332,205,truck,967,77,"[935, 44, 64, 67]"
332,208,car,655,58,"[633, 40, 44, 36]"
332,197,car,728,58,"[697, 31, 62, 55]"
333,2,car,368,136,"[340, 107, 57, 59]"
333,15,car,1049,349,"[988, 306, 122, 87]"
333,32,car,413,176,"[381, 151, 65, 51]"
333,16,car,977,214,"[940, 184, 75, 60]"
333,79,car,817,167,"[784, 137, 67, 61]"
333,116,car,346,286,"[303, 249, 86, 74]"
333,10,truck,453,83,"[403, 34, 100, 99]"
333,139,car,355,338,"[305, 293, 101, 90]"
333,140,truck,169,297,"[100, 222, 138, 150]"
333,141,car,137,386,"[81, 335, 112, 103]"
333,18,car,891,258,"[846, 223, 90, 70]"
333,137,car,776,101,"[752, 80, 48, 42]"
333,172,car,406,438,"[342, 388, 129, 100]"
333,187,car,427,536,"[343, 474, 169, 125]"
333,147,car,885,87,"[855, 49, 61, 76]"
333,218,car,838,74,"[818, 53, 40, 42]"
333,224,car,271,664,"[83, 615, 377, 99]"
333,225,truck,12,306,"[1, 239, 22, 135]"
333,17,truck,352,76,"[300, 15, 105, 123]"
333,205,truck,967,78,"[934, 44, 66, 68]"
333,208,car,657,58,"[635, 40, 44, 37]"
333,197,car,729,59,"[698, 32, 62, 55]"
334,2,car,369,136,"[341, 107, 57, 59]"
334,15,car,1052,352,"[991, 308, 123, 88]"
334,32,car,415,175,"[383, 150, 64, 51]"
334,16,car,978,214,"[941, 184, 75, 61]"
334,79,car,818,168,"[784, 138, 68, 61]"
334,10,truck,455,83,"[406, 34, 99, 98]"
334,139,car,355,337,"[305, 292, 100, 90]"
334,140,truck,168,296,"[101, 223, 135, 147]"
334,141,car,137,385,"[82, 334, 111, 103]"
334,18,car,893,259,"[848, 224, 91, 70]"
334,137,car,775,102,"[752, 81, 47, 42]"
334,172,car,405,436,"[342, 387, 127, 99]"
334,187,car,426,534,"[342, 472, 168, 124]"
334,147,car,885,88,"[855, 50, 61, 76]"
334,218,car,837,74,"[817, 53, 40, 42]"
334,224,car,269,663,"[80, 611, 378, 104]"
334,225,truck,12,306,"[1, 239, 23, 134]"
334,17,truck,353,76,"[301, 15, 105, 123]"
334,205,truck,966,78,"[934, 45, 65, 67]"
334,227,car,788,40,"[769, 21, 38, 39]"
335,2,car,371,137,"[343, 108, 56, 58]"
335,15,car,1057,354,"[996, 311, 122, 87]"
335,32,car,415,175,"[384, 150, 63, 50]"
335,16,car,980,215,"[942, 184, 76, 62]"
335,79,car,818,168,"[785, 138, 67, 61]"
335,10,truck,457,83,"[408, 34, 98, 99]"
335,139,car,354,335,"[304, 291, 100, 89]"
335,140,truck,168,295,"[101, 222, 134, 146]"
335,141,car,138,384,"[83, 333, 110, 102]"
335,18,car,894,260,"[848, 224, 93, 72]"
335,137,car,775,104,"[753, 84, 45, 40]"
335,172,car,404,436,"[342, 387, 125, 98]"
335,187,car,423,530,"[341, 469, 165, 123]"
335,147,car,885,88,"[854, 49, 62, 78]"
335,218,car,836,73,"[816, 52, 41, 43]"
335,224,car,267,662,"[79, 607, 377, 110]"
335,225,truck,12,305,"[1, 239, 23, 133]"
335,17,truck,354,76,"[302, 15, 105, 122]"
335,205,truck,966,79,"[933, 45, 66, 68]"
335,247,car,1037,39,"[1019, 24, 36, 31]"
335,227,car,791,41,"[772, 21, 39, 41]"
336,2,car,372,136,"[344, 107, 57, 59]"
336,15,car,1059,357,"[998, 313, 122, 88]"
336,32,car,417,175,"[386, 150, 62, 50]"
336,16,car,982,216,"[944, 185, 76, 62]"
336,79,car,819,169,"[786, 139, 67, 61]"
336,10,bus,459,82,"[411, 34, 96, 97]"
336,139,car,354,333,"[305, 290, 98, 87]"
336,140,truck,166,296,"[102, 227, 129, 139]"
336,141,car,139,382,"[84, 332, 110, 101]"
336,18,car,896,261,"[850, 225, 93, 73]"
336,137,car,775,105,"[753, 85, 44, 40]"
336,172,car,403,434,"[341, 386, 125, 97]"
336,187,car,422,527,"[340, 466, 164, 122]"
336,147,car,885,88,"[854, 49, 62, 78]"
336,218,car,836,73,"[815, 51, 42, 44]"
336,224,car,265,661,"[77, 604, 377, 114]"
336,225,truck,14,304,"[2, 239, 24, 131]"
336,17,bus,356,76,"[304, 15, 104, 122]"
336,205,truck,966,79,"[933, 45, 67, 68]"
336,247,car,1036,39,"[1018, 23, 37, 32]"
336,227,car,794,40,"[775, 21, 38, 39]"
336,248,truck,355,74,"[303, 14, 104, 121]"
336,116,car,347,274,"[315, 247, 65, 54]"
337,2,car,373,136,"[344, 106, 58, 60]"
337,15,car,1061,358,"[1001, 314, 121, 88]"
337,32,car,419,174,"[388, 149, 62, 50]"
337,16,car,983,216,"[945, 185, 77, 62]"
337,79,car,820,170,"[786, 140, 68, 60]"
337,10,bus,460,82,"[412, 34, 96, 97]"
337,139,car,353,332,"[305, 289, 97, 86]"
337,140,truck,165,298,"[103, 231, 124, 134]"
337,141,car,139,381,"[85, 331, 108, 100]"
337,18,car,898,263,"[851, 226, 94, 74]"
337,137,car,775,105,"[753, 85, 44, 40]"
337,172,car,403,432,"[340, 383, 126, 98]"
337,187,car,419,524,"[338, 464, 162, 121]"
337,147,car,885,88,"[854, 48, 62, 80]"
337,218,car,835,74,"[814, 52, 43, 44]"
337,224,car,264,659,"[78, 600, 372, 118]"
337,225,truck,14,303,"[2, 238, 24, 131]"
337,17,bus,357,75,"[305, 15, 104, 121]"
337,205,truck,966,79,"[933, 45, 67, 68]"
337,247,car,1036,39,"[1018, 24, 36, 31]"
337,227,car,796,41,"[775, 20, 43, 43]"
337,248,truck,355,74,"[303, 14, 104, 121]"
338,2,car,374,136,"[346, 106, 56, 60]"
338,15,car,1063,361,"[1003, 317, 121, 88]"
338,32,car,420,173,"[389, 148, 63, 50]"
338,16,car,984,217,"[946, 186, 77, 63]"
338,79,car,820,171,"[786, 141, 69, 60]"
338,10,bus,461,82,"[413, 34, 96, 97]"
338,139,car,352,330,"[303, 287, 99, 87]"
338,140,truck,165,297,"[104, 231, 123, 132]"
338,141,car,139,379,"[85, 330, 108, 99]"
338,18,car,900,264,"[853, 228, 94, 73]"
338,137,car,775,105,"[752, 84, 46, 42]"
338,172,car,401,430,"[338, 381, 126, 98]"
338,187,car,417,522,"[337, 462, 160, 120]"
338,147,car,884,88,"[853, 48, 63, 80]"
338,218,car,835,74,"[813, 52, 44, 45]"
338,224,car,262,657,"[79, 597, 366, 121]"
338,225,truck,15,303,"[3, 239, 24, 129]"
338,17,bus,358,75,"[307, 15, 103, 120]"
338,205,truck,967,79,"[933, 44, 68, 70]"
338,247,car,1035,40,"[1018, 25, 35, 30]"
338,227,car,799,41,"[777, 19, 44, 45]"
338,248,truck,356,73,"[304, 13, 104, 121]"
338,116,car,349,268,"[319, 244, 61, 48]"
339,2,car,375,134,"[346, 104, 58, 61]"
339,15,car,1065,363,"[1006, 319, 119, 88]"
339,32,car,422,173,"[391, 148, 62, 50]"
339,16,car,985,219,"[946, 188, 79, 63]"
339,79,car,821,172,"[786, 142, 70, 61]"
339,10,bus,462,82,"[414, 34, 96, 97]"
339,139,car,352,328,"[302, 284, 100, 89]"
339,140,truck,165,296,"[104, 230, 123, 132]"
339,141,car,139,378,"[86, 329, 107, 98]"
339,18,car,902,265,"[856, 229, 93, 73]"
339,137,car,771,105,"[747, 83, 48, 44]"
339,172,car,399,427,"[338, 380, 123, 95]"
339,187,car,415,519,"[335, 459, 160, 120]"
339,147,car,884,88,"[853, 49, 62, 79]"
339,218,car,834,74,"[812, 51, 45, 47]"
339,224,car,261,655,"[82, 593, 358, 124]"
339,225,truck,15,302,"[2, 237, 26, 131]"
339,17,truck,359,74,"[308, 14, 103, 120]"
339,205,truck,966,80,"[932, 45, 68, 70]"
339,247,car,1034,41,"[1017, 27, 34, 29]"
339,227,car,800,41,"[779, 20, 43, 42]"
339,248,bus,359,73,"[308, 14, 102, 119]"
339,116,car,350,267,"[318, 243, 64, 49]"
340,2,car,376,134,"[347, 104, 58, 61]"
340,15,car,1076,364,"[1015, 320, 122, 89]"
340,32,car,422,172,"[391, 147, 63, 50]"
340,16,car,987,220,"[949, 189, 77, 63]"
340,79,car,820,173,"[785, 142, 71, 63]"
340,10,truck,463,82,"[415, 34, 96, 97]"
340,139,car,352,327,"[302, 283, 100, 88]"
340,140,truck,166,295,"[106, 230, 121, 131]"
340,141,car,140,376,"[87, 328, 106, 97]"
340,18,car,904,267,"[859, 232, 91, 71]"
340,137,car,765,105,"[741, 83, 49, 44]"
340,172,car,398,425,"[338, 379, 121, 93]"
340,187,car,413,516,"[334, 457, 158, 119]"
340,147,car,884,89,"[854, 50, 61, 79]"
340,218,car,832,76,"[811, 54, 43, 44]"
340,224,car,258,653,"[83, 590, 350, 127]"
340,225,truck,16,301,"[3, 237, 26, 129]"
340,17,truck,361,74,"[310, 14, 103, 120]"
340,205,truck,966,80,"[932, 46, 68, 69]"
340,247,car,1032,42,"[1016, 28, 33, 28]"
340,227,car,802,40,"[781, 20, 42, 40]"
340,248,bus,361,74,"[310, 15, 102, 118]"
340,116,car,350,265,"[319, 242, 62, 47]"
341,2,car,378,135,"[350, 106, 56, 58]"
341,15,car,1082,366,"[1020, 321, 125, 91]"
341,32,car,424,172,"[392, 147, 64, 50]"
341,16,car,989,221,"[950, 190, 78, 63]"
341,79,car,820,174,"[785, 143, 71, 63]"
341,10,truck,465,82,"[417, 34, 96, 97]"
341,139,car,352,326,"[303, 283, 98, 86]"
341,140,truck,165,294,"[105, 230, 120, 129]"
341,141,car,141,375,"[88, 327, 106, 97]"
341,18,car,906,269,"[861, 234, 91, 70]"
341,137,car,762,104,"[737, 82, 51, 45]"
341,172,car,396,422,"[334, 374, 125, 97]"
341,187,car,410,514,"[332, 455, 156, 118]"
341,147,car,884,89,"[853, 50, 62, 79]"
341,218,car,831,78,"[811, 57, 41, 42]"
341,224,car,255,651,"[82, 586, 346, 131]"
341,225,truck,16,301,"[3, 237, 26, 129]"
341,17,truck,362,73,"[311, 13, 102, 120]"
341,205,truck,965,80,"[932, 46, 67, 69]"
341,247,car,1032,43,"[1016, 29, 32, 28]"
341,248,bus,362,73,"[311, 14, 102, 119]"
341,116,car,350,263,"[320, 241, 60, 44]"
341,253,car,206,240,"[165, 212, 83, 57]"
341,255,bus,466,82,"[418, 34, 96, 96]"
342,2,car,379,134,"[352, 106, 54, 57]"
342,15,car,1088,368,"[1025, 322, 127, 92]"
342,32,car,424,172,"[393, 147, 63, 50]"
342,16,car,991,222,"[952, 191, 78, 63]"
342,79,car,820,175,"[785, 144, 71, 63]"
342,10,truck,466,81,"[418, 33, 97, 97]"
342,139,car,351,325,"[303, 282, 97, 86]"
342,140,truck,164,293,"[104, 229, 121, 129]"
342,141,car,141,374,"[88, 326, 106, 96]"
342,18,car,908,270,"[863, 235, 91, 70]"
342,137,car,763,104,"[739, 82, 49, 44]"
342,172,car,396,419,"[334, 371, 124, 96]"
342,187,car,408,511,"[330, 452, 156, 118]"
342,147,car,884,89,"[853, 49, 62, 80]"
342,218,car,831,78,"[810, 58, 42, 41]"
342,224,car,254,650,"[84, 583, 340, 134]"
342,225,truck,16,300,"[3, 236, 27, 128]"
342,17,truck,363,73,"[312, 13, 103, 121]"
342,205,truck,965,80,"[932, 46, 67, 69]"
342,247,car,1031,43,"[1015, 30, 32, 27]"
342,253,car,207,240,"[165, 211, 84, 58]"
342,208,car,674,54,"[654, 37, 41, 34]"
342,227,car,806,38,"[786, 19, 41, 39]"
343,2,car,380,133,"[352, 104, 56, 58]"
343,15,car,1092,370,"[1028, 324, 129, 93]"
343,32,car,426,171,"[395, 147, 62, 49]"
343,16,car,991,223,"[952, 192, 79, 63]"
343,79,car,820,176,"[785, 145, 71, 62]"
343,10,truck,467,81,"[419, 33, 97, 97]"
343,139,car,351,323,"[302, 280, 98, 87]"
343,140,truck,164,293,"[104, 229, 120, 129]"
343,141,car,140,372,"[87, 324, 107, 96]"
343,18,car,910,271,"[864, 236, 92, 70]"
343,137,car,766,104,"[742, 83, 48, 43]"
343,172,car,395,417,"[333, 369, 124, 96]"
343,187,car,405,509,"[328, 450, 155, 118]"
343,147,car,884,89,"[853, 49, 62, 80]"
343,218,car,830,79,"[810, 59, 41, 40]"
343,224,car,252,648,"[86, 580, 333, 137]"
343,225,truck,16,298,"[3, 234, 27, 128]"
343,17,truck,365,73,"[314, 13, 102, 120]"
343,205,bus,964,80,"[931, 46, 67, 69]"
343,247,car,1029,43,"[1013, 29, 33, 28]"
343,253,car,208,239,"[166, 210, 84, 58]"
343,208,car,678,54,"[658, 37, 40, 34]"
343,227,car,808,39,"[789, 19, 39, 40]"
343,116,car,351,259,"[322, 239, 58, 41]"
344,2,car,381,132,"[353, 103, 56, 59]"
344,15,car,1097,372,"[1033, 326, 129, 93]"
344,32,car,427,171,"[396, 147, 62, 48]"
344,16,car,992,224,"[953, 192, 79, 64]"
344,79,car,821,176,"[786, 145, 71, 63]"
344,10,truck,467,81,"[419, 32, 97, 98]"
344,139,car,350,321,"[302, 279, 97, 85]"
344,140,truck,164,292,"[105, 228, 119, 128]"
344,141,car,140,371,"[87, 323, 107, 96]"
344,18,car,912,271,"[866, 236, 93, 71]"
344,137,car,765,105,"[742, 84, 47, 43]"
344,172,car,394,415,"[331, 366, 126, 98]"
344,187,car,402,505,"[326, 447, 153, 116]"
344,218,car,830,80,"[810, 61, 40, 39]"
344,224,car,249,647,"[86, 577, 326, 140]"
344,225,truck,17,297,"[3, 233, 28, 128]"
344,17,truck,366,72,"[315, 13, 103, 119]"
344,205,truck,964,80,"[931, 46, 67, 69]"
344,247,car,1029,43,"[1012, 29, 34, 29]"
344,253,car,209,238,"[169, 210, 81, 56]"
344,208,car,679,54,"[660, 37, 39, 34]"
344,227,car,810,39,"[791, 20, 39, 38]"
344,258,bus,366,73,"[315, 14, 103, 118]"
345,2,car,381,132,"[353, 102, 57, 60]"
345,15,car,1101,375,"[1036, 328, 131, 95]"
345,32,car,428,171,"[398, 147, 61, 48]"
345,16,car,994,225,"[954, 193, 80, 64]"
345,79,car,821,176,"[786, 145, 71, 63]"
345,10,truck,468,81,"[420, 32, 97, 98]"
345,139,car,349,319,"[301, 277, 96, 85]"
345,140,truck,164,290,"[105, 228, 118, 125]"
345,141,car,140,369,"[87, 321, 107, 97]"
345,18,car,914,272,"[868, 237, 92, 71]"
345,137,car,766,106,"[743, 85, 46, 43]"
345,172,car,393,413,"[330, 364, 126, 99]"
345,187,car,401,502,"[325, 444, 152, 117]"
345,218,car,829,81,"[809, 62, 40, 38]"
345,224,car,247,645,"[88, 574, 318, 142]"
345,225,truck,17,295,"[3, 231, 29, 129]"
345,17,truck,368,73,"[317, 14, 102, 119]"
345,253,car,210,237,"[170, 209, 81, 56]"
345,208,car,680,54,"[661, 37, 38, 34]"
345,227,car,812,38,"[793, 19, 38, 38]"
345,147,car,884,99,"[860, 68, 49, 62]"
345,116,car,350,258,"[320, 237, 61, 42]"
346,2,car,383,132,"[355, 103, 56, 59]"
346,15,car,1107,378,"[1041, 330, 132, 96]"
346,32,car,429,170,"[398, 146, 62, 48]"
346,16,car,995,225,"[956, 193, 79, 65]"
346,79,car,822,177,"[786, 145, 72, 64]"
346,10,truck,469,81,"[421, 32, 97, 98]"
346,139,car,348,317,"[301, 275, 95, 85]"
346,140,truck,164,288,"[106, 227, 116, 123]"
346,141,car,141,368,"[88, 321, 106, 95]"
346,18,car,916,274,"[869, 239, 94, 71]"
346,137,car,768,107,"[747, 86, 43, 42]"
346,172,car,391,412,"[330, 365, 122, 95]"
346,187,car,399,499,"[323, 441, 152, 117]"
346,218,car,828,82,"[808, 63, 41, 38]"
346,224,car,244,642,"[88, 570, 313, 145]"
346,225,truck,18,294,"[3, 230, 30, 129]"
346,17,truck,369,72,"[318, 13, 103, 119]"
346,253,car,212,236,"[172, 209, 80, 55]"
346,208,car,681,54,"[662, 37, 38, 34]"
346,147,car,884,102,"[861, 74, 46, 56]"
346,205,bus,963,81,"[929, 46, 69, 70]"
346,247,car,1027,43,"[1010, 29, 34, 29]"
347,2,car,384,132,"[357, 104, 54, 57]"
347,15,car,1111,380,"[1045, 333, 132, 95]"
347,32,car,430,169,"[399, 145, 62, 49]"
347,16,car,997,226,"[957, 194, 80, 64]"
347,79,car,822,178,"[786, 146, 72, 64]"
347,10,truck,470,80,"[422, 32, 96, 97]"
347,139,car,348,315,"[300, 272, 97, 86]"
347,140,truck,165,287,"[107, 226, 117, 123]"
347,141,car,141,367,"[89, 320, 105, 95]"
347,18,car,917,275,"[870, 239, 95, 73]"
347,137,car,769,108,"[749, 88, 41, 40]"
347,172,car,390,412,"[330, 365, 120, 94]"
347,187,car,397,497,"[322, 439, 150, 116]"
347,218,car,827,83,"[806, 64, 42, 38]"
347,224,car,242,640,"[89, 566, 307, 148]"
347,225,truck,18,293,"[3, 229, 30, 128]"
347,17,truck,370,72,"[319, 13, 103, 119]"
347,253,car,212,236,"[172, 208, 80, 56]"
347,208,car,682,53,"[664, 36, 37, 34]"
347,147,car,884,99,"[858, 67, 52, 64]"
347,262,bus,1076,29,"[1050, 0, 53, 59]"
347,205,bus,964,80,"[929, 44, 70, 73]"
347,247,car,1025,44,"[1009, 30, 32, 28]"
348,2,car,385,133,"[359, 106, 53, 55]"
348,15,car,1115,382,"[1049, 334, 133, 96]"
348,32,car,430,168,"[400, 145, 61, 47]"
348,16,car,998,227,"[958, 194, 80, 66]"
348,79,car,822,179,"[786, 147, 72, 64]"
348,10,bus,472,80,"[424, 31, 96, 98]"
348,139,car,348,313,"[299, 270, 98, 87]"
348,140,truck,166,287,"[107, 225, 119, 124]"
348,141,car,141,366,"[89, 319, 105, 95]"
348,18,car,920,277,"[872, 240, 96, 74]"
348,137,car,767,109,"[746, 89, 42, 41]"
348,172,car,390,410,"[331, 364, 118, 92]"
348,187,car,395,494,"[321, 437, 148, 115]"
348,218,car,826,83,"[805, 64, 42, 38]"
348,224,car,240,637,"[88, 561, 304, 153]"
348,225,truck,18,292,"[3, 229, 31, 127]"
348,17,bus,371,72,"[320, 13, 103, 119]"
348,253,car,212,235,"[172, 208, 81, 55]"
348,208,car,684,53,"[666, 36, 36, 34]"
348,147,car,884,97,"[857, 64, 55, 67]"
348,205,bus,964,81,"[929, 45, 70, 72]"
348,247,car,1024,44,"[1008, 30, 33, 28]"
348,263,truck,371,72,"[319, 13, 104, 119]"
348,227,car,816,39,"[796, 19, 41, 41]"
349,2,car,386,132,"[359, 104, 54, 56]"
349,15,car,1121,384,"[1054, 336, 134, 97]"
349,32,car,431,168,"[401, 144, 61, 48]"
349,16,car,999,228,"[959, 195, 81, 66]"
349,79,car,822,180,"[786, 148, 72, 64]"
349,10,bus,472,79,"[425, 31, 95, 97]"
349,139,car,348,311,"[299, 268, 98, 87]"
349,140,truck,167,286,"[108, 224, 118, 124]"
349,141,car,142,365,"[89, 318, 106, 95]"
349,18,car,922,278,"[873, 240, 99, 76]"
349,137,car,760,111,"[739, 92, 42, 39]"
349,172,car,388,408,"[331, 363, 115, 90]"
349,187,car,393,492,"[320, 435, 147, 114]"
349,218,car,825,84,"[804, 65, 43, 38]"
349,224,car,238,636,"[88, 558, 301, 157]"
349,225,truck,18,291,"[3, 228, 31, 126]"
349,17,bus,373,72,"[322, 13, 102, 118]"
349,253,car,214,235,"[174, 208, 80, 55]"
349,208,car,685,53,"[667, 36, 36, 34]"
349,147,car,885,97,"[857, 63, 57, 68]"
349,205,bus,964,81,"[929, 45, 70, 72]"
349,247,car,1024,44,"[1007, 30, 34, 29]"
349,263,truck,372,72,"[321, 13, 102, 118]"
349,227,car,818,39,"[797, 18, 42, 42]"
350,2,car,387,131,"[360, 102, 55, 58]"
350,15,car,1126,387,"[1059, 339, 134, 97]"
350,32,car,432,167,"[402, 144, 61, 47]"
350,16,car,1001,229,"[961, 196, 80, 66]"
350,79,car,822,181,"[786, 149, 73, 64]"
350,10,bus,474,80,"[426, 31, 96, 98]"
350,139,car,348,311,"[299, 268, 98, 86]"
350,140,truck,167,286,"[108, 224, 119, 124]"
350,141,car,142,364,"[89, 316, 106, 96]"
350,18,car,924,279,"[875, 241, 99, 76]"
350,137,car,755,113,"[734, 93, 43, 40]"
350,172,car,388,406,"[331, 362, 114, 88]"
350,187,car,391,489,"[319, 433, 145, 113]"
350,218,car,824,84,"[803, 65, 43, 38]"
350,224,car,237,634,"[90, 555, 295, 159]"
350,225,truck,19,290,"[3, 227, 32, 127]"
350,253,car,215,235,"[175, 207, 80, 56]"
350,208,car,686,52,"[668, 36, 36, 33]"
350,147,car,885,97,"[857, 63, 57, 69]"
350,205,bus,963,81,"[928, 45, 71, 73]"
350,247,car,1024,45,"[1006, 30, 36, 30]"
350,227,car,819,38,"[798, 18, 42, 41]"
351,2,car,388,130,"[360, 101, 56, 59]"
351,15,car,1131,390,"[1064, 341, 135, 98]"
351,32,car,432,168,"[402, 144, 61, 48]"
351,16,car,1002,231,"[962, 199, 80, 64]"
351,79,car,822,181,"[786, 149, 73, 65]"
351,10,bus,474,79,"[427, 31, 95, 97]"
351,139,car,347,310,"[299, 267, 96, 86]"
351,140,truck,168,285,"[109, 223, 118, 124]"
351,141,car,142,363,"[89, 315, 107, 96]"
351,18,car,927,280,"[878, 242, 99, 77]"
351,137,car,754,113,"[732, 93, 44, 40]"
351,172,car,387,404,"[330, 359, 115, 90]"
351,187,car,388,487,"[316, 431, 145, 112]"
351,218,car,824,84,"[802, 64, 44, 40]"
351,224,car,238,632,"[94, 552, 288, 160]"
351,225,truck,20,289,"[4, 226, 32, 127]"
351,253,car,216,234,"[175, 206, 82, 57]"
351,208,car,688,52,"[670, 35, 36, 34]"
351,147,car,885,99,"[857, 66, 57, 67]"
351,205,bus,963,82,"[929, 46, 69, 72]"
351,267,car,741,113,"[727, 94, 29, 39]"
351,17,truck,374,71,"[324, 13, 101, 117]"
352,2,car,389,129,"[361, 100, 56, 59]"
352,15,car,1137,392,"[1069, 343, 136, 98]"
352,32,car,433,167,"[403, 143, 61, 49]"
352,16,car,1003,232,"[963, 200, 80, 64]"
352,79,car,822,182,"[786, 150, 73, 64]"
352,10,truck,475,79,"[428, 30, 95, 98]"
352,139,car,346,309,"[299, 267, 95, 84]"
352,140,truck,169,284,"[110, 223, 118, 123]"
352,141,car,143,361,"[91, 314, 105, 94]"
352,18,car,930,282,"[881, 244, 98, 76]"
352,137,car,754,113,"[731, 93, 46, 41]"
352,172,car,387,402,"[328, 357, 118, 91]"
352,187,car,387,484,"[315, 428, 144, 112]"
352,218,car,823,84,"[801, 64, 44, 40]"
352,224,car,237,629,"[97, 550, 281, 159]"
352,225,truck,21,289,"[4, 226, 34, 126]"
352,253,car,217,234,"[176, 206, 82, 56]"
352,208,car,689,52,"[670, 35, 38, 35]"
352,205,truck,963,82,"[929, 47, 69, 71]"
352,17,truck,375,71,"[325, 13, 101, 116]"
353,2,car,390,129,"[362, 100, 56, 59]"
353,15,car,1142,394,"[1074, 345, 137, 99]"
353,32,car,434,166,"[403, 142, 62, 49]"
353,16,car,1004,232,"[964, 200, 81, 65]"
353,79,car,822,183,"[786, 151, 73, 64]"
353,139,car,345,308,"[298, 266, 95, 84]"
353,140,truck,169,284,"[110, 222, 119, 124]"
353,141,car,143,360,"[91, 313, 105, 94]"
353,18,car,931,283,"[882, 246, 98, 75]"
353,137,car,753,113,"[730, 93, 47, 41]"
353,172,car,385,401,"[328, 356, 115, 90]"
353,187,car,385,482,"[314, 426, 143, 112]"
353,218,car,822,84,"[800, 64, 45, 40]"
353,224,car,237,625,"[103, 547, 268, 157]"
353,225,truck,21,288,"[4, 225, 35, 127]"
353,253,car,218,233,"[178, 205, 80, 56]"
353,208,car,690,52,"[672, 35, 37, 34]"
353,17,truck,377,70,"[327, 12, 100, 116]"
353,116,car,356,262,"[310, 229, 92, 67]"
354,2,car,392,128,"[365, 99, 55, 59]"
354,15,car,1147,396,"[1078, 347, 138, 99]"
354,32,car,435,165,"[405, 141, 61, 49]"
354,16,car,1006,233,"[966, 201, 81, 64]"
354,79,car,822,183,"[787, 152, 71, 63]"
354,139,car,346,307,"[299, 265, 94, 84]"
354,140,truck,170,282,"[110, 220, 120, 125]"
354,141,car,144,358,"[91, 310, 106, 96]"
354,18,car,933,285,"[884, 248, 98, 75]"
354,137,car,752,113,"[728, 93, 49, 41]"
354,172,car,384,400,"[326, 355, 116, 90]"
354,187,car,384,479,"[313, 424, 142, 111]"
354,218,car,821,83,"[799, 63, 45, 41]"
354,224,car,233,622,"[103, 544, 260, 156]"
354,225,truck,22,287,"[4, 223, 36, 129]"
354,253,car,219,232,"[179, 204, 81, 56]"
354,208,car,691,52,"[672, 35, 38, 34]"
354,17,truck,378,69,"[328, 12, 100, 115]"
354,273,car,642,79,"[620, 64, 45, 31]"
354,116,car,356,262,"[310, 228, 93, 69]"
354,227,car,827,38,"[806, 17, 42, 42]"
354,147,car,885,101,"[858, 69, 55, 65]"
355,2,car,394,128,"[367, 99, 55, 58]"
355,15,car,1151,398,"[1083, 349, 137, 99]"
355,32,car,436,165,"[406, 141, 61, 49]"
355,16,car,1008,235,"[968, 203, 81, 64]"
355,79,car,822,184,"[787, 153, 71, 63]"
355,139,car,345,305,"[298, 264, 94, 83]"
355,140,truck,168,281,"[108, 218, 121, 126]"
355,141,car,145,356,"[92, 308, 106, 96]"
355,18,car,936,287,"[887, 250, 99, 75]"
355,137,car,751,114,"[727, 93, 49, 42]"
355,172,car,383,398,"[326, 353, 115, 90]"
355,187,car,381,477,"[311, 422, 141, 111]"
355,218,car,820,83,"[798, 63, 45, 41]"
355,224,car,230,619,"[103, 541, 254, 156]"
355,225,truck,22,286,"[4, 222, 37, 129]"
355,208,car,691,51,"[673, 35, 37, 33]"
355,17,truck,379,69,"[329, 12, 100, 114]"
355,273,car,643,79,"[620, 64, 46, 31]"
355,116,car,356,262,"[310, 227, 92, 71]"
355,227,car,830,38,"[808, 17, 45, 42]"
355,147,car,885,102,"[857, 69, 56, 66]"
355,267,car,738,115,"[723, 95, 30, 40]"
355,205,truck,962,84,"[928, 49, 68, 70]"
356,2,car,396,128,"[369, 100, 54, 57]"
356,15,car,1158,401,"[1089, 352, 138, 99]"
356,32,car,436,164,"[406, 140, 61, 49]"
356,16,car,1009,236,"[968, 203, 83, 66]"
356,79,car,823,184,"[787, 153, 72, 63]"
356,139,car,344,304,"[298, 263, 93, 82]"
356,140,truck,169,280,"[108, 217, 122, 127]"
356,141,car,145,354,"[92, 307, 106, 95]"
356,18,car,938,289,"[889, 251, 99, 76]"
356,137,car,750,114,"[725, 94, 51, 41]"
356,172,car,382,395,"[326, 351, 112, 88]"
356,187,car,379,475,"[309, 420, 141, 110]"
356,218,car,819,84,"[796, 63, 46, 42]"
356,224,car,226,617,"[102, 539, 248, 156]"
356,225,truck,22,285,"[4, 222, 37, 127]"
356,208,car,692,51,"[674, 35, 37, 33]"
356,17,truck,381,69,"[331, 11, 100, 116]"
356,273,car,643,80,"[620, 64, 47, 32]"
356,116,car,356,261,"[312, 227, 89, 69]"
356,227,car,831,37,"[810, 17, 43, 40]"
356,147,car,885,101,"[856, 67, 58, 68]"
356,267,car,737,116,"[722, 96, 31, 40]"
356,205,truck,961,84,"[927, 49, 69, 70]"
356,10,truck,480,76,"[434, 29, 92, 95]"
357,2,car,397,128,"[370, 100, 54, 57]"
357,15,car,1163,404,"[1095, 355, 137, 98]"
357,32,car,437,164,"[407, 140, 60, 49]"
357,16,car,1011,236,"[969, 203, 84, 67]"
357,79,car,823,186,"[787, 154, 73, 64]"
357,139,car,345,302,"[299, 262, 92, 81]"
357,140,truck,169,280,"[109, 217, 121, 127]"
357,141,car,145,353,"[93, 306, 104, 94]"
357,18,car,940,291,"[891, 253, 99, 76]"
357,137,car,749,115,"[723, 94, 53, 42]"
357,172,car,382,393,"[326, 350, 112, 87]"
357,187,car,378,472,"[308, 418, 140, 109]"
357,218,car,818,85,"[795, 64, 46, 42]"
357,224,car,222,612,"[103, 536, 238, 153]"
357,225,truck,23,284,"[4, 221, 38, 127]"
357,208,car,693,51,"[675, 35, 37, 32]"
357,17,truck,382,69,"[332, 11, 101, 116]"
357,273,car,645,80,"[623, 65, 44, 30]"
357,116,car,357,259,"[315, 226, 84, 66]"
357,227,car,833,37,"[811, 18, 44, 39]"
357,147,car,884,102,"[856, 69, 57, 66]"
357,10,truck,482,76,"[437, 29, 91, 95]"
358,2,car,397,127,"[370, 99, 55, 57]"
358,15,car,1168,406,"[1099, 357, 138, 99]"
358,32,car,438,164,"[408, 140, 60, 48]"
358,16,car,1012,237,"[970, 204, 84, 67]"
358,79,car,824,187,"[788, 155, 72, 64]"
358,139,car,344,301,"[298, 261, 92, 81]"
358,140,truck,170,279,"[110, 217, 120, 125]"
358,141,car,145,352,"[93, 305, 104, 94]"
358,18,car,943,292,"[893, 254, 100, 76]"
358,137,car,748,115,"[721, 94, 54, 43]"
358,172,car,381,392,"[325, 348, 112, 88]"
358,187,car,376,469,"[307, 415, 139, 109]"
358,218,car,817,85,"[794, 64, 46, 42]"
358,224,car,219,608,"[103, 532, 232, 153]"
358,225,truck,23,283,"[3, 220, 40, 127]"
358,208,car,695,50,"[677, 34, 37, 33]"
358,17,truck,384,68,"[333, 10, 102, 117]"
358,273,car,647,80,"[624, 65, 46, 31]"
358,227,car,835,38,"[812, 17, 46, 42]"
358,147,car,884,101,"[855, 68, 58, 67]"
358,10,truck,483,76,"[438, 29, 90, 94]"
358,275,car,774,43,"[755, 25, 38, 36]"
359,2,car,398,127,"[371, 99, 54, 56]"
359,15,car,1174,409,"[1104, 360, 140, 99]"
359,32,car,440,163,"[410, 139, 60, 48]"
359,16,car,1013,238,"[972, 205, 83, 66]"
359,79,car,824,188,"[788, 156, 73, 64]"
359,139,car,344,300,"[298, 259, 92, 82]"
359,140,truck,171,277,"[113, 217, 116, 120]"
359,141,car,145,350,"[94, 304, 103, 93]"
359,18,car,945,293,"[895, 255, 101, 77]"
359,137,car,748,116,"[721, 95, 54, 43]"
359,172,car,380,390,"[324, 346, 112, 88]"
359,187,car,374,467,"[305, 412, 139, 110]"
359,218,car,816,85,"[793, 64, 46, 42]"
359,224,car,218,604,"[104, 528, 228, 153]"
359,225,truck,23,282,"[3, 219, 40, 127]"
359,208,car,697,50,"[678, 34, 38, 33]"
359,17,truck,385,68,"[334, 10, 103, 117]"
359,273,car,649,80,"[626, 65, 46, 31]"
359,227,car,836,38,"[813, 17, 47, 43]"
359,147,car,884,101,"[855, 68, 59, 67]"
359,10,truck,484,76,"[439, 29, 90, 94]"
359,275,car,775,45,"[754, 25, 43, 40]"
359,253,car,226,227,"[187, 200, 78, 55]"
360,2,car,399,127,"[373, 100, 53, 55]"
360,15,car,1179,411,"[1108, 361, 142, 101]"
360,32,car,441,163,"[411, 139, 60, 48]"
360,16,car,1016,239,"[975, 207, 82, 65]"
360,79,car,825,189,"[788, 157, 75, 65]"
360,139,car,344,298,"[298, 258, 92, 81]"
360,140,truck,171,275,"[114, 216, 114, 118]"
360,141,car,145,349,"[95, 304, 101, 91]"
360,18,car,948,295,"[898, 257, 100, 76]"
360,137,car,747,117,"[720, 96, 55, 43]"
360,172,car,378,387,"[321, 342, 115, 90]"
360,187,car,373,464,"[304, 410, 139, 109]"
360,218,car,815,86,"[793, 65, 45, 42]"
360,224,car,219,601,"[108, 525, 222, 153]"
360,225,truck,23,282,"[3, 219, 41, 126]"
360,208,car,699,50,"[680, 34, 38, 33]"
360,17,truck,386,68,"[335, 10, 102, 117]"
360,273,car,650,80,"[628, 65, 45, 31]"
360,227,car,836,38,"[813, 17, 47, 43]"
360,147,car,885,101,"[855, 67, 60, 69]"
360,10,truck,485,75,"[441, 29, 88, 92]"
360,275,car,777,46,"[755, 25, 44, 42]"
360,253,car,227,226,"[188, 199, 79, 55]"
360,116,car,358,253,"[320, 223, 77, 61]"
361,2,car,401,126,"[374, 98, 55, 57]"
361,15,car,1191,414,"[1121, 364, 141, 101]"
361,32,car,442,162,"[413, 139, 59, 47]"
361,16,car,1019,241,"[978, 208, 82, 66]"
361,79,car,826,190,"[789, 158, 74, 65]"
361,139,car,344,297,"[298, 256, 92, 82]"
361,140,truck,172,274,"[114, 214, 116, 120]"
361,141,car,147,348,"[97, 304, 100, 89]"
361,18,car,951,296,"[900, 258, 102, 77]"
361,137,car,747,118,"[719, 96, 56, 44]"
361,172,car,378,385,"[320, 340, 116, 91]"
361,187,car,373,462,"[305, 408, 136, 108]"
361,218,car,815,87,"[792, 66, 46, 42]"
361,224,car,217,597,"[109, 521, 217, 153]"
361,225,truck,24,282,"[4, 219, 41, 126]"
361,17,bus,387,68,"[336, 10, 102, 116]"
361,273,car,651,80,"[630, 66, 42, 29]"
361,227,car,837,37,"[815, 17, 44, 40]"
361,147,car,885,101,"[855, 66, 61, 71]"
361,10,truck,485,75,"[441, 29, 88, 93]"
361,275,car,779,46,"[756, 25, 46, 42]"
361,253,car,227,226,"[188, 199, 79, 54]"
361,276,truck,386,68,"[336, 10, 101, 116]"
361,262,bus,1069,32,"[1040, 0, 59, 65]"
361,205,bus,961,85,"[927, 51, 68, 69]"
362,2,car,402,125,"[375, 97, 55, 57]"
362,15,car,1200,417,"[1131, 367, 138, 100]"
362,32,car,444,162,"[415, 139, 58, 46]"
362,16,car,1021,242,"[979, 209, 84, 67]"
362,79,car,826,191,"[789, 158, 75, 66]"
362,139,car,344,296,"[298, 255, 92, 82]"
362,140,truck,172,274,"[114, 214, 116, 120]"
362,141,car,147,347,"[97, 303, 100, 89]"
362,18,car,954,297,"[902, 258, 104, 79]"
362,137,car,747,118,"[719, 96, 56, 45]"
362,172,car,377,384,"[319, 339, 117, 91]"
362,187,car,371,459,"[304, 406, 135, 107]"
362,218,car,815,87,"[791, 65, 48, 44]"
362,224,car,215,594,"[109, 519, 213, 151]"
362,225,truck,25,281,"[4, 218, 42, 126]"
362,17,bus,388,68,"[338, 10, 101, 116]"
362,273,car,652,79,"[631, 65, 43, 29]"
362,227,car,838,37,"[817, 17, 43, 40]"
362,147,car,886,102,"[856, 68, 60, 69]"
362,10,truck,485,75,"[442, 29, 87, 93]"
362,275,car,780,46,"[757, 25, 46, 43]"
362,253,car,228,225,"[189, 197, 79, 56]"
362,276,truck,388,69,"[337, 10, 102, 118]"
362,262,truck,1070,32,"[1040, 0, 60, 65]"
362,205,truck,960,85,"[926, 51, 68, 69]"
362,208,car,704,50,"[684, 33, 40, 35]"
363,2,car,403,125,"[376, 96, 55, 58]"
363,15,car,1206,420,"[1136, 369, 141, 102]"
363,32,car,445,161,"[416, 138, 59, 46]"
363,16,car,1022,243,"[980, 210, 85, 67]"
363,79,car,827,192,"[790, 159, 75, 66]"
363,139,car,344,295,"[298, 254, 93, 82]"
363,140,truck,172,273,"[114, 213, 117, 120]"
363,141,car,147,346,"[98, 302, 99, 88]"
363,18,car,956,298,"[904, 258, 105, 80]"
363,137,car,746,119,"[719, 97, 55, 44]"
363,172,car,377,382,"[320, 337, 115, 90]"
363,187,car,370,457,"[304, 404, 133, 106]"
363,218,car,814,87,"[790, 65, 48, 44]"
363,224,car,215,591,"[111, 516, 208, 151]"
363,225,truck,25,281,"[4, 219, 43, 124]"
363,17,bus,389,67,"[339, 10, 101, 115]"
363,273,car,653,79,"[631, 64, 44, 31]"
363,227,car,840,36,"[819, 17, 42, 38]"
363,147,car,885,106,"[858, 75, 55, 63]"
363,10,truck,485,75,"[442, 28, 87, 94]"
363,275,car,780,47,"[757, 25, 47, 44]"
363,253,car,230,224,"[190, 197, 80, 55]"
363,276,truck,389,69,"[338, 10, 102, 118]"
363,262,bus,1068,33,"[1038, 0, 61, 66]"
363,205,truck,959,86,"[925, 51, 69, 70]"
363,208,car,706,51,"[685, 33, 42, 37]"
364,2,car,404,125,"[376, 96, 56, 58]"
364,15,car,1209,423,"[1139, 372, 141, 102]"
364,32,car,445,160,"[417, 138, 57, 45]"
364,16,car,1023,244,"[980, 210, 87, 69]"
364,79,car,827,193,"[790, 160, 75, 66]"
364,139,car,344,294,"[298, 253, 93, 82]"
364,140,truck,172,272,"[114, 212, 117, 121]"
364,141,car,148,346,"[99, 302, 99, 88]"
364,18,car,959,299,"[906, 259, 106, 81]"
364,137,car,744,119,"[717, 98, 54, 43]"
364,172,car,377,380,"[321, 336, 113, 89]"
364,187,car,369,455,"[303, 402, 132, 106]"
364,218,car,813,87,"[789, 66, 48, 43]"
364,224,car,213,589,"[112, 514, 203, 150]"
364,225,truck,26,279,"[5, 218, 43, 123]"
364,17,bus,391,67,"[341, 10, 101, 114]"
364,273,car,654,79,"[632, 64, 44, 31]"
364,227,car,841,35,"[821, 17, 40, 37]"
364,10,truck,486,75,"[443, 28, 87, 94]"
364,275,car,781,47,"[757, 25, 48, 45]"
364,253,car,231,223,"[192, 196, 79, 55]"
364,276,truck,391,68,"[340, 9, 102, 118]"
364,262,bus,1067,33,"[1036, 0, 63, 66]"
364,205,truck,959,85,"[925, 50, 69, 71]"
365,2,car,404,124,"[377, 95, 55, 58]"
365,15,car,1210,424,"[1141, 373, 139, 103]"
365,32,car,446,161,"[418, 139, 56, 44]"
365,16,car,1025,245,"[982, 211, 86, 68]"
365,79,car,828,194,"[790, 161, 76, 66]"
365,139,car,344,293,"[298, 251, 93, 84]"
365,140,truck,172,271,"[114, 211, 117, 120]"
365,141,car,149,344,"[99, 300, 101, 89]"
365,18,car,961,301,"[908, 261, 106, 80]"
365,137,car,743,120,"[716, 98, 54, 44]"
365,172,car,376,378,"[320, 334, 113, 89]"
365,187,car,366,452,"[300, 399, 133, 106]"
365,218,car,812,88,"[789, 67, 47, 43]"
365,224,car,213,585,"[114, 512, 199, 147]"
365,225,truck,27,278,"[5, 217, 44, 123]"
365,17,bus,393,66,"[342, 9, 102, 115]"
365,273,car,654,78,"[633, 63, 42, 31]"
365,10,truck,486,74,"[444, 28, 85, 93]"
365,275,car,782,47,"[758, 25, 48, 45]"
365,253,car,233,222,"[195, 195, 77, 54]"
365,276,truck,392,67,"[341, 8, 103, 118]"
365,262,truck,1068,33,"[1036, 0, 64, 66]"
365,205,truck,959,86,"[925, 51, 69, 71]"
366,2,car,405,123,"[378, 95, 55, 57]"
366,15,car,1211,428,"[1142, 376, 138, 104]"
366,32,car,447,160,"[419, 138, 56, 44]"
366,16,car,1026,245,"[983, 211, 86, 69]"
366,79,car,828,194,"[790, 161, 76, 67]"
366,139,car,344,292,"[298, 251, 93, 83]"
366,140,truck,173,269,"[115, 210, 117, 119]"
366,141,car,150,343,"[99, 298, 102, 90]"
366,18,car,964,303,"[911, 263, 106, 80]"
366,137,car,740,120,"[714, 99, 53, 43]"
366,172,car,376,376,"[320, 332, 112, 89]"
366,187,car,365,449,"[299, 397, 132, 105]"
366,218,car,811,89,"[788, 68, 47, 42]"
366,224,car,211,582,"[114, 509, 194, 146]"
366,225,truck,27,277,"[4, 216, 46, 123]"
366,17,bus,394,65,"[343, 8, 102, 115]"
366,273,car,655,78,"[634, 63, 42, 31]"
366,10,truck,488,73,"[446, 27, 84, 93]"
366,253,car,235,221,"[197, 195, 76, 53]"
366,276,truck,394,66,"[343, 7, 103, 119]"
366,262,bus,1067,33,"[1035, 0, 64, 66]"
366,147,truck,888,104,"[856, 68, 64, 72]"
367,2,car,407,123,"[380, 95, 54, 57]"
367,15,car,1212,430,"[1144, 378, 136, 104]"
367,32,car,448,159,"[420, 138, 56, 43]"
367,16,car,1028,246,"[985, 212, 86, 69]"
367,79,car,828,195,"[791, 162, 75, 66]"
367,139,car,344,291,"[298, 249, 93, 84]"
367,140,truck,174,268,"[117, 210, 115, 117]"
367,141,car,150,341,"[99, 296, 102, 91]"
367,18,car,967,304,"[914, 264, 106, 81]"
367,137,car,739,121,"[713, 100, 52, 42]"
367,172,car,376,375,"[319, 330, 114, 91]"
367,187,car,363,447,"[298, 395, 131, 105]"
367,218,car,811,89,"[788, 68, 47, 43]"
367,224,car,207,580,"[111, 507, 193, 146]"
367,225,truck,27,277,"[4, 216, 47, 123]"
367,17,bus,395,65,"[345, 8, 101, 114]"
367,10,truck,488,73,"[447, 27, 82, 93]"
367,253,car,237,221,"[199, 194, 76, 54]"
367,276,truck,395,66,"[344, 7, 102, 118]"
367,262,truck,1068,33,"[1036, 0, 64, 66]"
367,279,bus,1068,33,"[1036, 0, 64, 66]"
367,147,truck,888,103,"[856, 67, 65, 73]"
367,275,car,783,47,"[759, 24, 49, 47]"
367,205,truck,959,87,"[924, 51, 70, 73]"
368,2,car,409,123,"[383, 95, 53, 56]"
368,15,car,1213,432,"[1147, 381, 133, 103]"
368,32,car,449,159,"[421, 137, 57, 44]"
368,16,car,1029,247,"[986, 213, 86, 68]"
368,79,car,829,196,"[791, 162, 76, 68]"
368,139,car,343,290,"[298, 249, 91, 82]"
368,140,truck,174,266,"[117, 208, 115, 117]"
368,141,car,150,339,"[100, 294, 101, 90]"
368,18,car,970,306,"[916, 265, 108, 82]"
368,137,car,741,121,"[714, 99, 54, 44]"
368,172,car,375,375,"[317, 328, 116, 94]"
368,187,car,361,445,"[297, 394, 129, 103]"
368,218,car,810,90,"[787, 69, 47, 43]"
368,224,car,204,576,"[110, 504, 188, 144]"
368,225,truck,28,275,"[4, 215, 48, 121]"
368,10,truck,493,73,"[452, 27, 83, 93]"
368,253,car,238,220,"[200, 193, 77, 55]"
368,262,truck,1068,33,"[1036, 0, 64, 67]"
368,147,truck,889,103,"[856, 66, 66, 75]"
368,280,car,335,702,"[259, 687, 153, 30]"
368,275,car,784,47,"[760, 24, 48, 46]"
368,205,truck,958,88,"[922, 51, 72, 74]"
368,267,car,735,121,"[718, 100, 34, 42]"
369,2,car,410,122,"[383, 94, 55, 57]"
369,15,car,1215,435,"[1151, 384, 129, 103]"
369,32,car,450,158,"[421, 135, 59, 46]"
369,16,car,1030,248,"[987, 214, 87, 68]"
369,79,car,829,196,"[791, 163, 77, 67]"
369,139,car,343,288,"[299, 249, 89, 79]"
369,140,truck,175,266,"[118, 208, 115, 117]"
369,141,car,151,337,"[102, 293, 99, 89]"
369,18,car,972,308,"[918, 267, 108, 82]"
369,137,car,738,121,"[712, 100, 52, 43]"
369,172,car,375,374,"[318, 328, 114, 92]"
369,187,car,359,443,"[296, 393, 127, 101]"
369,218,car,809,90,"[786, 69, 47, 43]"
369,224,car,202,573,"[109, 501, 186, 145]"
369,225,truck,28,274,"[5, 214, 47, 121]"
369,253,car,238,220,"[200, 193, 77, 54]"
369,262,truck,1067,33,"[1035, 1, 64, 65]"
369,147,car,889,104,"[856, 67, 66, 74]"
369,280,car,330,700,"[243, 683, 175, 34]"
369,275,car,785,47,"[761, 24, 48, 46]"
369,205,truck,958,88,"[922, 51, 72, 74]"
369,116,car,362,245,"[323, 214, 78, 62]"
369,17,truck,396,65,"[345, 7, 103, 117]"
370,2,car,412,122,"[384, 93, 56, 58]"
370,15,car,1216,439,"[1153, 386, 127, 106]"
370,32,car,451,157,"[422, 134, 59, 46]"
370,16,car,1034,249,"[991, 215, 86, 68]"
370,79,car,830,197,"[792, 163, 76, 68]"
370,139,car,344,287,"[300, 247, 89, 80]"
370,140,truck,176,266,"[119, 208, 114, 116]"
370,141,car,152,336,"[102, 292, 100, 89]"
370,18,car,974,309,"[921, 269, 107, 81]"
370,137,car,737,122,"[712, 101, 51, 42]"
370,172,car,375,373,"[319, 328, 112, 91]"
370,187,car,359,441,"[296, 391, 126, 100]"
370,218,car,808,91,"[785, 70, 47, 42]"
370,224,car,201,570,"[109, 498, 184, 144]"
370,225,truck,28,273,"[4, 213, 49, 120]"
370,253,car,239,219,"[201, 192, 76, 54]"
370,147,car,888,104,"[855, 67, 66, 74]"
370,280,car,327,697,"[224, 677, 206, 41]"
370,275,car,786,46,"[762, 24, 48, 45]"
370,205,truck,957,88,"[921, 52, 72, 73]"
370,281,bus,399,63,"[348, 5, 102, 116]"
370,116,car,360,244,"[322, 213, 77, 62]"
370,17,truck,398,64,"[347, 5, 103, 118]"
371,2,car,413,121,"[386, 93, 55, 57]"
371,15,car,1218,441,"[1157, 388, 123, 107]"
371,32,car,452,156,"[423, 133, 59, 46]"
371,16,car,1036,250,"[993, 216, 87, 68]"
371,79,car,831,197,"[793, 164, 76, 67]"
371,139,car,345,286,"[300, 246, 90, 80]"
371,140,truck,177,265,"[120, 207, 114, 117]"
371,141,car,152,336,"[102, 292, 100, 88]"
371,18,car,978,310,"[925, 271, 106, 79]"
371,137,car,735,122,"[710, 101, 50, 42]"
371,172,car,374,372,"[320, 327, 109, 90]"
371,187,car,358,439,"[295, 389, 126, 100]"
371,218,car,808,90,"[784, 69, 48, 43]"
371,224,car,200,566,"[110, 495, 181, 143]"
371,225,truck,28,272,"[4, 212, 49, 121]"
371,253,car,239,218,"[202, 191, 75, 54]"
371,147,car,888,104,"[855, 67, 66, 75]"
371,280,car,323,693,"[202, 669, 242, 49]"
371,275,car,787,46,"[764, 24, 47, 45]"
371,205,truck,957,88,"[921, 52, 72, 73]"
371,116,car,361,241,"[324, 211, 75, 61]"
371,17,truck,400,64,"[348, 5, 104, 118]"
372,2,car,414,121,"[387, 93, 55, 57]"
372,15,car,1220,444,"[1161, 390, 119, 109]"
372,32,car,453,155,"[424, 133, 59, 45]"
372,16,car,1037,252,"[994, 218, 87, 68]"
372,79,car,831,198,"[794, 165, 75, 66]"
372,139,car,345,284,"[301, 245, 88, 79]"
372,140,truck,178,264,"[121, 206, 114, 116]"
372,141,car,153,335,"[103, 291, 100, 89]"
372,18,car,982,312,"[928, 272, 108, 80]"
372,137,car,735,122,"[710, 101, 51, 43]"
372,172,car,374,369,"[321, 325, 106, 88]"
372,187,car,357,436,"[295, 387, 125, 99]"
372,218,car,807,91,"[784, 70, 47, 42]"
372,224,car,200,564,"[111, 493, 178, 142]"
372,225,truck,29,271,"[4, 211, 50, 121]"
372,253,car,240,217,"[203, 191, 75, 53]"
372,147,car,886,104,"[853, 66, 67, 76]"
372,280,car,322,692,"[197, 667, 251, 51]"
372,275,car,789,46,"[766, 24, 47, 44]"
372,205,truck,956,89,"[921, 53, 71, 73]"
372,116,car,361,240,"[324, 210, 75, 60]"
372,17,truck,401,64,"[350, 5, 103, 118]"
372,282,car,721,695,"[623, 673, 196, 45]"
373,2,car,416,121,"[389, 93, 54, 56]"
373,15,car,1222,447,"[1165, 392, 115, 110]"
373,32,car,454,155,"[425, 133, 59, 45]"
373,16,car,1039,252,"[995, 218, 88, 69]"
373,79,car,832,199,"[794, 166, 76, 67]"
373,139,car,345,283,"[301, 244, 89, 79]"
373,140,truck,178,263,"[121, 205, 114, 116]"
373,141,car,153,334,"[104, 290, 99, 88]"
373,18,car,984,314,"[930, 273, 109, 82]"
373,137,car,735,122,"[710, 101, 51, 43]"
373,172,car,372,366,"[321, 323, 103, 86]"
373,187,car,356,434,"[294, 385, 125, 99]"
373,218,car,807,91,"[783, 70, 48, 43]"
373,224,car,199,560,"[112, 490, 175, 141]"
373,225,truck,29,271,"[4, 211, 51, 120]"
373,253,car,241,216,"[204, 190, 75, 53]"
373,147,car,886,104,"[852, 66, 68, 77]"
373,280,car,318,690,"[190, 664, 256, 52]"
373,205,truck,956,90,"[920, 53, 73, 74]"
373,17,truck,402,64,"[351, 5, 103, 118]"
373,282,car,710,693,"[606, 669, 209, 48]"
373,284,bus,403,63,"[351, 4, 105, 118]"
374,2,car,417,120,"[391, 92, 53, 56]"
374,15,car,1225,450,"[1171, 395, 109, 111]"
374,32,car,456,155,"[427, 132, 58, 46]"
374,16,car,1041,253,"[998, 219, 87, 69]"
374,79,car,833,200,"[794, 167, 78, 67]"
374,139,car,345,282,"[301, 242, 89, 80]"
374,140,truck,179,262,"[123, 205, 112, 114]"
374,141,car,154,332,"[105, 289, 98, 87]"
374,18,car,987,315,"[932, 274, 111, 83]"
374,137,car,734,123,"[709, 102, 51, 43]"
374,172,car,372,364,"[321, 321, 103, 86]"
374,187,car,355,431,"[292, 381, 127, 101]"
374,218,car,807,92,"[783, 71, 48, 42]"
374,224,car,199,557,"[112, 487, 174, 141]"
374,225,truck,29,270,"[3, 210, 52, 121]"
374,253,car,242,215,"[204, 189, 76, 53]"
374,147,car,885,104,"[852, 66, 67, 77]"
374,280,car,314,688,"[181, 660, 267, 56]"
374,205,truck,956,90,"[919, 53, 74, 75]"
374,17,truck,403,64,"[352, 5, 103, 118]"
374,282,car,705,690,"[588, 663, 234, 54]"
374,284,bus,404,63,"[352, 5, 104, 116]"
375,2,car,418,120,"[392, 93, 53, 55]"
375,15,car,1227,454,"[1175, 398, 105, 112]"
375,32,car,458,154,"[429, 132, 58, 45]"
375,16,car,1043,254,"[1000, 220, 87, 69]"
375,79,car,834,202,"[795, 168, 78, 68]"
375,139,car,346,281,"[302, 242, 89, 79]"
375,140,truck,179,261,"[124, 205, 111, 112]"
375,141,car,154,332,"[105, 289, 98, 86]"
375,18,car,991,317,"[935, 275, 112, 85]"
375,137,car,733,124,"[708, 103, 50, 43]"
375,172,car,370,362,"[319, 319, 102, 86]"
375,187,car,354,429,"[292, 379, 125, 101]"
375,218,car,806,93,"[783, 72, 47, 42]"
375,224,car,197,555,"[112, 486, 171, 138]"
375,225,truck,29,269,"[3, 208, 53, 122]"
375,253,car,243,215,"[205, 188, 77, 54]"
375,147,car,885,104,"[852, 66, 67, 77]"
375,280,car,310,686,"[170, 656, 280, 60]"
375,205,bus,956,91,"[919, 53, 75, 76]"
375,282,car,698,687,"[573, 658, 250, 58]"
375,116,car,364,237,"[328, 208, 72, 58]"
376,2,car,420,119,"[393, 92, 54, 55]"
376,15,car,1230,456,"[1180, 400, 100, 113]"
376,32,car,458,154,"[430, 132, 57, 44]"
376,16,car,1045,255,"[1002, 221, 87, 69]"
376,79,car,834,203,"[795, 169, 78, 68]"
376,139,car,346,280,"[302, 240, 89, 80]"
376,140,truck,179,260,"[123, 203, 112, 114]"
376,141,car,154,330,"[105, 287, 98, 87]"
376,18,car,994,318,"[938, 276, 112, 85]"
376,137,car,732,126,"[708, 105, 49, 42]"
376,172,car,371,361,"[319, 318, 104, 87]"
376,187,car,352,427,"[290, 377, 125, 101]"
376,218,car,805,93,"[782, 73, 46, 41]"
376,224,car,197,553,"[112, 484, 170, 138]"
376,225,truck,29,268,"[2, 206, 55, 124]"
376,253,car,244,215,"[206, 188, 77, 54]"
376,147,car,886,105,"[852, 66, 68, 78]"
376,280,car,306,684,"[157, 652, 298, 64]"
376,205,bus,956,91,"[919, 54, 74, 75]"
376,282,car,691,685,"[555, 653, 272, 64]"
376,285,truck,956,91,"[919, 53, 75, 76]"
376,286,car,997,50,"[980, 33, 35, 34]"
376,116,car,365,236,"[329, 207, 73, 58]"
376,17,truck,406,63,"[355, 5, 102, 117]"
377,2,car,421,119,"[394, 91, 54, 56]"
377,15,car,1232,459,"[1185, 402, 95, 114]"
377,32,car,459,154,"[431, 132, 57, 44]"
377,16,car,1047,256,"[1004, 222, 87, 68]"
377,79,car,834,204,"[795, 170, 79, 68]"
377,139,car,346,280,"[302, 240, 89, 80]"
377,140,truck,179,258,"[122, 201, 114, 115]"
377,141,car,154,329,"[105, 285, 99, 88]"
377,18,car,997,320,"[941, 278, 112, 84]"
377,137,car,732,126,"[708, 105, 48, 42]"
377,172,car,370,360,"[318, 316, 105, 89]"
377,187,car,351,425,"[289, 375, 125, 101]"
377,218,car,804,93,"[781, 73, 46, 41]"
377,224,car,192,550,"[108, 481, 169, 138]"
377,225,truck,30,267,"[3, 205, 55, 124]"
377,253,car,246,214,"[208, 187, 77, 54]"
377,280,car,302,682,"[150, 648, 304, 68]"
377,205,truck,956,91,"[918, 53, 76, 77]"
377,282,car,684,683,"[539, 648, 291, 70]"
377,285,bus,956,90,"[918, 51, 77, 79]"
377,116,car,366,235,"[330, 207, 72, 57]"
377,17,truck,407,63,"[356, 5, 102, 117]"
378,2,car,420,119,"[394, 92, 53, 54]"
378,15,car,1235,461,"[1191, 405, 89, 113]"
378,32,car,460,153,"[432, 131, 57, 44]"
378,16,car,1049,258,"[1005, 223, 89, 70]"
378,79,car,835,204,"[796, 170, 79, 69]"
378,139,car,347,279,"[303, 239, 88, 80]"
378,140,truck,178,258,"[121, 200, 115, 116]"
378,141,car,154,328,"[105, 285, 98, 86]"
378,18,car,999,321,"[943, 279, 113, 84]"
378,137,car,731,126,"[707, 105, 49, 42]"
378,172,car,368,359,"[317, 315, 103, 88]"
378,187,car,350,424,"[288, 374, 124, 100]"
378,218,car,803,93,"[780, 73, 46, 41]"
378,224,car,189,547,"[106, 480, 166, 135]"
378,225,truck,31,266,"[3, 204, 56, 124]"
378,253,car,247,213,"[209, 186, 77, 54]"
378,280,car,298,680,"[141, 644, 315, 72]"
378,205,truck,955,92,"[918, 54, 75, 76]"
378,282,car,678,680,"[524, 642, 308, 76]"
378,116,car,366,234,"[331, 206, 71, 57]"
378,17,truck,408,63,"[357, 5, 102, 116]"
378,147,truck,886,104,"[852, 64, 68, 80]"
379,2,car,421,118,"[394, 90, 54, 56]"
379,15,car,1239,466,"[1198, 410, 82, 112]"
379,32,car,461,152,"[432, 130, 58, 45]"
379,16,car,1051,259,"[1007, 224, 89, 70]"
379,79,car,836,205,"[797, 171, 79, 68]"
379,139,car,346,278,"[303, 239, 87, 79]"
379,140,truck,178,257,"[121, 199, 115, 117]"
379,141,car,154,326,"[105, 284, 98, 85]"
379,18,car,1003,323,"[947, 281, 112, 84]"
379,137,car,730,127,"[706, 106, 49, 42]"
379,172,car,367,357,"[315, 313, 105, 89]"
379,187,car,348,422,"[287, 372, 123, 100]"
379,218,car,802,94,"[779, 73, 46, 42]"
379,224,car,187,545,"[104, 477, 166, 136]"
379,225,truck,31,265,"[3, 203, 56, 124]"
379,253,car,249,212,"[210, 185, 78, 55]"
379,280,car,294,678,"[133, 640, 323, 77]"
379,205,truck,954,92,"[917, 53, 75, 78]"
379,282,car,672,677,"[515, 638, 315, 79]"
379,116,car,367,233,"[332, 205, 71, 57]"
379,17,truck,409,63,"[358, 5, 102, 116]"
379,147,car,886,104,"[852, 64, 69, 81]"
380,2,car,421,118,"[395, 90, 53, 56]"
380,15,car,1242,468,"[1204, 412, 76, 113]"
380,32,car,462,152,"[433, 130, 58, 44]"
380,16,car,1052,259,"[1008, 225, 89, 69]"
380,79,car,837,206,"[798, 172, 78, 68]"
380,139,car,346,277,"[302, 238, 88, 79]"
380,140,truck,179,257,"[121, 199, 116, 116]"
380,141,car,154,324,"[105, 281, 98, 87]"
380,18,car,1006,324,"[951, 283, 111, 83]"
380,137,car,730,127,"[705, 106, 50, 43]"
380,172,car,367,356,"[315, 312, 104, 88]"
380,187,car,346,420,"[285, 371, 123, 99]"
380,218,car,800,94,"[777, 74, 47, 41]"
380,224,car,187,541,"[105, 473, 165, 136]"
380,225,truck,31,264,"[3, 202, 57, 124]"
380,253,car,249,212,"[211, 185, 77, 55]"
380,280,car,291,677,"[127, 636, 329, 82]"
380,205,truck,954,92,"[917, 55, 74, 75]"
380,282,car,666,675,"[503, 633, 327, 85]"
380,116,car,369,232,"[334, 205, 70, 55]"
380,17,truck,410,63,"[360, 5, 101, 116]"
380,147,car,886,105,"[852, 64, 69, 82]"
381,2,car,422,118,"[396, 91, 52, 54]"
381,15,car,1245,471,"[1210, 415, 70, 112]"
381,32,car,462,151,"[433, 129, 58, 45]"
381,16,car,1053,260,"[1008, 225, 90, 70]"
381,79,car,837,206,"[798, 173, 79, 67]"
381,139,car,346,276,"[303, 237, 86, 79]"
381,140,truck,179,256,"[123, 199, 113, 115]"
381,141,car,154,323,"[105, 280, 98, 86]"
381,18,car,1010,326,"[954, 284, 112, 84]"
381,137,car,729,128,"[704, 107, 50, 43]"
381,172,car,367,352,"[317, 310, 100, 84]"
381,187,car,345,417,"[284, 368, 122, 99]"
381,218,car,799,94,"[776, 74, 47, 41]"
381,224,car,185,538,"[103, 470, 165, 137]"
381,225,truck,32,263,"[3, 201, 58, 124]"
381,253,car,251,211,"[213, 184, 76, 55]"
381,280,car,288,675,"[119, 632, 338, 87]"
381,205,truck,953,92,"[915, 53, 77, 78]"
381,282,car,661,673,"[490, 627, 342, 92]"
381,116,car,369,231,"[335, 204, 69, 55]"
381,17,truck,411,62,"[361, 4, 101, 117]"
381,147,truck,886,105,"[851, 64, 70, 82]"
382,2,car,423,117,"[398, 91, 51, 53]"
382,32,car,463,150,"[434, 128, 58, 45]"
382,16,car,1055,260,"[1010, 225, 90, 70]"
382,79,car,838,207,"[799, 173, 79, 68]"
382,139,car,346,274,"[304, 236, 85, 77]"
382,140,truck,180,255,"[123, 198, 114, 115]"
382,141,car,155,322,"[106, 279, 98, 86]"
382,18,car,1013,328,"[957, 286, 113, 84]"
382,137,car,728,128,"[703, 107, 50, 43]"
382,172,car,366,350,"[318, 309, 97, 82]"
382,187,car,344,415,"[284, 366, 120, 98]"
382,218,car,798,94,"[775, 74, 47, 41]"
382,224,car,185,536,"[103, 468, 164, 137]"
382,225,truck,32,262,"[3, 200, 58, 124]"
382,253,car,252,210,"[215, 184, 75, 53]"
382,280,car,285,672,"[112, 626, 346, 93]"
382,205,truck,953,92,"[916, 53, 75, 78]"
382,282,car,654,670,"[479, 621, 351, 98]"
382,116,car,370,231,"[336, 204, 68, 55]"
382,17,truck,412,63,"[362, 5, 100, 116]"
382,147,truck,885,105,"[851, 64, 69, 82]"
382,287,car,885,105,"[852, 64, 67, 82]"
382,288,car,846,70,"[825, 52, 42, 37]"
